Date,GLD_BnH,GLD_Strategy,GLD_Position
2021-01-04,,0.0,0.0
2021-01-05,0.0029616260665272787,0.0,0.0
2021-01-06,-0.01624105266038789,0.0,0.0
2021-01-07,-0.00233462025122122,0.0,0.0
2021-01-08,-0.03420993723985433,0.0,0.0
2021-01-11,-0.0019614419353504164,0.0,0.0
2021-01-12,0.006473960214956609,0.0,0.0
2021-01-13,-0.004307374345463466,0.0,0.0
2021-01-14,-0.0005190998467168306,0.0,0.0
2021-01-15,-0.012407628760563338,0.0,0.0
2021-01-19,0.00847307255811236,0.0,0.0
2021-01-20,0.016282289539807593,0.0,0.0
2021-01-21,-0.0006271772092728556,0.0,0.0
2021-01-22,-0.007873145210082533,0.0,0.0
2021-01-25,0.0008626173693986328,0.0,0.0
2021-01-26,-0.0024705999829396363,0.0,0.0
2021-01-27,-0.006335623059913753,0.0,0.0
2021-01-28,0.0009273614616172043,0.0,0.0
2021-01-29,-0.0004053281700162614,0.0,0.0
2021-02-01,0.009385291185094458,0.0,0.0
2021-02-02,-0.012167796413785958,0.0,0.0
2021-02-03,-0.0015106298641213156,0.0,0.0
2021-02-04,-0.021530474690833024,0.0,0.0
2021-02-05,0.009872160109213546,0.0,0.0
2021-02-08,0.010070118005137685,0.0,0.0
2021-02-09,0.0032649110578624185,0.0,0.0
2021-02-10,0.0036611162023989507,0.0,0.0
2021-02-11,-0.008685078696598514,0.0,0.0
2021-02-12,-0.0030372306060941767,0.0,0.0
2021-02-16,-0.014353488272303538,0.0,0.0
2021-02-17,-0.011352850687983307,0.0,0.0
2021-02-18,-6.0088418961767864e-05,0.0,0.0
2021-02-19,0.004148551901348441,0.0,0.0
2021-02-22,0.014969164015496528,0.0,0.0
2021-02-23,-0.0023007456922117253,0.0,0.0
2021-02-24,-0.0007095264939214196,0.0,0.0
2021-02-25,-0.018816524708764826,0.0,0.0
2021-02-26,-0.024182906697045592,0.0,0.0
2021-03-01,-0.0017304170540851649,0.0,0.0
2021-03-02,0.005447934683729505,0.0,0.0
2021-03-03,-0.011021541189334294,0.0,0.0
2021-03-04,-0.009836893780889033,0.0,0.0
2021-03-05,0.0006288110395962221,0.0,0.0
2021-03-08,-0.010368190918767173,0.0,0.0
2021-03-09,0.02127113294736649,0.0,0.0
2021-03-10,0.005098279923459348,0.0,0.0
2021-03-11,-0.000866011298261804,0.0,0.0
2021-03-12,-0.00018572795011984056,0.0,0.0
2021-03-15,0.004396503999798185,0.0,0.0
2021-03-16,0.0009248406787658592,0.0,0.0
2021-03-17,0.00714498527693741,0.0,0.0
2021-03-18,-0.005810023730399405,0.0,0.0
2021-03-19,0.004183119739068708,0.0,0.0
2021-03-22,-0.0014702614866924923,0.0,0.0
2021-03-23,-0.007300628474884996,0.0,0.0
2021-03-24,0.0034608341081703298,0.0,0.0
2021-03-25,-0.003633653726877295,0.0,0.0
2021-03-26,0.0028434090575977233,0.0,0.0
2021-03-29,-0.011896005111092234,0.0,0.0
2021-03-30,-0.017091823816998808,0.0,0.0
2021-03-31,0.015167857324082767,0.0,0.0
2021-04-01,0.012628087827510459,0.0,0.0
2021-04-05,-0.0003704010382533651,0.0,0.0
2021-04-06,0.00802867506459215,0.0,0.0
2021-04-07,-0.002818323186048577,0.0,0.0
2021-04-08,0.01075202788807239,0.0,0.0
2021-04-09,-0.00753747660190629,0.0,0.0
2021-04-12,-0.006063609158189043,0.0,0.0
2021-04-13,0.007086479573175097,0.0,0.0
2021-04-14,-0.004344315528953313,0.0,0.0
2021-04-15,0.016162763416190717,0.0,0.0
2021-04-16,0.006047777218550321,0.0,0.0
2021-04-19,-0.0027652942409929215,0.0,0.0
2021-04-20,0.0035565515706876827,0.0,0.0
2021-04-21,0.009911155680072392,0.0,0.0
2021-04-22,-0.006483147356353358,0.0,0.0
2021-04-23,-0.003831414124593202,-0.0009992504996874777,1.0
2021-04-26,0.002644245538133694,0.002644245538133743,1.0
2021-04-27,-0.002517371003141977,-0.0025173710031419125,1.0
2021-04-28,0.002944390689552989,0.0029443906895529268,1.0
2021-04-29,-0.004133978948338446,-0.0041339789483384164,1.0
2021-04-30,-0.0033690142851713345,-0.0033690142851714286,1.0
2021-05-03,0.012978352341882271,0.01297835234188243,1.0
2021-05-04,-0.007329692780131181,-0.007329692780131189,1.0
2021-05-05,0.004142168530566259,0.00414216853056616,1.0
2021-05-06,0.01667957921247054,0.016679579212470503,1.0
2021-05-07,0.00899681760120985,0.008996817601210023,1.0
2021-05-10,0.0030305045955998366,0.0030305045955997785,1.0
2021-05-11,0.000174300035968189,0.00017430003596832815,1.0
2021-05-12,-0.009933813872024522,-0.009933813872024612,1.0
2021-05-13,0.004107329913244362,0.004107329913244393,1.0
2021-05-14,0.009115862292308208,0.009115862292308118,1.0
2021-05-17,0.011639321781340195,0.01163932178134011,1.0
2021-05-18,0.001946172546249958,0.0019461725462500865,1.0
2021-05-19,0.000685616890880425,0.0006856168908802936,1.0
2021-05-20,0.004567270124640199,0.004567270124640126,1.0
2021-05-21,0.0004545724551812125,0.0004545724551813224,1.0
2021-05-24,0.001761036294059215,0.0017610362940590713,1.0
2021-05-25,0.009072814229376336,0.009072814229376273,1.0
2021-05-26,-0.0017420486873281904,-0.0017420486873282398,1.0
2021-05-27,0.00039409662496781017,0.00039409662496783646,1.0
2021-05-28,0.003770176937892389,0.0037701769378923698,1.0
2021-06-01,-0.0026909461441234628,-0.00269094614412353,1.0
2021-06-02,0.004890446350902078,0.004890446350902172,1.0
2021-06-03,-0.019578228541437537,-0.0195782285414376,1.0
2021-06-04,0.010783359066451448,0.010783359066451509,1.0
2021-06-07,0.0040076283608136976,0.004007628360813711,1.0
2021-06-08,-0.0030920774052216604,-0.0030920774052217033,1.0
2021-06-09,-0.0019175027218333307,-0.0019175027218332902,1.0
2021-06-10,0.004294325821970535,0.0042943258219704855,1.0
2021-06-11,-0.011252390785353672,-0.011252390785353701,1.0
2021-06-14,-0.005860923791407013,-0.005860923791406913,1.0
2021-06-15,-0.0037777095572453234,-0.0037777095572453716,1.0
2021-06-16,-0.016891711518855712,-0.016891711518855747,1.0
2021-06-17,-0.030740427140865334,-0.030740427140865372,1.0
2021-06-18,-0.005547261946798776,-0.005547261946798779,1.0
2021-06-21,0.012247646651096789,0.012247646651096775,1.0
2021-06-22,-0.0041928539145718036,-0.004192853914571812,1.0
2021-06-23,-0.0006616578066259704,-0.0006616578066259197,1.0
2021-06-24,-0.0006019387497473438,-0.0006019387497472749,1.0
2021-06-25,0.0033124733437563947,0.0023094116985311547,0.0
2021-06-28,-5.999463986816611e-05,0.0,0.0
2021-06-29,-0.010505462725200698,0.0,0.0
2021-06-30,0.004853503869870712,0.0,0.0
2021-07-01,0.0034413575356286863,0.0,0.0
2021-07-02,0.006558341503640763,0.0,0.0
2021-07-06,0.004961455343207799,0.0,0.0
2021-07-07,0.003806801143447114,0.0,0.0
2021-07-08,-0.0006518168637834609,0.0,0.0
2021-07-09,0.003320562334123478,0.0,0.0
2021-07-12,-0.001241101031467462,0.0,0.0
2021-07-13,0.001301782371024407,0.0,0.0
2021-07-14,0.010755182911599048,-0.0009992504996876681,1.0
2021-07-15,0.00017547964957964624,0.0001754796495795869,1.0
2021-07-16,-0.00970365108457183,-0.009703651084571826,1.0
2021-07-19,0.0011805498135817327,0.00118054981358168,1.0
2021-07-20,-0.001297100524211059,-0.0012971005242109648,1.0
2021-07-21,-0.0037192566567244567,-0.0037192566567245664,1.0
2021-07-22,0.001955450591350383,0.0019554505913504353,1.0
2021-07-23,-0.0031344183025339145,-0.003134418302533835,1.0
2021-07-26,-0.0023730060647713103,-0.002373006064771278,1.0
2021-07-27,0.0016650735799190741,0.0016650735799190715,1.0
2021-07-28,0.005046252863966982,0.005046252863967064,1.0
2021-07-29,0.011105233370970247,0.01009438091390776,0.0
2021-07-30,-0.007886842666167015,0.0,0.0
2021-08-02,-0.0012366429443513294,0.0,0.0
2021-08-03,-0.0007074766626713469,0.0,0.0
2021-08-04,0.0002359625041987723,0.0,0.0
2021-08-05,-0.0039520921003340925,0.0,0.0
2021-08-06,-0.024991124040327772,-0.0009992504996876488,1.0
2021-08-09,-0.017735654639032372,-0.017735654639032355,1.0
2021-08-10,0.00030919522248562537,0.0003091952224855952,1.0
2021-08-11,0.01378497662510525,0.013784976625105335,1.0
2021-08-12,0.0002438615008097944,0.0002438615008097854,1.0
2021-08-13,0.014325811995228088,0.014325811995228109,1.0
2021-08-16,0.004988291568599701,0.003983554524103944,0.0
2021-08-17,-0.0014950364679763295,0.0,0.0
2021-08-18,0.0007786122169375354,0.0,0.0
2021-08-19,-0.002932408589264246,0.0,0.0
2021-08-20,0.0005401616803368814,0.0,0.0
2021-08-23,0.012177557387281546,0.0,0.0
2021-08-24,-0.00047414113127741686,0.0,0.0
2021-08-25,-0.006937433805443538,0.0,0.0
2021-08-26,0.0011344784228162208,-0.0009992504996876948,1.0
2021-08-27,0.015029547921398434,0.015029547921398406,1.0
2021-08-30,-0.0049356385559711224,-0.004935638555971097,1.0
2021-08-31,0.0020076547129428413,0.0020076547129427814,1.0
2021-09-01,5.8898619200498104e-05,5.889861920053468e-05,1.0
2021-09-02,-0.0026517204262498373,-0.0026517204262498286,1.0
2021-09-03,0.01069422486613747,0.010694224866137492,1.0
2021-09-07,-0.01958371853465668,-0.019583718534656742,1.0
2021-09-08,-0.0025044029033459703,-0.002504402903345992,1.0
2021-09-09,0.004423489287242344,0.004423489287242424,1.0
2021-09-10,-0.005058656845151166,-0.005058656845151075,1.0
2021-09-13,0.0033497597913456634,0.0033497597913457037,1.0
2021-09-14,0.006438546534438316,0.0064385465344384725,1.0
2021-09-15,-0.005864266379652205,-0.005864266379652362,1.0
2021-09-16,-0.02264197706190263,-0.022641977061902505,1.0
2021-09-17,-0.0015850424237688898,-0.001585042423768923,1.0
2021-09-20,0.0071441542310690664,0.007144154231069195,1.0
2021-09-21,0.006669036185550814,0.005662618816624338,0.0
2021-09-22,-0.0037340107339023376,0.0,0.0
2021-09-23,-0.011546389089901132,0.0,0.0
2021-09-24,-0.00128427290155253,0.0,0.0
2021-09-27,0.00208203509820426,0.0,0.0
2021-09-28,-0.009716428402719801,0.0,0.0
2021-09-29,-0.004504756024632184,0.0,0.0
2021-09-30,0.01797665363761114,0.0,0.0
2021-10-01,0.0022530453929923144,0.0,0.0
2021-10-04,0.0046783175745395145,0.0,0.0
2021-10-05,-0.004656532835140448,0.0,0.0
2021-10-06,0.0026733243283083574,0.0,0.0
2021-10-07,-0.005271739220885419,0.0,0.0
2021-10-08,0.00042636491147840516,0.0,0.0
2021-10-11,-0.0018875818465466931,0.0,0.0
2021-10-12,0.004514430828637339,0.0,0.0
2021-10-13,0.017794197805277356,0.0,0.0
2021-10-14,0.0024464685904206362,0.0,0.0
2021-10-15,-0.015892846243722114,0.0,0.0
2021-10-18,-0.0024799108302698825,0.0,0.0
2021-10-19,0.003213671993580469,0.0,0.0
2021-10-20,0.008763958748792211,0.0,0.0
2021-10-21,-0.0008987052245035265,0.0,0.0
2021-10-22,0.006116967151190034,0.0,0.0
2021-10-25,0.006914158513320778,0.0,0.0
2021-10-26,-0.00739951491266011,0.0,0.0
2021-10-27,0.002624060476058121,0.0,0.0
2021-10-28,-0.00023788536339730548,-0.0009992504996873984,1.0
2021-10-29,-0.008507900517562339,-0.008507900517562344,1.0
2021-11-01,0.005220584505493342,0.005220584505493368,1.0
2021-11-02,-0.0021490007233168074,-0.0021490007233168546,1.0
2021-11-03,-0.008315382622616663,-0.008315382622616573,1.0
2021-11-04,0.011340951773961994,0.011340951773961836,1.0
2021-11-05,0.0130629437586407,0.013062943758640765,1.0
2021-11-08,0.003591619309376348,0.0035916193093763525,1.0
2021-11-09,0.0049281100201232775,0.0049281100201233495,1.0
2021-11-10,0.010858781500706183,0.010858781500706256,1.0
2021-11-11,0.005602086369596027,0.005602086369595929,1.0
2021-11-12,0.0018952552280546708,0.0018952552280545657,1.0
2021-11-15,-0.0015477459282561279,-0.0015477459282561112,1.0
2021-11-16,-0.007233864736584827,-0.007233864736584842,1.0
2021-11-17,0.009137183945092442,0.009137183945092378,1.0
2021-11-18,-0.0032091550635745536,-0.003209155063574552,1.0
2021-11-19,-0.007646325240812324,-0.007646325240812283,1.0
2021-11-22,-0.022420457120115533,-0.022420457120115492,1.0
2021-11-23,-0.008652404091134991,-0.008652404091134946,1.0
2021-11-24,-0.0009565020521100642,-0.0009565020521101897,1.0
2021-11-26,-0.001615539860939763,-0.001615539860939676,1.0
2021-11-29,-0.0013785494630753625,-0.001378549463075361,1.0
2021-11-30,-0.006721853018899604,-0.006721853018899691,1.0
2021-12-01,0.003987937535404162,0.003987937535404197,1.0
2021-12-02,-0.005536820827328315,-0.005536820827328339,1.0
2021-12-03,0.008412002804647267,0.008412002804647272,1.0
2021-12-06,-0.002460563224478851,-0.002460563224478845,1.0
2021-12-07,0.003549490636251651,0.002546192032988274,0.0
2021-12-08,0.0005395140531609943,0.0,0.0
2021-12-09,-0.006111378376110088,0.0,0.0
2021-12-10,0.004219899491422874,0.0,0.0
2021-12-13,0.00252130006200435,0.0,0.0
2021-12-14,-0.009341302746070368,0.0,0.0
2021-12-15,0.004291534360497673,0.0,0.0
2021-12-16,0.012097561477355745,0.0,0.0
2021-12-17,-0.002140821851282393,0.0,0.0
2021-12-20,-0.0042312675861405635,0.0,0.0
2021-12-21,-0.0004188884251822289,0.0,0.0
2021-12-22,0.009400024100517657,0.0,0.0
2021-12-23,0.0022540179789249937,-0.0009992504996873988,1.0
2021-12-27,0.002367247994286892,0.0023672479942868996,1.0
2021-12-28,-0.004310065233419702,-0.004310065233419803,1.0
2021-12-29,-0.0002965076609273698,-0.0002965076609272766,1.0
2021-12-30,0.0071772153754725565,0.007177215375472641,1.0
2021-12-31,0.00683158799329231,0.006831587993292289,1.0
2022-01-03,-0.015383743445999576,-0.015383743445999685,1.0
2022-01-04,0.007366515057776857,0.007366515057776919,1.0
2022-01-05,-0.00300766493835114,-0.0030076649383512007,1.0
2022-01-06,-0.012244126909514819,-0.01224412690951478,1.0
2022-01-07,0.004551137683908024,0.004551137683907998,1.0
2022-01-10,0.0030402057039400354,0.003040205703939991,1.0
2022-01-11,0.0120646549718888,0.012064654971888735,1.0
2022-01-12,0.002642622730480104,0.0026426227304801224,1.0
2022-01-13,-0.0033969884760131075,-0.003396988476013098,1.0
2022-01-14,-0.0028796749096049457,-0.0028796749096048945,1.0
2022-01-18,-0.001650255097062403,-0.0016502550970624596,1.0
2022-01-19,0.015880526897095182,0.015880526897095244,1.0
2022-01-20,-0.0024988838330701757,-0.002498883833070189,1.0
2022-01-21,-0.0032624385581478954,-0.003262438558148005,1.0
2022-01-24,0.005494198734739664,0.005494198734739764,1.0
2022-01-25,0.0031971345443269072,0.003197134544326847,1.0
2022-01-26,-0.016166464916677392,-0.016166464916677375,1.0
2022-01-27,-0.012898211138547944,-0.012898211138548008,1.0
2022-01-28,-0.0029832934474428585,-0.0029832934474428117,1.0
2022-01-31,0.005924537392067553,0.00592453739206756,1.0
2022-02-01,0.0008328835308379912,0.000832883530837948,1.0
2022-02-02,0.0036259919505645666,0.0036259919505645328,1.0
2022-02-03,-0.0014214062993387344,-0.0014214062993388038,1.0
2022-02-04,0.0015420788696549614,0.0015420788696550818,1.0
2022-02-07,0.007402581993851909,0.00740258199385182,1.0
2022-02-08,0.003056870675416823,0.002054064568959188,0.0
2022-02-09,0.0033991784238243117,0.0,0.0
2022-02-10,-0.0037965605384254753,0.0,0.0
2022-02-11,0.019054878321533186,0.0,0.0
2022-02-14,0.005350715998122091,-0.0009992504996877048,1.0
2022-02-15,-0.009499848975192515,-0.009499848975192546,1.0
2022-02-16,0.010284254451501385,0.010284254451501232,1.0
2022-02-17,0.013668073780773726,0.013668073780773836,1.0
2022-02-18,-0.0007334549100845855,-0.0007334549100846871,1.0
2022-02-22,0.0020890378623359407,0.002089037862335989,1.0
2022-02-23,0.0045072272703239324,0.004507227270323987,1.0
2022-02-24,-0.006450131470019049,-0.006450131470019086,1.0
2022-02-25,-0.003330678220184624,-0.003330678220184599,1.0
2022-02-28,0.010365345791119474,0.010365345791119548,1.0
2022-03-01,0.018163415997793697,0.018163415997793742,1.0
2022-03-02,-0.010406339832951472,-0.010406339832951469,1.0
2022-03-03,0.005953415398956663,0.005953415398956736,1.0
2022-03-04,0.015929145881701023,0.015929145881700947,1.0
2022-03-07,0.014862865283030269,0.014862865283030328,1.0
2022-03-08,0.027358997610294145,0.02735899761029409,1.0
2022-03-09,-0.029711176156992036,-0.029711176156992026,1.0
2022-03-10,0.0031212277978962533,0.003121227797896166,1.0
2022-03-11,-0.007027884128157469,-0.0070278841281575495,1.0
2022-03-14,-0.015073711931138378,-0.015073711931138347,1.0
2022-03-15,-0.01870545038411886,-0.018705450384118798,1.0
2022-03-16,0.006260803404375848,0.006260803404375811,1.0
2022-03-17,0.004888644573449508,0.004888644573449347,1.0
2022-03-18,-0.008789852082788041,-0.008789852082788003,1.0
2022-03-21,0.007640798069546317,0.007640798069546203,1.0
2022-03-22,-0.007250775291250955,-0.00725077529125094,1.0
2022-03-23,0.013659661796972422,0.013659661796972455,1.0
2022-03-24,0.007260367097212672,0.007260367097212841,1.0
2022-03-25,-0.004095451209537915,-0.0040954512095379494,1.0
2022-03-28,-0.018203790082975457,-0.018203790082975412,1.0
2022-03-29,0.00044678784846130526,0.0004467878484613291,1.0
2022-03-30,0.008038419372069505,0.008038419372069408,1.0
2022-03-31,0.000387595883929448,0.00038759588392937085,1.0
2022-04-01,-0.006365867342034592,-0.007359253066159202,0.0
2022-04-04,0.004846769455083555,0.0,0.0
2022-04-05,-0.006264842571455875,0.0,0.0
2022-04-06,0.002343216670796844,0.0,0.0
2022-04-07,0.003784886240234764,0.0,0.0
2022-04-08,0.006265969312183373,0.0,0.0
2022-04-11,0.004959463770487282,0.0,0.0
2022-04-12,0.007676751619003053,0.0,0.0
2022-04-13,0.004788537865617837,0.0,0.0
2022-04-14,-0.003303550666205468,0.0,0.0
2022-04-18,0.0030971927027434454,0.0,0.0
2022-04-19,-0.015112904376299419,0.0,0.0
2022-04-20,0.004894947496407287,0.0,0.0
2022-04-21,-0.0035576001936850066,0.0,0.0
2022-04-22,-0.0097220932450649,0.0,0.0
2022-04-25,-0.017970993150090764,0.0,0.0
2022-04-26,0.001525017044941901,0.0,0.0
2022-04-27,-0.00755702425744631,0.0,0.0
2022-04-28,0.005398323510093839,0.0,0.0
2022-04-29,-0.00011297696546286318,0.0,0.0
2022-05-02,-0.018540493535693647,0.0,0.0
2022-05-03,0.00264926246698316,0.0,0.0
2022-05-04,0.009822544372671826,0.0,0.0
2022-05-05,-0.003811138551277793,0.0,0.0
2022-05-06,0.0016558743678838361,0.0,0.0
2022-05-09,-0.014479496708730832,0.0,0.0
2022-05-10,-0.008445202872691127,0.0,0.0
2022-05-11,0.008167128516088473,0.0,0.0
2022-05-12,-0.015333925720196762,0.0,0.0
2022-05-13,-0.00810956630229509,0.0,0.0
2022-05-16,0.009538483763206873,0.0,0.0
2022-05-17,-0.006279296383541522,0.0,0.0
2022-05-18,0.0005314848929158789,0.0,0.0
2022-05-19,0.014697234801531733,0.0,0.0
2022-05-20,0.0006980112537449124,0.0,0.0
2022-05-23,0.004650369455528214,0.0,0.0
2022-05-24,0.007521859850632806,0.0,0.0
2022-05-25,-0.006029994959596108,0.0,0.0
2022-05-26,-0.0018488983177334939,0.0,0.0
2022-05-27,0.00052102106703944,0.0,0.0
2022-05-31,-0.009893009276743081,0.0,0.0
2022-06-01,0.006369033199590923,0.0,0.0
2022-06-02,0.012309182073779512,0.0,0.0
2022-06-03,-0.010152017266979896,0.0,0.0
2022-06-06,-0.0044037229040009285,0.0,0.0
2022-06-07,0.006518420844169315,0.0,0.0
2022-06-08,-0.0009251975242893229,0.0,0.0
2022-06-09,-0.0031832564859568535,0.0,0.0
2022-06-10,0.013412283666592417,0.0,0.0
2022-06-13,-0.026412288230091452,0.0,0.0
2022-06-14,-0.008003209616781914,0.0,0.0
2022-06-15,0.013050939388113303,0.0,0.0
2022-06-16,0.011243181594596585,0.0,0.0
2022-06-17,-0.008222816311715064,0.0,0.0
2022-06-21,-0.0037367862070599722,0.0,0.0
2022-06-22,0.003985188163408093,0.0,0.0
2022-06-23,-0.006129257292171064,0.0,0.0
2022-06-24,-0.0009984622015154487,0.0,0.0
2022-06-27,-0.0011170700540719114,0.0,0.0
2022-06-28,-0.0016480211262837052,0.0,0.0
2022-06-29,-0.0007663579045243951,0.0,0.0
2022-06-30,-0.006077047294322124,0.0,0.0
2022-07-01,-0.0008310541616338707,0.0,0.0
2022-07-05,-0.02120964335120412,0.0,0.0
2022-07-06,-0.015842188833696924,0.0,0.0
2022-07-07,0.000555053276362516,0.0,0.0
2022-07-08,0.0004315313201161963,0.0,0.0
2022-07-11,-0.005360507452973451,0.0,0.0
2022-07-12,-0.0037167247224720867,0.0,0.0
2022-07-13,0.004787690503602615,0.0,0.0
2022-07-14,-0.014047055610919013,0.0,0.0
2022-07-15,-0.0020084561635671516,0.0,0.0
2022-07-18,0.0009433945063559435,0.0,0.0
2022-07-19,0.0023874693093759447,0.0,0.0
2022-07-20,-0.009402031234323593,0.0,0.0
2022-07-21,0.014110421925231709,0.0,0.0
2022-07-22,0.00249575020790771,0.0,0.0
2022-07-25,-0.0027385476219622396,0.0,0.0
2022-07-26,-0.0011858106875901608,0.0,0.0
2022-07-27,0.010184984698782484,0.0,0.0
2022-07-28,0.012185323455280006,0.0,0.0
2022-07-29,0.0028110896821249565,0.0,0.0
2022-08-01,0.0056672312077465925,0.0,0.0
2022-08-02,-0.005938288400823777,-0.0009992504996873591,1.0
2022-08-03,0.002438243761313297,0.0024382437613133003,1.0
2022-08-04,0.016539989487255546,0.01653998948725539,1.0
2022-08-05,-0.011246066300201418,-0.011246066300201345,1.0
2022-08-08,0.008470017618367853,0.008470017618367834,1.0
2022-08-09,0.0030595386607856767,0.0030595386607856034,1.0
2022-08-10,-0.0025119508170524663,-0.002511950817052526,1.0
2022-08-11,-0.0026382206776995876,-0.0026382206776994735,1.0
2022-08-12,0.00919802099904432,0.00919802099904433,1.0
2022-08-15,-0.012867030834262327,-0.012867030834262327,1.0
2022-08-16,-0.001750096754401964,-0.0017500967544020931,1.0
2022-08-17,-0.006468335614034371,-0.006468335614034297,1.0
2022-08-18,-0.0026164156896926194,-0.0026164156896926385,1.0
2022-08-19,-0.007320625681104476,-0.0073206256811044175,1.0
2022-08-22,-0.006637179344595956,-0.006637179344596098,1.0
2022-08-23,0.0069908740848763085,0.006990874084876203,1.0
2022-08-24,0.0029489200401788818,0.0029489200401789533,1.0
2022-08-25,0.003062787136294043,0.0020599751148545798,0.0
2022-08-26,-0.012152705301765265,0.0,0.0
2022-08-29,0.0006182375550920494,0.0,0.0
2022-08-30,-0.008340578885610683,0.0,0.0
2022-08-31,-0.007725314789180926,0.0,0.0
2022-09-01,-0.008790162100319021,0.0,0.0
2022-09-02,0.008804709144487166,0.0,0.0
2022-09-06,-0.0058394619355668365,0.0,0.0
2022-09-07,0.010168638866495439,0.0,0.0
2022-09-08,-0.006002292729855863,0.0,0.0
2022-09-09,0.005283756568463582,0.0,0.0
2022-09-12,0.005068186218703863,0.0,0.0
2022-09-13,-0.01301133993119441,0.0,0.0
2022-09-14,-0.003847613448870524,0.0,0.0
2022-09-15,-0.018679143196684067,0.0,0.0
2022-09-16,0.005549107201315628,0.0,0.0
2022-09-19,0.0007700871329356929,0.0,0.0
2022-09-20,-0.005706587274526553,0.0,0.0
2022-09-21,0.004642973675810236,0.0,0.0
2022-09-22,-0.0005776772692025478,0.0,0.0
2022-09-23,-0.01727683040546535,0.0,0.0
2022-09-26,-0.011633219026207842,0.0,0.0
2022-09-27,0.002049841746687875,0.0,0.0
2022-09-28,0.02078665233491006,0.0,0.0
2022-09-29,-0.00019392836526865853,0.0,0.0
2022-09-30,6.462244018679009e-05,0.0,0.0
2022-10-03,0.024309785681440932,0.0,0.0
2022-10-04,0.014328122056449066,0.0,0.0
2022-10-05,-0.005538266375543777,0.0,0.0
2022-10-06,-0.00112629171222689,0.0,0.0
2022-10-07,-0.010962851258976669,0.0,0.0
2022-10-10,-0.015201476317757034,0.0,0.0
2022-10-11,-0.002058091550185215,0.0,0.0
2022-10-12,0.00534932850905423,0.0,0.0
2022-10-13,-0.006923532232980256,0.0,0.0
2022-10-14,-0.012458897998479546,0.0,0.0
2022-10-17,0.0028762090057179446,0.0,0.0
2022-10-18,0.0021509701146735782,0.0,0.0
2022-10-19,-0.013398358104674823,0.0,0.0
2022-10-20,-0.0015822103586343728,-0.0009992504996874719,1.0
2022-10-21,0.017827646105301076,0.017827646105300972,1.0
2022-10-24,-0.003243594030472474,-0.0032435940304724547,1.0
2022-10-25,0.002277944142005106,0.0022779441420052045,1.0
2022-10-26,0.006363608620383543,0.006363608620383608,1.0
2022-10-27,-0.001548523944967184,-0.001548523944967205,1.0
2022-10-28,-0.010210687443231947,-0.010210687443231909,1.0
2022-10-31,-0.008161399648159207,-0.008161399648159226,1.0
2022-11-01,0.010203429757038585,0.01020342975703868,1.0
2022-11-02,-0.006972548399621914,-0.006972548399621948,1.0
2022-11-03,-0.003806036048150885,-0.003806036048150958,1.0
2022-11-04,0.030696289684813083,0.03069628968481321,1.0
2022-11-07,-0.003962389674382338,-0.003962389674382205,1.0
2022-11-08,0.023099074133724695,0.02309907413372465,1.0
2022-11-09,-0.0050172660211307285,-0.005017266021130622,1.0
2022-11-10,0.030444387121793204,0.030444387121793072,1.0
2022-11-11,0.006606324071935177,0.006606324071935077,1.0
2022-11-14,0.002187655661719301,0.002187655661719282,1.0
2022-11-15,0.0035168677995043307,0.0035168677995043663,1.0
2022-11-16,-0.0022961020109516506,-0.002296102010951646,1.0
2022-11-17,-0.007267423593311895,-0.007267423593311872,1.0
2022-11-18,-0.006893636502166456,-0.0068936365021664585,1.0
2022-11-21,-0.005589952950737276,-0.005589952950737218,1.0
2022-11-22,0.00117372396636517,0.001173723966365052,1.0
2022-11-23,0.006231840940288613,0.006231840940288607,1.0
2022-11-25,0.000858470616118101,0.000858470616118019,1.0
2022-11-28,-0.007903495498554403,-0.007903495498554479,1.0
2022-11-29,0.004940425418036076,0.004940425418036035,1.0
2022-11-30,0.012781920270785507,0.01278192027078562,1.0
2022-12-01,0.01838479961277617,0.01838479961277618,1.0
2022-12-02,-0.0034556830535615868,-0.0034556830535615595,1.0
2022-12-05,-0.017158885635801036,-0.017158885635801088,1.0
2022-12-06,0.0027373742314797944,0.002737374231479696,1.0
2022-12-07,0.009039101712364994,0.009039101712365012,1.0
2022-12-08,0.0008416965556858891,0.0008416965556859302,1.0
2022-12-09,0.003544160110315664,0.003544160110315817,1.0
2022-12-12,-0.008260534556326027,-0.008260534556326003,1.0
2022-12-13,0.017081132038632596,0.017081132038632412,1.0
2022-12-14,-0.0024330212847030186,-0.0024330212847029436,1.0
2022-12-15,-0.01635930934057528,-0.01635930934057519,1.0
2022-12-16,0.008708721678036602,0.00870872167803664,1.0
2022-12-19,-0.0028178306902848504,-0.0028178306902847967,1.0
2022-12-20,0.016594482836064905,0.016594482836064968,1.0
2022-12-21,-0.0016560135809358112,-0.001656013580935868,1.0
2022-12-22,-0.012085358459954287,-0.012085358459954254,1.0
2022-12-23,0.002998321039039853,0.002998321039039766,1.0
2022-12-27,0.008430011409881644,0.008430011409881637,1.0
2022-12-28,-0.004505807286929064,-0.00450580728692903,1.0
2022-12-29,0.005598251568726287,0.0055982515687263545,1.0
2022-12-30,0.0046786689817972515,0.004678668981797311,1.0
2023-01-03,0.008370656531798915,0.00837065653179892,1.0
2023-01-04,0.0094119059589024,0.009411905958902364,1.0
2023-01-05,-0.012451461859522062,-0.012451461859522128,1.0
2023-01-06,0.01870749684189077,0.018707496841890756,1.0
2023-01-09,0.0022451175785793698,0.002245117578579316,1.0
2023-01-10,0.0036760446135073455,0.0036760446135074066,1.0
2023-01-11,-0.000686793935011365,-0.0006867939350113753,1.0
2023-01-12,0.011568000967502767,0.01156800096750267,1.0
2023-01-13,0.012001783992939385,0.012001783992939427,1.0
2023-01-17,-0.00654507834469964,-0.006545078344699672,1.0
2023-01-18,-0.0028717524486322477,-0.0028717524486323014,1.0
2023-01-19,0.015868520044824974,0.015868520044825016,1.0
2023-01-20,-0.003335405556458948,-0.003335405556458844,1.0
2023-01-23,0.0018964337632443318,0.0018964337632444619,1.0
2023-01-24,0.003618515163479552,0.0036185151634796024,1.0
2023-01-25,0.004603959599926544,0.0046039595999265125,1.0
2023-01-26,-0.009055266877154966,-0.009055266877155004,1.0
2023-01-27,-0.0013929904624704337,-0.0013929904624704586,1.0
2023-01-30,-0.002566715270248765,-0.0025667152702487494,1.0
2023-01-31,0.0036362115419990015,0.003636211541998956,1.0
2023-02-01,0.012596814339808304,0.01259681433980845,1.0
2023-02-02,-0.02075193653580043,-0.020751936535800486,1.0
2023-02-03,-0.024957770292002968,-0.02495777029200298,1.0
2023-02-06,0.0020754098721176284,0.002075409872117737,1.0
2023-02-07,0.000920425708082595,-8.024448751901862e-05,0.0
2023-02-08,0.002471594120761589,0.0,0.0
2023-02-09,-0.007912418174625069,0.0,0.0
2023-02-10,0.0019071943211166342,0.0,0.0
2023-02-13,-0.005076170279846859,0.0,0.0
2023-02-14,0.0007537389032514774,0.0,0.0
2023-02-15,-0.00996466725346834,0.0,0.0
2023-02-16,-0.0008192368783922488,0.0,0.0
2023-02-17,0.002986790669610162,0.0,0.0
2023-02-21,-0.003737004613899475,0.0,0.0
2023-02-22,-0.005626488586046308,0.0,0.0
2023-02-23,-0.0005304511136865475,0.0,0.0
2023-02-24,-0.00719467575637045,0.0,0.0
2023-02-27,0.003920334893926292,0.0,0.0
2023-02-28,0.00455596886271592,0.0,0.0
2023-03-01,0.005772150633673867,0.0,0.0
2023-03-02,-0.0005855636445488699,0.0,0.0
2023-03-03,0.010723085619275707,0.0,0.0
2023-03-06,-0.005043830646819902,0.0,0.0
2023-03-07,-0.017480480627863337,0.0,0.0
2023-03-08,-0.00047445044105887124,0.0,0.0
2023-03-09,0.009849316056938173,0.0,0.0
2023-03-10,0.021562856843419187,0.0,0.0
2023-03-13,0.022948211912439564,0.0,0.0
2023-03-14,-0.005791064746217711,0.0,0.0
2023-03-15,0.007804133170404848,0.0,0.0
2023-03-16,0.002020092008242713,0.0,0.0
2023-03-17,0.02912021467748982,0.0,0.0
2023-03-20,0.0003808677357699519,0.0,0.0
2023-03-21,-0.018875115806276432,-0.0009992504996875235,1.0
2023-03-22,0.01702060989813825,0.017020609898138247,1.0
2023-03-23,0.012538176085624908,0.012538176085624905,1.0
2023-03-24,-0.011252350246951037,-0.011252350246951119,1.0
2023-03-27,-0.009256722051406152,-0.009256722051406065,1.0
2023-03-28,0.008189093257242153,0.00818909325724209,1.0
2023-03-29,-0.00496077000653139,-0.004960770006531494,1.0
2023-03-30,0.009039576549164652,0.0090395765491646,1.0
2023-03-31,-0.005212246135594234,-0.005212246135594296,1.0
2023-04-03,0.007204410308019105,0.007204410308019094,1.0
2023-04-04,0.018640958960437715,0.018640958960437708,1.0
2023-04-05,-0.0007979247786651378,-0.0007979247786651983,1.0
2023-04-06,-0.007134091065472581,-0.007134091065472553,1.0
2023-04-10,-0.007399886547073353,-0.007399886547073336,1.0
2023-04-11,0.006320556237305208,0.006320556237305057,1.0
2023-04-12,0.004885138866613126,0.004885138866613023,1.0
2023-04-13,0.013515672558895409,0.013515672558895424,1.0
2023-04-14,-0.017710313033589165,-0.017710313033589137,1.0
2023-04-17,-0.0044537552497120325,-0.004453755249711992,1.0
2023-04-18,0.003880780603893852,0.0038807806038937903,1.0
2023-04-19,-0.004778520212877502,-0.004778520212877604,1.0
2023-04-20,0.00393825919904689,0.003938259199046913,1.0
2023-04-21,-0.00988766926809792,-0.009887669268097895,1.0
2023-04-24,0.003039335460481629,0.0030393354604816196,1.0
2023-04-25,0.005086318131183543,0.005086318131183507,1.0
2023-04-26,-0.0054373863086726315,-0.005437386308672558,1.0
2023-04-27,5.410039265330013e-05,5.4100392653145465e-05,1.0
2023-04-28,0.0002706525128974846,0.0002706525128975572,1.0
2023-05-01,-0.004491351825477108,-0.0044913518254770845,1.0
2023-05-02,0.019296640909943763,0.019296640909943638,1.0
2023-05-03,0.008479075840785555,0.008479075840785551,1.0
2023-05-04,0.00703295344911492,0.007032953449114917,1.0
2023-05-05,-0.015647950479605433,-0.015647950479605478,1.0
2023-05-08,0.0012269055761324754,0.0012269055761324386,1.0
2023-05-09,0.007086162362163639,0.0070861623621635275,1.0
2023-05-10,-0.001428442843921074,-0.0024267647581878633,0.0
2023-05-11,-0.008582755587748347,0.0,0.0
2023-05-12,-0.0017100802429794726,0.0,0.0
2023-05-15,0.0021412620336231925,0.0,0.0
2023-05-16,-0.0124993937971285,0.0,0.0
2023-05-17,-0.0034618889303412725,0.0,0.0
2023-05-18,-0.012972911279784505,0.0,0.0
2023-05-19,0.0098988291245512,0.0,0.0
2023-05-22,-0.002341497915543389,0.0,0.0
2023-05-23,0.001200731149241463,0.0,0.0
2023-05-24,-0.008068450017086337,0.0,0.0
2023-05-25,-0.009618027091793824,0.0,0.0
2023-05-26,0.003995567330169925,0.0,0.0
2023-05-30,0.006190554546333882,0.0,0.0
2023-05-31,0.0015382006614657051,0.0,0.0
2023-06-01,0.00789813034647624,0.0,0.0
2023-06-02,-0.014747450675273721,0.0,0.0
2023-06-05,0.006020416015011243,0.0,0.0
2023-06-06,0.0010980396887689814,0.0,0.0
2023-06-07,-0.012010543410059138,0.0,0.0
2023-06-08,0.013211240429905624,0.0,0.0
2023-06-09,-0.0026845203333208945,0.0,0.0
2023-06-12,-0.0008788640365902101,0.0,0.0
2023-06-13,-0.007367558613950331,0.0,0.0
2023-06-14,0.0005539277015322863,0.0,0.0
2023-06-15,0.007030581691497284,0.0,0.0
2023-06-16,-0.0015392159510752013,0.0,0.0
2023-06-20,-0.010350739592973501,0.0,0.0
2023-06-21,-0.0014464228474878604,0.0,0.0
2023-06-22,-0.009916979914319946,0.0,0.0
2023-06-23,0.0027572461643308177,0.0,0.0
2023-06-26,0.0017396047357047806,0.0,0.0
2023-06-27,-0.004593535884055422,0.0,0.0
2023-06-28,-0.002307409851291853,0.0,0.0
2023-06-29,-0.001071764681377263,0.0,0.0
2023-06-30,0.006663323502016594,0.0,0.0
2023-07-03,0.0011218766110339118,0.0,0.0
2023-07-05,-0.00353003237800964,0.0,0.0
2023-07-06,-0.002980200124891419,0.0,0.0
2023-07-07,0.007500997402107412,0.0,0.0
2023-07-10,0.0007836956455820054,0.0,0.0
2023-07-11,0.0037476125602418087,0.0,0.0
2023-07-12,0.013541420874312982,0.0,0.0
2023-07-13,0.0007146999149643118,0.0,0.0
2023-07-14,-0.0031866482531699436,0.0,0.0
2023-07-17,0.0007165567329587841,0.0,0.0
2023-07-18,0.011456278139590825,0.0,0.0
2023-07-19,0.00016335645500209495,0.0,0.0
2023-07-20,-0.005063389149303599,-0.0009992504996875061,1.0
2023-07-21,-0.0030645332195952113,-0.0030645332195952265,1.0
2023-07-24,-0.00428147332668416,-0.0042814733266842465,1.0
2023-07-25,0.005567859975791123,0.0055678599757912365,1.0
2023-07-26,0.0048791150253855164,0.004879115025385634,1.0
2023-07-27,-0.01571197400361901,-0.01571197400361905,1.0
2023-07-28,0.007981390400291666,0.007981390400291642,1.0
2023-07-31,0.0026944104889450315,0.0026944104889448516,1.0
2023-08-01,-0.010364679607279714,-0.010364679607279654,1.0
2023-08-02,-0.004765602229612864,-0.004765602229612848,1.0
2023-08-03,-0.0003341470787491252,-0.0003341470787491785,1.0
2023-08-04,0.003620414278603157,0.0036204142786032453,1.0
2023-08-07,-0.0022753962847783527,-0.002275396284778376,1.0
2023-08-08,-0.006341080194621318,-0.006341080194621245,1.0
2023-08-09,-0.00475820704444585,-0.004758207044445887,1.0
2023-08-10,-0.0010686044760203073,-0.0010686044760203081,1.0
2023-08-11,0.0,-0.000999749999999978,0.0
2023-08-14,-0.003040588549344525,0.0,0.0
2023-08-15,-0.002654474343068869,0.0,0.0
2023-08-16,-0.005776029417432049,0.0,0.0
2023-08-17,-0.0015378724223797935,0.0,0.0
2023-08-18,0.00017112823031739666,0.0,0.0
2023-08-21,0.002737670236275802,0.0,0.0
2023-08-22,0.0016495566176504273,0.0,0.0
2023-08-23,0.01016464068195777,0.0,0.0
2023-08-24,-0.00022482031744353037,0.0,0.0
2023-08-25,-0.0012932863561120334,0.0,0.0
2023-08-28,0.0028713533365909427,0.0,0.0
2023-08-29,0.009768091768254772,0.0,0.0
2023-08-30,0.0025018747942815445,0.0,0.0
2023-08-31,-0.0016637258183913595,0.0,0.0
2023-09-01,0.0004999240959600026,0.0,0.0
2023-09-05,-0.008161685723844458,0.0,0.0
2023-09-06,-0.004534245193468567,0.0,0.0
2023-09-07,0.0010684498647577367,0.0,0.0
2023-09-08,0.0003370270596214642,0.0,0.0
2023-09-11,0.001853109993606994,0.0,0.0
2023-09-12,-0.005156651253074851,0.0,0.0
2023-09-13,-0.0023100098564432514,0.0,0.0
2023-09-14,0.0005082241752882855,0.0,0.0
2023-09-15,0.006603816566220333,0.0,0.0
2023-09-18,0.005887647601878543,0.0,0.0
2023-09-19,-0.0009476457412548323,0.0,0.0
2023-09-20,0.0007253927124595272,0.0,0.0
2023-09-21,-0.007248413758109917,-0.0009992504996875677,1.0
2023-09-22,0.0032013033173832195,0.0032013033173831887,1.0
2023-09-25,-0.005150588926742139,-0.005150588926742145,1.0
2023-09-26,-0.007990985893820302,-0.007990985893820234,1.0
2023-09-27,-0.012366647894697436,-0.012366647894697448,1.0
2023-09-28,-0.004997187509914736,-0.004997187509914697,1.0
2023-09-29,-0.01027534966921384,-0.01027534966921381,1.0
2023-10-02,-0.010498705650611395,-0.010498705650611267,1.0
2023-10-03,-0.0028882419805683623,-0.0028882419805685198,1.0
2023-10-04,-0.00011825651470720455,-0.00011825651470706981,1.0
2023-10-05,-0.0018327868021307259,-0.001832786802130843,1.0
2023-10-06,0.005153083621109555,0.004148181825759413,0.0
2023-10-09,0.01838544744893622,0.0,0.0
2023-10-10,-0.0016780958953311886,0.0,0.0
2023-10-11,0.007303045938392039,0.0,0.0
2023-10-12,-0.0030496507265770356,0.0,0.0
2023-10-13,0.03214825984540237,0.0,0.0
2023-10-16,-0.004864928190345896,0.0,0.0
2023-10-17,0.001854273768354009,0.0,0.0
2023-10-18,0.014470816805260078,0.0,0.0
2023-10-19,0.012274016037125302,0.0,0.0
2023-10-20,0.0027308974274993236,0.0,0.0
2023-10-23,-0.0033770637265356784,0.0,0.0
2023-10-24,-0.0001093308866343401,-0.000999250499687623,1.0
2023-10-25,0.004208823642007475,0.004208823642007393,1.0
2023-10-26,0.0015784524505007003,0.0015784524505006773,1.0
2023-10-27,0.011629799758343662,0.011629799758343776,1.0
2023-10-30,-0.00564054701797434,-0.005640547017974255,1.0
2023-10-31,-0.005456562573315948,-0.005456562573315955,1.0
2023-11-01,-0.003150642851826202,-0.00315064285182619,1.0
2023-11-02,0.0033240729584831374,0.003324072958483143,1.0
2023-11-03,0.003638921283475316,0.003638921283475277,1.0
2023-11-06,-0.007792560392528847,-0.0077925603925288545,1.0
2023-11-07,-0.0041451308444239165,-0.004145130844423845,1.0
2023-11-08,-0.00996764391222027,-0.009967643912220193,1.0
2023-11-09,0.003982968433291267,0.003982968433291159,1.0
2023-11-10,-0.010909752197912126,-0.010909752197912143,1.0
2023-11-13,0.005570720464602941,0.00557072046460293,1.0
2023-11-14,0.008919177105678688,0.008919177105678805,1.0
2023-11-15,-0.002635601473798599,-0.0026356014737986583,1.0
2023-11-16,0.011286077178189302,0.011286077178189155,1.0
2023-11-17,-0.00010890234740634774,-0.00010890234740619937,1.0
2023-11-20,-0.0016333808174913145,-0.0016333808174912809,1.0
2023-11-21,0.01079790063288577,0.010797900632885608,1.0
2023-11-22,-0.004262252597287075,-0.004262252597286952,1.0
2023-11-24,0.005201596914642392,0.005201596914642323,1.0
2023-11-27,0.006737817869841178,0.006737817869841216,1.0
2023-11-28,0.013331852960406732,0.013331852960406827,1.0
2023-11-29,0.0014794398574642376,0.0014794398574642107,1.0
2023-11-30,-0.004167950375202456,-0.004167950375202483,1.0
2023-12-01,0.017271494075951965,0.017271494075952035,1.0
2023-12-04,-0.02161342646325959,-0.02161342646325961,1.0
2023-12-05,-0.0037794459254785195,-0.0037794459254785135,1.0
2023-12-06,0.0036868953454944897,0.0036868953454943323,1.0
2023-12-07,0.0016503277504122948,0.0016503277504122142,1.0
2023-12-08,-0.01334039111485108,-0.013340391114850967,1.0
2023-12-11,-0.011042895165362276,-0.011042895165362396,1.0
2023-12-12,-0.0005446421195114404,-0.0005446421195113444,1.0
2023-12-13,0.022562533466176538,0.022562533466176486,1.0
2023-12-14,0.005862552982469849,0.00586255298246984,1.0
2023-12-15,-0.009166511771857233,-0.009166511771857202,1.0
2023-12-18,0.004545487184575592,0.004545487184575506,1.0
2023-12-19,0.00681394057869511,0.006813940578695068,1.0
2023-12-20,-0.005445982936102989,-0.005445982936102977,1.0
2023-12-21,0.007070635455129759,0.007070635455129724,1.0
2023-12-22,0.004434417088942322,0.00443441708894222,1.0
2023-12-26,0.007620733251079592,0.007620733251079467,1.0
2023-12-27,0.004537842226414179,0.0045378422264143355,1.0
2023-12-28,-0.005815437657636813,-0.005815437657636819,1.0
2023-12-29,-0.001566841018672216,-0.0015668410186722005,1.0
2024-01-02,-0.002353909884146743,-0.0023539098841466894,1.0
2024-01-03,-0.008336809604204354,-0.00833680960420441,1.0
2024-01-04,0.0010046128932528209,0.001004612893252901,1.0
2024-01-05,0.00015845540955172766,0.00015845540955164187,1.0
2024-01-08,-0.007816271130823282,-0.007816271130823308,1.0
2024-01-09,0.0003193567900841021,-0.000680712486866814,0.0
2024-01-10,-0.00228804710551489,0.0,0.0
2024-01-11,0.0019733072916665595,0.0,0.0
2024-01-12,0.009794068475553752,0.0,0.0
2024-01-16,-0.009488181898979597,0.0,0.0
2024-01-17,-0.01101595063528893,0.0,0.0
2024-01-18,0.008232882099906247,0.0,0.0
2024-01-19,0.00298872590696031,0.0,0.0
2024-01-22,-0.003777957126316789,0.0,0.0
2024-01-23,0.0038991332271092194,0.0,0.0
2024-01-24,-0.008246890539639895,0.0,0.0
2024-01-25,0.003969986681303217,0.0,0.0
2024-01-26,-0.0006946931881827156,0.0,0.0
2024-01-29,0.0070584854445867595,0.0,0.0
2024-01-30,0.0013805262268788976,0.0,0.0
2024-01-31,-0.0007423479101065222,0.0,0.0
2024-02-01,0.01040067256889099,0.0,0.0
2024-02-02,-0.009453300862028224,0.0,0.0
2024-02-05,-0.005513988032274764,0.0,0.0
2024-02-06,0.005224693124019186,0.0,0.0
2024-02-07,-0.0002651978305409086,0.0,0.0
2024-02-08,-0.0009018470501077624,0.0,0.0
2024-02-09,-0.003876152075832917,0.0,0.0
2024-02-12,-0.0026119694947860372,0.0,0.0
2024-02-13,-0.013788690196348319,0.0,0.0
2024-02-14,-0.0005961123453055439,0.0,0.0
2024-02-15,0.0067238125229136525,0.0,0.0
2024-02-16,0.0036625695484677756,0.0,0.0
2024-02-20,0.006064210073093879,0.0,0.0
2024-02-21,5.331256612173263e-05,0.0,0.0
2024-02-22,0.00042672195902415666,0.0,0.0
2024-02-23,0.005651511902278639,0.0,0.0
2024-02-26,-0.0022266895335479875,0.0,0.0
2024-02-27,-0.0010626830578386315,0.0,0.0
2024-02-28,0.00180849115899262,0.0,0.0
2024-02-29,0.005150266749304189,-0.0009992504996876306,1.0
2024-03-01,0.018910791174389097,0.018910791174389194,1.0
2024-03-04,0.016174996770490724,0.01617499677049069,1.0
2024-03-05,0.006020141664404566,0.006020141664404509,1.0
2024-03-06,0.008215401882095241,0.00821540188209531,1.0
2024-03-07,0.005683843351386164,0.0056838433513860635,1.0
2024-03-08,0.008452547868211147,0.008452547868211233,1.0
2024-03-11,0.00183502012710135,0.0018350201271012795,1.0
2024-03-12,-0.01094062729637224,-0.010940627296372157,1.0
2024-03-13,0.00700740378557585,0.007007403785575856,1.0
2024-03-14,-0.004175139558116325,-0.0041751395581162655,1.0
2024-03-15,-0.00319440663913817,-0.003194406639138171,1.0
2024-03-18,0.0016022835845583838,0.0016022835845585373,1.0
2024-03-19,-0.0011498061737871268,-0.0011498061737871565,1.0
2024-03-20,0.011911859798154678,0.01191185979815486,1.0
2024-03-21,-0.0010386361790747367,-0.001038636179074742,1.0
2024-03-22,-0.00802096899240623,-0.008020968992406228,1.0
2024-03-25,0.0031944066391380588,0.003194406639138171,1.0
2024-03-26,0.003233961285236564,0.0032339612852365423,1.0
2024-03-27,0.007240660177973313,0.007240660177973282,1.0
2024-03-28,0.012900024807739996,0.012900024807740076,1.0
2024-04-01,0.010208079384865787,0.010208079384865804,1.0
2024-04-02,0.014772360490971526,0.014772360490971423,1.0
2024-04-03,0.008772374739768773,0.008772374739768824,1.0
2024-04-04,-0.005734705223284009,-0.005734705223284045,1.0
2024-04-05,0.017114197447370305,0.01711419744737035,1.0
2024-04-08,0.00622848536623688,0.006228485366236828,1.0
2024-04-09,0.005497054993034878,0.005497054993034847,1.0
2024-04-10,-0.009463856185613961,-0.009463856185613937,1.0
2024-04-11,0.019433247203493043,0.01943324720349303,1.0
2024-04-12,-0.013239324939518515,-0.0132393249395184,1.0
2024-04-15,0.01871915519396472,0.018719155193964783,1.0
2024-04-16,0.0012220152803359419,0.0012220152803359312,1.0
2024-04-17,-0.007368252752093185,-0.007368252752093254,1.0
2024-04-18,0.0034154561341945833,0.003415456134194478,1.0
2024-04-19,0.003131535140574959,0.0031315351405749167,1.0
2024-04-22,-0.02470249054532203,-0.02470249054532203,1.0
2024-04-23,-0.002458663172418052,-0.002458663172417974,1.0
2024-04-24,-0.0018600907225296837,-0.001860090722529583,1.0
2024-04-25,0.005963468053189924,0.005963468053189876,1.0
2024-04-26,0.003241927353549112,0.003241927353549241,1.0
2024-04-29,-0.002031218037689575,-0.0020312180376897073,1.0
2024-04-30,-0.019937078844561418,-0.01993707884456124,1.0
2024-05-01,0.00906215232545482,0.009062152325454745,1.0
2024-05-02,-0.0030870874411647042,-0.003087087441164679,1.0
2024-05-03,-0.0007976266365629092,-0.000797626636563004,1.0
2024-05-06,0.010518361024399514,0.01051836102439957,1.0
2024-05-07,-0.004600326433150892,-0.0055954772567994885,0.0
2024-05-08,-0.002941061869504713,0.0,0.0
2024-05-09,0.015778607960932778,0.0,0.0
2024-05-10,0.008112513438038427,0.0,0.0
2024-05-13,-0.011202103844459854,0.0,0.0
2024-05-14,0.008462045119477013,0.0,0.0
2024-05-15,0.012838750510223873,0.0,0.0
2024-05-16,-0.0038933433506626036,0.0,0.0
2024-05-17,0.0164977725898805,0.0,0.0
2024-05-20,0.004023937591649318,0.0,0.0
2024-05-21,-0.001469548604570936,0.0,0.0
2024-05-22,-0.01837396956557802,0.0,0.0
2024-05-23,-0.019944570339717638,0.0,0.0
2024-05-24,0.0009271136061119734,0.0,0.0
2024-05-28,0.010513172896031486,0.0,0.0
2024-05-29,-0.009303812074716977,0.0,0.0
2024-05-30,0.0018967600627461945,0.0,0.0
2024-05-31,-0.00586417430627717,0.0,0.0
2024-06-03,0.008917780500373507,0.0,0.0
2024-06-04,-0.008977059834655465,0.0,0.0
2024-06-05,0.011845603201319,0.0,0.0
2024-06-06,0.007391356612921562,0.0,0.0
2024-06-07,-0.03568330143379639,0.0,0.0
2024-06-10,0.009168181127878317,0.0,0.0
2024-06-11,0.0028566106093961263,0.0,0.0
2024-06-12,0.0026617200115086614,0.0,0.0
2024-06-13,-0.008150148984962247,0.0,0.0
2024-06-14,0.012959545903254766,0.0,0.0
2024-06-17,-0.005191652247571676,0.0,0.0
2024-06-18,0.004007271832187298,0.0,0.0
2024-06-20,0.012484347826456466,0.0,0.0
2024-06-21,-0.015493238109986152,0.0,0.0
2024-06-24,0.003957566385821121,0.0,0.0
2024-06-25,-0.004962237629221655,0.0,0.0
2024-06-26,-0.009228168111804491,0.0,0.0
2024-06-27,0.011336925587312363,0.0,0.0
2024-06-28,9.297647872519299e-05,0.0,0.0
2024-07-01,0.002604589701363791,0.0,0.0
2024-07-02,-4.643394389247657e-05,0.0,0.0
2024-07-03,0.011273000380832565,0.0,0.0
2024-07-05,0.013486798057397165,0.0,0.0
2024-07-08,-0.012402074526820739,0.0,0.0
2024-07-09,0.0016957473442755777,0.0,0.0
2024-07-10,0.0036603361122538036,0.0,0.0
2024-07-11,0.017733403441032136,-0.000999250499687493,1.0
2024-07-12,-0.0006270969301161999,-0.0006270969301161129,1.0
2024-07-15,0.0032271131671974818,0.003227113167197561,1.0
2024-07-16,0.019925798233449088,0.01992579823344893,1.0
2024-07-17,-0.004643206403117217,-0.004643206403117057,1.0
2024-07-18,-0.006381186355259194,-0.006381186355259229,1.0
2024-07-19,-0.017937829186174925,-0.017937829186174998,1.0
2024-07-22,0.00031573231212611574,0.0003157323121260232,1.0
2024-07-23,0.003516676143213937,0.0035166761432138564,1.0
2024-07-24,-0.0035043524704835294,-0.0035043524704834947,1.0
2024-07-25,-0.01564473026582147,-0.01564473026582146,1.0
2024-07-26,0.010534525866662925,0.010534525866662935,1.0
2024-07-29,-0.0014050562105476505,-0.001405056210547619,1.0
2024-07-30,0.009985461488319247,0.009985461488319174,1.0
2024-07-31,0.018110725786084414,0.0181107257860845,1.0
2024-08-01,-0.003442943141866439,-0.003442943141866469,1.0
2024-08-02,-0.0019046282784819235,-0.0019046282784820168,1.0
2024-08-05,-0.012691935106198704,-0.012691935106198655,1.0
2024-08-06,-0.008000713832612472,-0.008000713832612394,1.0
2024-08-07,-0.0006796279952806517,-0.0006796279952806952,1.0
2024-08-08,0.015688013635013043,0.015688013635012994,1.0
2024-08-09,0.0024552612171107047,0.0024552612171107276,1.0
2024-08-12,0.017144665770273848,0.017144665770273838,1.0
2024-08-13,-0.001532358906807807,-0.0015323589068076164,1.0
2024-08-14,-0.008155751250824572,-0.008155751250824723,1.0
2024-08-15,0.0031388449312386157,0.003138844931238611,1.0
2024-08-16,0.02238773852658915,0.02238773852658928,1.0
2024-08-19,-0.0016380226467286318,-0.0016380226467287132,1.0
2024-08-20,0.0036699887797402297,0.003669988779740266,1.0
2024-08-21,-0.0013336178629832496,-0.0013336178629832665,1.0
2024-08-22,-0.011975011209935604,-0.011975011209935504,1.0
2024-08-23,0.011553425520716143,0.01155342552071616,1.0
2024-08-26,0.0031893380775307456,0.0031893380775307456,1.0
2024-08-27,0.002706671669018279,0.002706671669018213,1.0
2024-08-28,-0.007026862307456638,-0.007026862307456627,1.0
2024-08-29,0.005177980359189593,0.005177980359189509,1.0
2024-08-30,-0.0071260085162319076,-0.007126008516231954,1.0
2024-09-03,-0.0043235765879541255,-0.004323576587954019,1.0
2024-09-04,0.000607926500195255,0.0006079265001953403,1.0
2024-09-05,0.008332306942507639,0.0083323069425074,1.0
2024-09-06,-0.007402630408956501,-0.007402630408956604,1.0
2024-09-09,0.004205876079289794,0.004205876079289917,1.0
2024-09-10,0.004404097525005923,0.004404097525006141,1.0
2024-09-11,-0.001590555949419148,-0.0015905559494192863,1.0
2024-09-12,0.017567284525531468,0.01756728452553156,1.0
2024-09-13,0.009943683944142245,0.00994368394414228,1.0
2024-09-16,-8.374817448153493e-05,-8.374817448162573e-05,1.0
2024-09-17,-0.0055309113549146804,-0.005530911354914645,1.0
2024-09-18,-0.007710465405288858,-0.007710465405288927,1.0
2024-09-19,0.01554075728197235,0.015540757281972283,1.0
2024-09-20,0.012710660066880486,0.012710660066880389,1.0
2024-09-23,0.0019404068737312041,0.001940406873731142,1.0
2024-09-24,0.01396907347432852,0.01396907347432859,1.0
2024-09-25,-0.001381767735031958,-0.0013817677350320319,1.0
2024-09-26,0.005086884066794806,0.0050868840667950424,1.0
2024-09-27,-0.007935830791900744,-0.00793583079190071,1.0
2024-09-30,-0.007999374253898295,-0.007999374253898446,1.0
2024-10-01,0.010491249392624136,0.010491249392624167,1.0
2024-10-02,0.00020358719772617384,0.00020358719772628863,1.0
2024-10-03,-0.0006920058878576718,-0.0006920058878577049,1.0
2024-10-04,-0.001996030315693287,-0.001996030315693383,1.0
2024-10-07,-0.0033877625757333663,-0.0033877625757332283,1.0
2024-10-08,-0.007371925565205384,-0.007371925565205502,1.0
2024-10-09,-0.005446185963701722,-0.0054461859637017175,1.0
2024-10-10,0.007342892553628744,0.007342892553628588,1.0
2024-10-11,0.010913408354139564,0.01091340835413975,1.0
2024-10-14,-0.001629502157067031,-0.0016295021570671261,1.0
2024-10-15,0.003468359323146597,0.003468359323146664,1.0
2024-10-16,0.005001609209081437,0.005001609209081476,1.0
2024-10-17,0.00598831083503093,0.0059883108350308025,1.0
2024-10-18,0.010618185005034864,0.010618185005034812,1.0
2024-10-21,-0.00019900127714245208,-0.0001990012771424696,1.0
2024-10-22,0.01078732362833379,0.010787323628333892,1.0
2024-10-23,-0.012050555849465017,-0.01205055584946505,1.0
2024-10-24,0.007693259346016168,0.00769325934601597,1.0
2024-10-25,0.0020569789010425055,0.0020569789010425913,1.0
2024-10-28,3.945407605776552e-05,3.945407605783972e-05,1.0
2024-10-29,0.010894858433216914,0.010894858433216916,1.0
2024-10-30,0.005505891218995584,0.005505891218995435,1.0
2024-10-31,-0.015495166963743978,-0.015495166963743966,1.0
2024-11-01,-0.0041023758773532926,-0.004102375877353201,1.0
2024-11-04,0.0014259144001700363,0.0014259144001699908,1.0
2024-11-05,0.002254447895034817,0.0022544478950348597,1.0
2024-11-06,-0.030386729020158154,-0.030386729020157942,1.0
2024-11-07,0.016076503855530166,0.015060681370800577,0.0
2024-11-08,-0.006769426092267161,0.0,0.0
2024-11-11,-0.02347155656813127,0.0,0.0
2024-11-12,-0.008631355179477884,0.0,0.0
2024-11-13,-0.010081225320474285,0.0,0.0
2024-11-14,-0.0026091417886487944,0.0,0.0
2024-11-15,-0.0017720694429753658,0.0,0.0
2024-11-18,0.019020246289590537,0.0,0.0
2024-11-19,0.008959325127211537,0.0,0.0
2024-11-20,0.005632045702723465,0.0,0.0
2024-11-21,0.008339500390982302,0.0,0.0
2024-11-22,0.012892210445830665,0.0,0.0
2024-11-25,-0.029458856541118794,0.0,0.0
2024-11-26,0.0019383092584315254,0.0,0.0
2024-11-27,0.002222714763140843,0.0,0.0
2024-11-29,0.008624546377060671,0.0,0.0
2024-12-02,-0.008754403389975018,0.0,0.0
2024-12-03,0.002012776164397767,0.0,0.0
2024-12-04,0.003033679807253664,0.0,0.0
2024-12-05,-0.007397709454119217,0.0,0.0
2024-12-06,0.0003705687954560499,0.0,0.0
2024-12-09,0.009919751769426055,0.0,0.0
2024-12-10,0.01316431251835759,0.0,0.0
2024-12-11,0.009533812345188464,0.0,0.0
2024-12-12,-0.014663722649505995,0.0,0.0
2024-12-13,-0.012091578404740733,0.0,0.0
2024-12-16,0.002415209844427002,0.0,0.0
2024-12-17,-0.0038386247250202787,0.0,0.0
2024-12-18,-0.01918507783771317,0.0,0.0
2024-12-19,0.0014210967336203417,0.0,0.0
2024-12-20,0.010434056495473909,0.0,0.0
2024-12-23,-0.004708795377563968,0.0,0.0
2024-12-24,0.001992014086009908,0.0,0.0
2024-12-26,0.006751179863859091,0.0,0.0
2024-12-27,-0.0068705038771271765,0.0,0.0
2024-12-30,-0.0031896811646235923,0.0,0.0
2024-12-31,0.006233636577161361,0.0,0.0
2025-01-02,0.013587714119632333,0.0,0.0
2025-01-03,-0.007864039973028869,0.0,0.0
2025-01-06,-0.0012320959587239777,0.0,0.0
2025-01-07,0.005633435188264313,0.0,0.0
2025-01-08,0.005315681488123669,0.0,0.0
2025-01-10,0.009558310004399662,0.0,0.0
2025-01-13,-0.009951255605703757,0.0,0.0
2025-01-14,0.005249423200524461,0.0,0.0
2025-01-15,0.007488993695735191,0.0,0.0
2025-01-16,0.006910965874952435,0.0,0.0
2025-01-17,-0.005307269747253374,-0.000999250499687572,1.0
2025-01-21,0.01548521901629396,0.015485219016293832,1.0
2025-01-22,0.005135652699768123,0.0051356526997682434,1.0
2025-01-23,-0.0014148699521492336,-0.0014148699521492445,1.0
2025-01-24,0.006218705580030903,0.006218705580030922,1.0
2025-01-27,-0.0104048052682425,-0.010404805268242553,1.0
2025-01-28,0.008656417783572623,0.008656417783572845,1.0
2025-01-29,-0.0038404097330004827,-0.003840409733000459,1.0
2025-01-30,0.01514551884715587,0.015145518847155868,1.0
2025-01-31,0.0019763991077348386,0.0019763991077347684,1.0
2025-02-03,0.005337271410283728,0.005337271410283669,1.0
2025-02-04,0.00984841707528572,0.009848417075285722,1.0
2025-02-05,0.006209542410714253,0.006209542410714279,1.0
2025-02-06,-0.0026502562908058414,-0.002650256290805795,1.0
2025-02-07,0.0017841598670260694,0.001784159867026067,1.0
2025-02-10,0.016938239196991,0.016938239196990963,1.0
2025-02-11,-0.0036516022155236305,-0.00365160221552357,1.0
2025-02-12,0.0010471549570203464,0.0010471549570203367,1.0
2025-02-13,0.009862831092105617,0.009862831092105558,1.0
2025-02-14,-0.014871773334245608,-0.01487177333424553,1.0
2025-02-18,0.01656090548123368,0.01656090548123385,1.0
2025-02-19,0.000554096378723612,0.0005540963787236224,1.0
2025-02-20,0.0005168326664386491,0.0005168326664385077,1.0
2025-02-21,-0.0009225433005247696,-0.0009225433005247884,1.0
2025-02-24,0.005429568123388684,0.005429568123388778,1.0
2025-02-25,-0.013188334192659745,-0.013188334192659879,1.0
2025-02-26,0.0015263333689308212,0.0015263333689308199,1.0
2025-02-27,-0.015239958822878874,-0.015239958822878739,1.0
2025-02-28,-0.006265820058134697,-0.006265820058134738,1.0
2025-03-03,0.013180390342641513,0.01318039034264139,1.0
2025-03-04,0.008697635934455272,0.008697635934455269,1.0
2025-03-05,0.0020813110966888537,0.0020813110966887666,1.0
2025-03-06,-0.005081207410422395,-0.0050812074104222265,1.0
2025-03-07,0.0005219558189655249,0.000521955818965464,1.0
2025-03-10,-0.008755937163287819,-0.008755937163287939,1.0
2025-03-11,0.011727541035094546,0.011727541035094682,1.0
2025-03-12,0.004346793335703092,0.004346793335703064,1.0
2025-03-13,0.017756144523255468,0.017756144523255402,1.0
2025-03-14,0.00039975774946587883,0.00039975774946597115,1.0
2025-03-17,0.0054135329342379634,0.005413532934237992,1.0
2025-03-18,0.011671955843306048,0.01167195584330589,1.0
2025-03-19,0.004107707999658539,0.0041077079996587095,1.0
2025-03-20,-0.0012805854303336028,-0.0012805854303336447,1.0
2025-03-21,-0.008049901213267985,-0.008049901213268013,1.0
2025-03-24,-0.004452548665506595,-0.004452548665506598,1.0
2025-03-25,0.004400365088198743,0.004400365088198922,1.0
2025-03-26,-0.0008259812019960622,-0.0008259812019961276,1.0
2025-03-27,0.013405732882559862,0.013405732882560044,1.0
2025-03-28,0.007412123023167849,0.007412123023167734,1.0
2025-03-31,0.014363222998346137,0.014363222998346135,1.0
2025-04-01,-0.0019782303576065807,-0.0019782303576065803,1.0
2025-04-02,0.0020516615880092903,0.0020516615880091338,1.0
2025-04-03,-0.006038278082531101,-0.006038278082530985,1.0
2025-04-04,-0.02339226273628292,-0.02339226273628294,1.0
2025-04-07,-0.02148580630415131,-0.021485806304151332,1.0
2025-04-08,0.005443793790763651,0.00544379379076349,1.0
2025-04-09,0.03699125081478161,0.0369912508147817,1.0
2025-04-10,0.0244235794430141,0.023399411969466096,0.0
2025-04-11,0.019086664805096243,0.0,0.0
2025-04-14,-0.005705977012200658,0.0,0.0
2025-04-15,0.005232379352138938,-0.0009992504996876,1.0
2025-04-16,0.0325408102664011,0.03254081026640113,1.0
2025-04-17,-0.004390692094044635,-0.0043906920940446036,1.0
2025-04-21,0.03093558529908469,0.030935585299084647,1.0
2025-04-22,-0.014195668551963636,-0.014195668551963699,1.0
2025-04-23,-0.023978630729734163,-0.02397863072973415,1.0
2025-04-24,0.014556277018207942,0.014556277018207935,1.0
2025-04-25,-0.010841679678267213,-0.010841679678267277,1.0
2025-04-28,0.01424210344049559,0.014242103440495493,1.0
2025-04-29,-0.009738925467677184,-0.009738925467677132,1.0
2025-04-30,-0.007482221012837353,-0.007482221012837482,1.0
2025-05-01,-0.02077228754256477,-0.020772287542564723,1.0
2025-05-02,0.0017481999132260562,0.0017481999132259805,1.0
2025-05-05,0.029867754776654154,0.029867754776654314,1.0
2025-05-06,0.02802400275899264,0.028024002758992656,1.0
2025-05-07,-0.014993060801348546,-0.014993060801348514,1.0
2025-05-08,-0.0196942722998793,-0.019694272299879304,1.0
2025-05-09,0.007254674259445482,0.0072546742594454625,1.0
2025-05-12,-0.028190568373488878,-0.02819056837348885,1.0
2025-05-13,0.004258992599597278,0.004258992599597517,1.0
2025-05-14,-0.021037827999516923,-0.022016545430974248,0.0
2025-05-15,0.015963953531585195,0.0,0.0
2025-05-16,-0.012087047232674286,0.0,0.0
2025-05-19,0.012880671121226372,0.0,0.0
2025-05-20,0.0186222454642182,0.0,0.0
2025-05-21,0.007378683875855163,0.0,0.0
2025-05-22,-0.008861493387459118,0.0,0.0
2025-05-23,0.021906288045034472,0.0,0.0
2025-05-27,-0.016949152542372836,0.0,0.0
2025-05-28,-0.0022660178699712707,0.0,0.0
2025-05-29,0.0059247154716217665,0.0,0.0
2025-05-30,-0.006576942326457891,0.0,0.0
2025-06-02,0.026581051258171673,0.0,0.0
2025-06-03,-0.008855551213511115,0.0,0.0
2025-06-04,0.006441974072654677,0.0,0.0
2025-06-05,-0.00504987891618125,0.0,0.0
2025-06-06,-0.013416073696802311,0.0,0.0
2025-06-09,0.004718534884218695,0.0,0.0
2025-06-10,0.000293510988597534,0.0,0.0
2025-06-11,0.005412290790508978,0.0,0.0
2025-06-12,0.0124202002480438,0.0,0.0
2025-06-13,0.013100564311248064,0.0,0.0
2025-06-16,-0.01425909653729851,0.0,0.0
2025-06-17,0.0005131941200071655,0.0,0.0
2025-06-18,-0.005385627565021256,0.0,0.0
2025-06-20,-0.00041901914110908933,0.0,0.0
2025-06-23,0.0030631724583116693,0.0,0.0
2025-06-24,-0.015719378751237634,0.0,0.0
2025-06-25,0.003037305817845004,0.0,0.0
2025-06-26,-0.0011070472235482631,0.0,0.0
2025-06-27,-0.018123728993798327,0.0,0.0
2025-06-30,0.01198454729743359,0.0,0.0
2025-07-01,0.008923010663382636,0.0,0.0
2025-07-02,0.005527596405484614,0.0,0.0
2025-07-03,-0.006822911403597365,0.0,0.0
2025-07-07,0.000748780548875283,0.0,0.0
2025-07-08,-0.010443411868664265,0.0,0.0
2025-07-09,0.004471282664348264,0.0,0.0
2025-07-10,0.0022257895319868215,0.0,0.0
2025-07-11,0.009601575193336043,0.0,0.0
2025-07-14,-0.0036553174266280575,0.0,0.0
2025-07-15,-0.004155705135267751,0.0,0.0
2025-07-16,0.004988096125243757,0.0,0.0
2025-07-17,-0.0021735334020257513,0.0,0.0
2025-07-18,0.002600924347578637,0.0,0.0
2025-07-21,0.015370115792427752,0.0,0.0
2025-07-22,0.009484882235462067,0.0,0.0
2025-07-23,-0.01240118112003663,0.0,0.0
2025-07-24,-0.006118276977772341,0.0,0.0
2025-07-25,-0.0092499926477293,0.0,0.0
2025-07-28,-0.00647361832754334,0.0,0.0
2025-07-29,0.002750389076383808,0.0,0.0
2025-07-30,-0.017273497289540862,0.0,0.0
2025-07-31,0.0066454015709211944,0.0,0.0
2025-08-01,0.020299689958884537,0.0,0.0
2025-08-04,0.005823229257701401,0.0,0.0
2025-08-05,0.0008040912066364925,0.0,0.0
2025-08-06,-0.00212110700071233,0.0,0.0
2025-08-07,0.008437987494967825,0.0,0.0
2025-08-08,-0.00022357985855403495,0.0,0.0
2025-08-11,-0.014374701087597641,-0.0009992504996876447,1.0
2025-08-12,-0.0009074665058316222,-0.0009074665058316916,1.0
2025-08-13,0.0030492830145867345,0.003049283014586959,1.0
2025-08-14,-0.006338706734070332,-0.006338706734070442,1.0
2025-08-15,0.0005858183101099534,0.0005858183101099684,1.0
2025-08-18,-0.0015612675411803556,-0.001561267541180412,1.0
2025-08-19,-0.005473279447945512,-0.0054732794479454725,1.0
2025-08-20,0.010122175284489776,0.010122175284489719,1.0
2025-08-21,-0.0034698951143765644,-0.003469895114376703,1.0
2025-08-22,0.01070642694476942,0.0107064269447694,1.0
2025-08-25,-0.0024148368614391735,-0.0024148368614392637,1.0
2025-08-26,0.007262047243691283,0.007262047243691196,1.0
2025-08-27,0.0020187288833615202,0.0020187288833615306,1.0
2025-08-28,0.007419038046796889,0.007419038046796951,1.0
2025-08-29,0.00964990177666114,0.009649901776660997,1.0
2025-09-02,0.023642559312442524,0.023642559312442524,1.0
2025-09-03,0.007831992196408066,0.00783199219640804,1.0
2025-09-04,-0.004418882618094533,-0.004418882618094479,1.0
2025-09-05,0.01334594055214322,0.013345940552143165,1.0
2025-09-08,0.011388067271604019,0.011388067271603871,1.0
2025-09-09,-0.002269905468609168,-0.0022699054686091814,1.0
2025-09-10,0.0035922056391106683,0.0035922056391107264,1.0
2025-09-11,-0.0014913797811720864,-0.0014913797811720953,1.0
2025-09-12,0.0019715725978484144,0.0019715725978483364,1.0
2025-09-15,0.01040483601055886,0.010404836010558903,1.0
2025-09-16,0.0020064107533963593,0.0020064107533963316,1.0
2025-09-17,-0.007715171664187115,-0.007715171664187161,1.0
2025-09-18,-0.0040063094596702875,-0.004006309459670372,1.0
2025-09-19,0.010607227252210416,0.010607227252210421,1.0
2025-09-22,0.01730643093326134,0.01730643093326132,1.0
2025-09-23,0.004086375052867464,0.004086375052867336,1.0
2025-09-24,-0.009063049726670935,-0.009063049726670972,1.0
2025-09-25,0.004165188877066628,0.004165188877066616,1.0
2025-09-26,0.00577227044053652,0.005772270440536633,1.0
2025-09-29,0.016496514338703028,0.016496514338703114,1.0
2025-09-30,0.008540004081594166,0.008540004081594013,1.0
2025-10-01,0.0015753722020723782,0.001575372202072555,1.0
2025-10-02,-0.003482825151325697,-0.0034828251513258288,1.0
2025-10-03,0.008032937892485048,0.008032937892485123,1.0
2025-10-06,0.01884573861512795,0.018845738615128036,1.0
2025-10-07,0.005159462258136571,0.005159462258136565,1.0
2025-10-08,0.01649095687844504,0.01649095687844505,1.0
2025-10-09,-0.018452848086064955,-0.018452848086065017,1.0
2025-10-10,0.010097700011942212,0.010097700011942157,1.0
2025-10-13,0.02430104394061705,0.02430104394061703,1.0
2025-10-14,0.007141189222626965,0.007141189222626998,1.0
2025-10-15,0.017332403569977117,0.01733240356997723,1.0
2025-10-16,0.02338727694573084,0.02338727694573084,1.0
2025-10-17,-0.01881705572696646,-0.018817055726966427,1.0
2025-10-20,0.03640197438905224,0.036401974389052134,1.0
2025-10-21,-0.06426889260666147,-0.06426889260666147,1.0
2025-10-22,0.00010605594835544352,0.00010605594835538256,1.0
2025-10-23,0.004002358382396931,0.0040023583823968045,1.0
2025-10-24,-0.0033528327110016187,-0.0033528327110015233,1.0
2025-10-27,-0.027839530498784404,-0.027839530498784473,1.0
2025-10-28,-0.007166030388359279,-0.007166030388359286,1.0
2025-10-29,-0.0037872684129753864,-0.0037872684129753404,1.0
2025-10-30,0.01964188672951095,0.0196418867295109,1.0
2025-10-31,-0.005430550723012573,-0.005430550723012527,1.0
2025-11-03,0.0017929035935666526,0.0017929035935668088,1.0
2025-11-04,-0.017517195825319742,-0.01751719582531974,1.0
2025-11-05,0.011564369498527016,0.010553058020120888,0.0
2025-11-06,-0.0012005195756799036,0.0,0.0
2025-11-07,0.006119021470095687,0.0,0.0
2025-11-10,0.02734111859838051,0.0,0.0
2025-11-11,0.003937814406542062,0.0,0.0
2025-11-12,0.016110762091908537,0.0,0.0
2025-11-13,-0.008083098515826892,0.0,0.0
2025-11-14,-0.018047911171504505,0.0,0.0
2025-11-17,-0.011463979297139493,0.0,0.0
2025-11-18,0.007264932736103624,0.0,0.0
2025-11-19,0.0016294519610446923,0.0,0.0
2025-11-20,-0.0002933255655774847,0.0,0.0
2025-11-21,-0.0015473311468576778,0.0,0.0
2025-11-24,0.01584423909859023,0.0,0.0
2025-11-25,-0.00031569077041548876,0.0,0.0
2025-11-26,0.007998338908444147,0.0,0.0
2025-11-28,0.012424331348639184,0.0,0.0
2025-12-01,0.004821066034977672,0.0,0.0
2025-12-02,-0.006440050713598433,0.0,0.0
2025-12-03,-0.0009296182229129313,0.0,0.0
2025-12-04,0.0006461951944911615,0.0,0.0
2025-12-05,-0.0017823532991587676,0.0,0.0
2025-12-08,-0.002639449868615862,0.0,0.0
2025-12-09,0.005137202012788666,0.0,0.0
2025-12-10,0.004259147967166088,0.0,0.0
2025-12-11,0.010769830543307712,0.0,0.0
2025-12-12,0.005594579039939429,0.0,0.0
2025-12-15,0.0009103412637567754,0.0,0.0
2025-12-16,0.00022745542760316262,0.0,0.0
2025-12-17,0.008588228474273762,0.0,0.0
2025-12-18,-0.0018032036998043566,0.0,0.0
2025-12-19,0.0011289903434381632,0.0,0.0
2025-12-22,0.02308160549906857,0.0,0.0
2025-12-23,0.013252341857567629,0.0,0.0
2025-12-24,-0.004134082564786756,0.0,0.0
2025-12-26,0.011676735474757116,-0.0009992504996875337,1.0
2025-12-29,-0.0435283019531133,-0.04352830195311337,1.0
2025-12-30,0.0007275678386380324,0.0007275678386381115,1.0
2025-12-31,-0.006467991163222386,-0.006467991163222395,1.0
2026-01-02,0.004970859258759619,0.0049708592587595956,1.0
2026-01-05,0.026313174195160993,0.02631317419516091,1.0
2026-01-06,0.010813149047262716,0.010813149047262683,1.0
2026-01-07,-0.009559953917111952,-0.00955995391711203,1.0
2026-01-08,0.005522515913727544,0.0055225159137275125,1.0
2026-01-09,0.007242001159325273,0.007242001159325411,1.0
2026-01-12,0.018722729613168898,0.018722729613168954,1.0
2026-01-13,-0.0014210408732292512,-0.0014210408732293755,1.0
2026-01-14,0.010222226854541994,0.010222226854542063,1.0
2026-01-15,-0.006127660830587689,-0.006127660830587801,1.0
2026-01-16,-0.004818883830700504,-0.004818883830700396,1.0
2026-01-20,0.03783617488689295,0.037836174886892865,1.0
2026-01-21,0.014568979615140476,0.014568979615140488,1.0
2026-01-22,0.01846258414950319,0.018462584149503088,1.0
2026-01-23,0.013745304981574558,0.013745304981574624,1.0
2026-01-26,0.014628847613605389,0.0146288476136053,1.0
2026-01-27,0.024531942321975864,0.024531942321975923,1.0
2026-01-28,0.038773348494905324,0.03877334849490527,1.0
2026-01-29,0.0027094717415592218,0.0027094717415592005,1.0
2026-01-30,-0.10274245274560045,-0.10274245274560054,1.0
2026-02-02,-0.04004945911975222,-0.040049459119752134,1.0
2026-02-03,0.06358720612372104,0.06358720612372103,1.0
2026-02-04,-0.0007044119795716064,-0.0007044119795716359,1.0
2026-02-05,-0.026631707613677613,-0.026631707613677693,1.0
2026-02-06,0.03073229479090611,0.030732294790906108,1.0
2026-02-09,0.02540290594406658,0.025402905944066734,1.0
2026-02-10,-0.009913720520981939,-0.009913720520982036,1.0
2026-02-11,0.011310577541873812,0.011310577541873739,1.0
2026-02-12,-0.03472828959819363,-0.034728289598193525,1.0
2026-02-13,0.024878663914389865,0.024878663914389896,1.0
2026-02-17,-0.0311702543391007,-0.031170254339100683,1.0
2026-02-18,0.022489929267582198,0.022489929267582157,1.0
2026-02-19,0.0027930496262249527,0.0027930496262248837,1.0
2026-02-20,0.019714504323102178,0.019714504323102348,1.0
2026-02-23,0.027015500392687075,0.027015500392686954,1.0
2026-02-24,-0.01385890426498504,-0.013858904264984968,1.0
2026-02-25,-0.0025072627221415233,-0.002507262722141556,1.0
2026-02-26,0.008575889154321725,0.0085758891543217,1.0
2026-02-27,0.01313141674919538,0.012118538615300342,0.0
2026-03-02,0.012919896640826822,0.0,0.0
2026-03-03,-0.04461221500318879,0.0,0.0
2026-03-04,0.007818116439543887,0.0,0.0
2026-03-05,-0.012017768242597593,0.0,0.0
2026-03-06,0.01583250339069653,0.0,0.0
2026-03-09,-0.0020696732193965506,0.0,0.0
2026-03-10,0.01127967872100144,0.0,0.0
2026-03-11,-0.003390104145245987,0.0,0.0
2026-03-12,-0.019653925633074443,0.0,0.0
2026-03-13,-0.012936961278600778,0.0,0.0
2026-03-16,-0.0008896876689686861,0.0,0.0
2026-03-17,-0.002519392047785618,0.0,0.0
2026-03-18,-0.03163716142328721,0.0,0.0
2026-03-19,-0.041215062676522196,0.0,0.0
2026-03-20,-0.0305574415876555,0.0,0.0
2026-03-23,-0.02259421410703788,0.0,0.0
2026-03-24,0.00022274115430986896,0.0,0.0
2026-03-25,0.030089336389747867,0.0,0.0
2026-03-26,-0.0375939695290467,0.0,0.0
2026-03-27,0.035093842463368,0.0,0.0
2026-03-30,-0.0002894276132928697,0.0,0.0
2026-03-31,0.037893826237359374,0.0,0.0
2026-04-01,0.017499822514495555,0.0,0.0
2026-04-02,-0.019208815315471695,0.0,0.0
2026-04-06,-0.004098669687746526,0.0,0.0
2026-04-07,0.009727589667910319,0.0,0.0
2026-04-08,0.00629906958171822,0.0,0.0
2026-04-09,0.007778530578574028,0.0,0.0
2026-04-10,-0.0017811851128632927,0.0,0.0
2026-04-13,-0.004049183335572026,0.0,0.0
2026-04-14,0.022349346089928224,0.0,0.0
2026-04-15,-0.010402401583740839,0.0,0.0
2026-04-16,-0.0008627455164704756,0.0,0.0
2026-04-17,0.013293051904224695,0.0,0.0
2026-04-20,-0.008611208936292747,0.0,0.0
2026-04-21,-0.028320000717914517,0.0,0.0
2026-04-22,0.013245809401008168,0.0,0.0
2026-04-23,-0.00969535708776803,0.0,0.0
2026-04-24,0.005127114447075254,0.0,0.0
2026-04-27,-0.007755303754327758,0.0,0.0
2026-04-28,-0.0185629131043068,0.0,0.0
2026-04-29,-0.010665781709228828,0.0,0.0
2026-04-30,0.014973287523456946,0.0,0.0
2026-05-01,-0.0011330099187530918,0.0,0.0
2026-05-04,-0.02001512681908002,0.0,0.0
2026-05-05,0.008584306218673232,0.0,0.0
2026-05-06,0.030339261182306565,0.0,0.0
2026-05-07,0.001670691560653026,0.0,0.0
2026-05-08,0.004841540894531038,0.0,0.0
2026-05-11,0.0020287362083613036,0.0,0.0
2026-05-12,-0.003957209812161522,0.0,0.0
2026-05-13,-0.005612899814961714,0.0,0.0
2026-05-14,-0.007642296271595517,0.0,0.0
2026-05-15,-0.02322039069444226,0.0,0.0
2026-05-18,0.00273187497307803,0.0,0.0
2026-05-19,-0.016561892782745447,0.0,0.0
2026-05-20,0.014337773746013083,0.0,0.0
2026-05-21,-0.0009822799906678004,0.0,0.0
2026-05-22,-0.0076020599640161945,0.0,0.0
2026-05-26,0.00043495402009452455,0.0,0.0
2026-05-27,-0.013309202332427494,0.0,0.0
2026-05-28,0.010477609933210896,0.0,0.0
2026-05-29,0.010538571648365469,0.0,0.0
2026-06-01,-0.014048680044494555,0.0,0.0
2026-06-02,0.001677776649860796,0.0,0.0
2026-06-03,-0.009904155768766576,0.0,0.0
2026-06-04,0.008335974543818736,0.0,0.0
2026-06-05,-0.036545333189379026,0.0,0.0
2026-06-08,0.002599431669397134,0.0,0.0
2026-06-09,-0.01633647245916592,0.0,0.0
2026-06-10,-0.04145558180468856,0.0,0.0
2026-06-11,0.03134182597256352,0.0,0.0
2026-06-12,0.0005694792310315666,0.0,0.0
2026-06-15,0.025896360083728753,0.0,0.0
2026-06-16,0.002723533282284807,0.0,0.0
2026-06-17,-0.02270955075927472,0.0,0.0
2026-06-18,-0.003808571701190089,0.0,0.0
2026-06-22,-0.0065354381359996605,0.0,0.0
2026-06-23,-0.018903219228002643,0.0,0.0
2026-06-24,-0.030213064971899906,0.0,0.0
2026-06-25,0.009674185334065832,0.0,0.0
2026-06-26,0.011286779419095394,0.0,0.0
2026-06-29,-0.013516094115971211,0.0,0.0
2026-06-30,-0.0005425733809176769,0.0,0.0
2026-07-01,0.006026389031102086,0.0,0.0
2026-07-02,0.020318398961908235,0.0,0.0
2026-07-06,0.01057837238078907,0.0,0.0
2026-07-07,-0.012142502784779907,0.0,0.0
2026-07-08,-0.008053135463158334,0.0,0.0
2026-07-09,0.009961224054354512,0.0,0.0
2026-07-10,-0.003093719744077794,0.0,0.0
2026-07-13,-0.02620621369961662,0.0,0.0
2026-07-14,0.013673600487310367,0.0,0.0
2026-07-15,0.0005374505181017231,-0.0009992504996876148,1.0
2026-07-16,-0.01984695723728025,-0.019846957237280107,1.0
2026-07-17,0.009453124418586922,0.009453124418586825,1.0
2026-07-20,-0.0021986307389650905,-0.002198630738965134,1.0
2026-07-21,0.019613686984128575,0.019613686984128725,1.0
2026-07-22,0.011499153135369422,0.011499153135369512,1.0
2026-07-23,-0.020046439653404247,-0.020046439653404306,1.0
2026-07-24,0.0010228383237773642,0.0010228383237772735,1.0
2026-07-27,0.007340712640850455,0.007340712640850445,1.0
2026-07-28,-0.01404054586409964,-0.014040545864099585,1.0
2026-07-29,0.004629481218515252,0.004629481218515298,1.0
2026-07-30,0.016384653740035837,0.016384653740035858,1.0
2026-07-31,-0.014900824749758845,-0.014900824749758793,1.0
2026-08-03,0.00045750903333918735,0.00045750903333926005,1.0
2026-08-04,0.00659119276681408,0.006591192766814166,1.0
2026-08-05,0.04137270374924307,0.041372703749243005,1.0
2026-08-06,7.699101265035146e-05,7.69910126502846e-05,1.0
2026-08-07,0.022583179330530445,0.022583179330530508,1.0
2026-08-10,0.01021408716277361,0.010214087162773592,1.0
2026-08-11,-0.003925118140567174,-0.003925118140567291,1.0
2026-08-12,0.009876351898066904,0.009876351898066956,1.0
2026-08-13,-0.014719010607066263,-0.014719010607066325,1.0
2026-08-14,0.006316471789712619,0.006316471789712647,1.0
2026-08-17,0.009987992274373525,0.009987992274373624,1.0
2026-08-18,-0.017115101749848094,-0.01711510174984808,1.0
2026-08-19,0.0383640923679176,0.03836409236791747,1.0
2026-08-20,0.003431310265562093,0.003431310265562116,1.0
2026-08-21,0.019505792504578512,0.0195057925045785,1.0
2026-08-24,0.007865686897826407,0.007865686897826421,1.0
2026-08-25,0.0032342095547504,0.0032342095547502874,1.0
2026-08-26,-0.015768448815633995,-0.015768448815633822,1.0
2026-08-27,0.0030380678748822554,0.003038067874882174,1.0
2026-08-28,-0.03244200486764748,-0.03244200486764745,1.0
2026-08-31,-0.0011494563424524484,-0.0011494563424525302,1.0
2026-09-01,-0.028573559189207676,-0.028573559189207648,1.0
2026-09-02,0.015198484635909004,0.015198484635908944,1.0
2026-09-03,0.01847162834290339,0.018471628342903362,1.0
2026-09-04,-0.008410151130527455,-0.008410151130527376,1.0
2026-09-08,-0.017331632085403892,-0.017331632085403958,1.0
2026-09-09,0.009081369137713402,0.009081369137713534,1.0
2026-09-10,-0.017329913589140267,-0.01732991358914029,1.0
2026-09-11,0.006080340476276369,0.006080340476276302,1.0
2026-09-14,-0.01487070952969316,-0.014870709529693136,1.0
2026-09-15,0.0033346847846598138,0.0033346847846596928,1.0
2026-09-16,-0.006114432828691951,-0.00611443282869193,1.0
2026-09-17,0.01689895155515475,0.016898951555154862,1.0
2026-09-18,0.007053991815196836,0.007053991815196792,1.0
2026-09-21,-0.006954678693661731,-0.006954678693661684,1.0
2026-09-22,0.004242186908711476,0.004242186908711344,1.0
2026-09-23,-0.01797186069881873,-0.017971860698818704,1.0
2026-09-24,-0.00302892085781048,-0.0030289208578105626,1.0
2026-09-25,0.004391230845776972,0.004391230845776896,1.0
2026-09-28,-0.03939909980863776,-0.040359460558604204,0.0
2026-09-29,0.013177769675503992,0.0,0.0
2026-09-30,-0.005354065742427805,0.0,0.0
2026-10-01,0.005041522545417898,0.0,0.0
2026-10-02,-0.006845007446811935,0.0,0.0
2026-10-05,-0.0015521303539024478,0.0,0.0
2026-10-06,0.007166384687612659,0.0,0.0
2026-10-07,-0.016715892731591908,0.0,0.0
