Date,QQQ_BnH,QQQ_Strategy,QQQ_Position
2021-01-04,,0.0,0.0
2021-01-05,0.008243910671366983,0.0,0.0
2021-01-06,-0.01385186390619264,0.0,0.0
2021-01-07,0.024191745605230297,0.0,0.0
2021-01-08,0.012857704995730801,0.0,0.0
2021-01-11,-0.014449855013352497,0.0,0.0
2021-01-12,-0.0015902254968226393,0.0,0.0
2021-01-13,0.006753407832089442,0.0,0.0
2021-01-14,-0.005347453840384264,0.0,0.0
2021-01-15,-0.007921410812531171,0.0,0.0
2021-01-19,0.014590330793947892,0.0,0.0
2021-01-20,0.023260730244289096,0.0,0.0
2021-01-21,0.007999469590332486,0.0,0.0
2021-01-22,-0.0028801935119150412,0.0,0.0
2021-01-25,0.0082656804264305,0.0,0.0
2021-01-26,0.0014634474856958235,0.0,0.0
2021-01-27,-0.027876820664498925,0.0,0.0
2021-01-28,0.005916739345517286,0.0,0.0
2021-01-29,-0.02103794741396059,0.0,0.0
2021-02-01,0.02498695276781704,0.0,0.0
2021-02-02,0.016314551649727616,0.0,0.0
2021-02-03,-0.003967447365162968,0.0,0.0
2021-02-04,0.011826805713597954,0.0,0.0
2021-02-05,0.0033913797293425585,0.0,0.0
2021-02-08,0.006699427668631408,0.0,0.0
2021-02-09,-0.00020959096970973867,0.0,0.0
2021-02-10,-0.0022787635774754733,0.0,0.0
2021-02-11,0.005499522602333107,0.0,0.0
2021-02-12,0.0055889996111828655,0.0,0.0
2021-02-16,-0.0027045319249442423,0.0,0.0
2021-02-17,-0.004798256860057748,0.0,0.0
2021-02-18,-0.004372253005416549,0.0,0.0
2021-02-19,-0.00436149329141422,0.0,0.0
2021-02-22,-0.025919545412602663,0.0,0.0
2021-02-23,-0.0029772862048462745,0.0,0.0
2021-02-24,0.008243240606436553,0.0,0.0
2021-02-25,-0.034862924035049425,0.0,0.0
2021-02-26,0.004187624184534888,0.0,0.0
2021-03-01,0.030081873992680253,0.0,0.0
2021-03-02,-0.016038432074838016,0.0,0.0
2021-03-03,-0.029020048415257627,0.0,0.0
2021-03-04,-0.01636714710652254,0.0,0.0
2021-03-05,0.015060910357020285,0.0,0.0
2021-03-08,-0.02831437120459157,0.0,0.0
2021-03-09,0.03944156149064071,0.0,0.0
2021-03-10,-0.0028547258477403803,0.0,0.0
2021-03-11,0.023031555662719194,0.0,0.0
2021-03-12,-0.008112569785226786,0.0,0.0
2021-03-15,0.010682899806108814,0.0,0.0
2021-03-16,0.005489003159496297,0.0,0.0
2021-03-17,0.004117459542702928,0.0,0.0
2021-03-18,-0.030630491772360324,0.0,0.0
2021-03-19,0.003524937360992242,0.0,0.0
2021-03-22,0.01875332756128234,0.0,0.0
2021-03-23,-0.004362684620153323,0.0,0.0
2021-03-24,-0.01686505120669235,0.0,0.0
2021-03-25,-0.001731930614561339,0.0,0.0
2021-03-26,0.015000309936294753,0.0,0.0
2021-03-29,-0.00028463350671370513,0.0,0.0
2021-03-30,-0.005033079505216587,0.0,0.0
2021-03-31,0.01530282077305456,0.0,0.0
2021-04-01,0.01704644776722497,0.0,0.0
2021-04-05,0.01996480980514459,-0.0009992504996874777,1.0
2021-04-06,-0.000694687405407679,-0.0006946874054076443,1.0
2021-04-07,0.0024180127245194694,0.002418012724519562,1.0
2021-04-08,0.010433635144596387,0.010433635144596443,1.0
2021-04-09,0.006058422915933281,0.00605842291593333,1.0
2021-04-12,-0.001305190916857435,-0.0013051909168574395,1.0
2021-04-13,0.011673328947087835,0.011673328947087832,1.0
2021-04-14,-0.012008831605441972,-0.012008831605441908,1.0
2021-04-15,0.015156027033153663,0.01515602703315357,1.0
2021-04-16,0.0011708651158779393,0.0011708651158777623,1.0
2021-04-19,-0.009151523207288625,-0.009151523207288549,1.0
2021-04-20,-0.007288951367384389,-0.00728895136738435,1.0
2021-04-21,0.008561099487664814,0.008561099487664751,1.0
2021-04-22,-0.012054920457975404,-0.012054920457975533,1.0
2021-04-23,0.0125899050842746,0.012589905084274674,1.0
2021-04-26,0.00651084939055635,0.00651084939055627,1.0
2021-04-27,-0.004332270354975742,-0.004332270354975926,1.0
2021-04-28,-0.0033805130475771383,-0.003380513047577125,1.0
2021-04-29,0.0035986095158564435,0.003598609515856629,1.0
2021-04-30,-0.0065546704953678425,-0.006554670495367822,1.0
2021-05-03,-0.005325465447300837,-0.0053254654473009096,1.0
2021-05-04,-0.017995860766609417,-0.017995860766609348,1.0
2021-05-05,-0.003362000035283086,-0.0033620000352830417,1.0
2021-05-06,0.007537105940002675,0.007537105940002539,1.0
2021-05-07,0.008114523160773324,0.008114523160773377,1.0
2021-05-10,-0.02525448682544773,-0.02525448682544785,1.0
2021-05-11,-0.0013814947163988123,-0.0013814947163987273,1.0
2021-05-12,-0.02588299666908378,-0.0258829966690839,1.0
2021-05-13,0.007731374715756134,0.0077313747157561055,1.0
2021-05-14,0.022076960941034507,0.02207696094103446,1.0
2021-05-17,-0.006066264769713059,-0.006066264769713026,1.0
2021-05-18,-0.006750572171207336,-0.00675057217120727,1.0
2021-05-19,0.0011480163352466377,0.0011480163352465364,1.0
2021-05-20,0.0193434123212759,0.019343412321275896,1.0
2021-05-21,-0.005534799220756614,-0.005534799220756715,1.0
2021-05-24,0.01681907710774211,0.016819077107742192,1.0
2021-05-25,0.0013835584065589046,0.0013835584065588428,1.0
2021-05-26,0.0034836636549924194,0.003483663654992462,1.0
2021-05-27,-0.0037410417102831106,-0.003741041710283115,1.0
2021-05-28,0.0031543509719302865,0.0031543509719302743,1.0
2021-06-01,-0.0033241249506693604,-0.003324124950669444,1.0
2021-06-02,0.001953131096735783,0.0019531310967359546,1.0
2021-06-03,-0.010405960278467852,-0.010405960278467753,1.0
2021-06-04,0.01696986892118768,0.016969868921187656,1.0
2021-06-07,0.002979630110483633,0.0029796301104836297,1.0
2021-06-08,0.00047550410309349367,0.00047550410309348386,1.0
2021-06-09,0.00023754556812982663,0.00023754556812973968,1.0
2021-06-10,0.010420362344332856,0.010420362344332901,1.0
2021-06-11,0.0026146691569863822,0.002614669156986421,1.0
2021-06-14,0.00958290721774091,0.009582907217740749,1.0
2021-06-15,-0.0065308936270693785,-0.006530893627069361,1.0
2021-06-16,-0.0036523609500646037,-0.003652360950064591,1.0
2021-06-17,0.012697413591034046,0.012697413591034136,1.0
2021-06-18,-0.007846899583095812,-0.007846899583095852,1.0
2021-06-21,0.00621472134687906,0.006214721346879102,1.0
2021-06-22,0.009321715143719045,0.009321715143718967,1.0
2021-06-23,0.000489185313294449,0.0004891853132944397,1.0
2021-06-24,0.006182858075044262,0.006182858075044243,1.0
2021-06-25,-0.0012288292527687927,-0.0012288292527688196,1.0
2021-06-28,0.012161417733073332,0.012161417733073351,1.0
2021-06-29,0.003618670504865973,0.003618670504866057,1.0
2021-06-30,-0.0015774600377675974,-0.0015774600377676084,1.0
2021-07-01,0.00039516553035134905,0.0003951655303513676,1.0
2021-07-02,0.011478598186539513,0.011478598186539448,1.0
2021-07-06,0.004321572025308917,0.004321572025309035,1.0
2021-07-07,0.0021103686208885364,0.002110368620888618,1.0
2021-07-08,-0.006039776731770585,-0.006039776731770581,1.0
2021-07-09,0.006243534846574361,0.006243534846574333,1.0
2021-07-12,0.003905674294341077,0.003905674294341092,1.0
2021-07-13,0.0,0.0,1.0
2021-07-14,0.001793703686189918,0.0017937036861899634,1.0
2021-07-15,-0.00702347863171171,-0.007023478631711731,1.0
2021-07-16,-0.008099507234911485,-0.008099507234911481,1.0
2021-07-19,-0.008193344462974261,-0.008193344462974343,1.0
2021-07-20,0.01161624490418367,0.010604881563340695,0.0
2021-07-21,0.0077206785208394635,-0.000999250499687446,1.0
2021-07-22,0.0066100363803349715,0.006610036380334921,1.0
2021-07-23,0.011677494986163772,0.01167749498616381,1.0
2021-07-26,0.000787590740112476,0.0007875907401124031,1.0
2021-07-27,-0.011017934352356318,-0.011017934352356297,1.0
2021-07-28,0.003841495346069701,0.003841495346069816,1.0
2021-07-29,0.0017768120822878597,0.0017768120822877695,1.0
2021-07-30,-0.005211752992081653,-0.0052117529920817215,1.0
2021-08-02,8.219990049762593e-05,8.219990049756271e-05,1.0
2021-08-03,0.006061507208373174,0.006061507208373291,1.0
2021-08-04,0.0014451875460461672,0.0014451875460461403,1.0
2021-08-05,0.006342783377190742,0.006342783377190836,1.0
2021-08-06,-0.004382489606260753,-0.004382489606260704,1.0
2021-08-09,0.0018477737560078644,0.0018477737560079139,1.0
2021-08-10,-0.005126052555768923,-0.005126052555768869,1.0
2021-08-11,-0.001717059519072417,-0.0017170595190725052,1.0
2021-08-12,0.00360437625683252,0.0036043762568326093,1.0
2021-08-13,0.0035099790645285456,0.003509979064528638,1.0
2021-08-16,0.00043388763921559104,0.00043388763921550777,1.0
2021-08-17,-0.0088080449077087,-0.00880804490770859,1.0
2021-08-18,-0.009624542337917985,-0.009624542337918082,1.0
2021-08-19,0.004831125896807231,0.004831125896807246,1.0
2021-08-20,0.010358304545385444,0.010358304545385557,1.0
2021-08-23,0.01495692985005026,0.01495692985005007,1.0
2021-08-24,0.003054405111361902,0.0030544051113620195,1.0
2021-08-25,0.0011483082381520404,0.0011483082381519541,1.0
2021-08-26,-0.0063497718057311525,-0.006349771805731209,1.0
2021-08-27,0.009720156361455068,0.009720156361455193,1.0
2021-08-30,0.011222025736284946,0.011222025736284912,1.0
2021-08-31,-0.0008151235730479156,-0.0008151235730479246,1.0
2021-09-01,0.0016580610369063553,0.0016580610369064449,1.0
2021-09-02,-0.0004726996728531274,-0.000472699672853205,1.0
2021-09-03,0.003075612909241743,0.0030756129092416673,1.0
2021-09-07,0.001414831518602666,0.0014148315186025577,1.0
2021-09-08,-0.0034804005275079763,-0.0034804005275079213,1.0
2021-09-09,-0.0034404468080133643,-0.003440446808013452,1.0
2021-09-10,-0.007589379161687004,-0.007589379161687022,1.0
2021-09-13,-0.000690551394851191,-0.0006905513948511856,1.0
2021-09-14,-0.0028431606594668812,-0.002843160659466819,1.0
2021-09-15,0.0074347803826175785,0.007434780382617477,1.0
2021-09-16,0.0006877182650835145,0.0006877182650833845,1.0
2021-09-17,-0.011842186525014897,-0.01184218652501482,1.0
2021-09-20,-0.020663241186780423,-0.02066324118678039,1.0
2021-09-21,0.0012306618260176094,0.0012306618260175552,1.0
2021-09-22,0.009340521328071283,0.009340521328071344,1.0
2021-09-23,0.009226630743111919,0.00922663074311185,1.0
2021-09-24,0.0009385829864421158,0.0009385829864422459,1.0
2021-09-27,-0.00798204322132956,-0.007982043221329558,1.0
2021-09-28,-0.028297897351423074,-0.028297897351423,1.0
2021-09-29,-0.0016394472855246756,-0.0016394472855246853,1.0
2021-09-30,-0.003673940672279663,-0.003673940672279591,1.0
2021-10-01,0.006202031852289069,0.006202031852289137,1.0
2021-10-04,-0.020989757981815793,-0.020989757981815776,1.0
2021-10-05,0.013499169524441967,0.013499169524442035,1.0
2021-10-06,0.006407655154526237,0.006407655154526333,1.0
2021-10-07,0.00917502180027241,0.009175021800272326,1.0
2021-10-08,-0.004986584863932664,-0.00498658486393257,1.0
2021-10-11,-0.007669694357644197,-0.007669694357644286,1.0
2021-10-12,-0.0034878803694544658,-0.003487880369454462,1.0
2021-10-13,0.008008092173095172,0.008008092173095246,1.0
2021-10-14,0.018416722864246893,0.018416722864246896,1.0
2021-10-15,0.0063005659808674785,0.006300565980867522,1.0
2021-10-18,0.010055708202863167,0.010055708202863266,1.0
2021-10-19,0.007567572488291763,0.007567572488291677,1.0
2021-10-20,-0.0013048834497645379,-0.0013048834497645088,1.0
2021-10-21,0.0061068222711417874,0.00610682227114185,1.0
2021-10-22,-0.008402476991037244,-0.008402476991037243,1.0
2021-10-25,0.010237833232101368,0.010237833232101418,1.0
2021-10-26,0.003148470471017184,0.003148470471017259,1.0
2021-10-27,0.002321587942622827,0.0023215879426227637,1.0
2021-10-28,0.011105180728657738,0.01110518072865787,1.0
2021-10-29,0.004919014480313066,0.004919014480313141,1.0
2021-11-01,0.003418808286003605,0.003418808286003554,1.0
2021-11-02,0.004181260093787165,0.004181260093787072,1.0
2021-11-03,0.010615706110169043,0.010615706110169012,1.0
2021-11-04,0.012818658987529208,0.012818658987529253,1.0
2021-11-05,0.0009538695647852702,0.0009538695647852113,1.0
2021-11-08,-0.0013545389189394408,-0.0013545389189394258,1.0
2021-11-09,-0.006883358592278954,-0.006883358592278887,1.0
2021-11-10,-0.01469714330936367,-0.014697143309363753,1.0
2021-11-11,0.0027729446533601987,0.0027729446533601644,1.0
2021-11-12,0.01052262330234166,0.010522623302341617,1.0
2021-11-15,-0.000228239097166405,-0.0002282390971663713,1.0
2021-11-16,0.007121204957262206,0.007121204957262251,1.0
2021-11-17,0.000528359717728577,0.0005283597177286968,1.0
2021-11-18,0.010361125044928254,0.010361125044928358,1.0
2021-11-19,0.0055755917102859875,0.005575591710285842,1.0
2021-11-22,-0.011609121002369438,-0.011609121002369393,1.0
2021-11-23,-0.004557821320503308,-0.00455782132050329,1.0
2021-11-24,0.0032203348844825896,0.0032203348844825216,1.0
2021-11-26,-0.0189590016561606,-0.01895900165616054,1.0
2021-11-29,0.0217023945066539,0.02170239450665391,1.0
2021-11-30,-0.014686322092376969,-0.014686322092377024,1.0
2021-12-01,-0.017012780043247022,-0.017012780043246946,1.0
2021-12-02,0.007207056477737783,0.006200101223024263,0.0
2021-12-03,-0.017388646603409663,0.0,0.0
2021-12-06,0.008012922730721295,0.0,0.0
2021-12-07,0.030113721994160514,0.0,0.0
2021-12-08,0.0044743905685815655,-0.0009992504996874524,1.0
2021-12-09,-0.014714101041008898,-0.014714101041008952,1.0
2021-12-10,0.010870380333673602,0.010870380333673508,1.0
2021-12-13,-0.014446837369971322,-0.01444683736997132,1.0
2021-12-14,-0.010350342634489529,-0.011339744879440592,0.0
2021-12-15,0.02279754083577301,0.0,0.0
2021-12-16,-0.025714713813855483,0.0,0.0
2021-12-17,-0.004989145822735241,-0.0009992504996876436,1.0
2021-12-20,-0.00970035231499422,-0.01069040438776738,0.0
2021-12-21,0.022380472314391886,0.0,0.0
2021-12-22,0.012178388424296527,0.0,0.0
2021-12-23,0.007539232845213295,0.0,0.0
2021-12-27,0.016527214278567293,0.0,0.0
2021-12-28,-0.004634769063929234,0.0,0.0
2021-12-29,-0.0001493506488434715,0.0,0.0
2021-12-30,-0.002988474766946525,0.0,0.0
2021-12-31,-0.006244435595202713,0.0,0.0
2022-01-03,0.009626460833271455,0.0,0.0
2022-01-04,-0.01297031407222382,0.0,0.0
2022-01-05,-0.030721049766423203,0.0,0.0
2022-01-06,-0.0007028582903808589,0.0,0.0
2022-01-07,-0.010832529365585764,0.0,0.0
2022-01-10,0.0006580357286642968,0.0,0.0
2022-01-11,0.015022036055428512,0.0,0.0
2022-01-12,0.00396560593835904,0.0,0.0
2022-01-13,-0.025016110518684576,0.0,0.0
2022-01-14,0.006222299602712367,0.0,0.0
2022-01-18,-0.02489395341280798,0.0,0.0
2022-01-19,-0.010983585323048883,0.0,0.0
2022-01-20,-0.012988420383330146,0.0,0.0
2022-01-21,-0.02772867619650743,0.0,0.0
2022-01-24,0.004577731885490266,0.0,0.0
2022-01-25,-0.023181175964153033,0.0,0.0
2022-01-26,-0.001564851623614194,0.0,0.0
2022-01-27,-0.010070441743989411,0.0,0.0
2022-01-28,0.03136900802853537,0.0,0.0
2022-01-31,0.031978550953434715,0.0,0.0
2022-02-01,0.006803298909566102,0.0,0.0
2022-02-02,0.008125459323397033,0.0,0.0
2022-02-03,-0.04054383311749277,0.0,0.0
2022-02-04,0.012614813928167212,-0.0009992504996876833,1.0
2022-02-07,-0.008044423831122582,-0.00903613141839731,0.0
2022-02-08,0.011235332735948234,0.0,0.0
2022-02-09,0.02119066144392945,0.0,0.0
2022-02-10,-0.022632422657571927,0.0,0.0
2022-02-11,-0.031721806091946525,0.0,0.0
2022-02-14,0.0012390628389615799,0.0,0.0
2022-02-15,0.024864249120783555,0.0,0.0
2022-02-16,-0.0002529877795098834,0.0,0.0
2022-02-17,-0.029743542751612284,0.0,0.0
2022-02-18,-0.01140540735906903,0.0,0.0
2022-02-22,-0.010043920392692196,0.0,0.0
2022-02-23,-0.02561514180362412,0.0,0.0
2022-02-24,0.033604380122719046,0.0,0.0
2022-02-25,0.015507055659651492,0.0,0.0
2022-02-28,0.002978929837102351,0.0,0.0
2022-03-01,-0.015311291911569103,0.0,0.0
2022-03-02,0.016779249154483145,0.0,0.0
2022-03-03,-0.014284757886508515,0.0,0.0
2022-03-04,-0.014492044274560523,0.0,0.0
2022-03-07,-0.036880950126682466,0.0,0.0
2022-03-08,-0.004648335407103521,0.0,0.0
2022-03-09,0.03599821836721362,0.0,0.0
2022-03-10,-0.011104610998209807,0.0,0.0
2022-03-11,-0.02073861346927952,0.0,0.0
2022-03-14,-0.019204670400072676,0.0,0.0
2022-03-15,0.031366920860079084,0.0,0.0
2022-03-16,0.03708679077462462,0.0,0.0
2022-03-17,0.012106170596234422,0.0,0.0
2022-03-18,0.020467711092596153,0.0,0.0
2022-03-21,-0.002779797567262099,0.0,0.0
2022-03-22,0.019652533140038564,0.0,0.0
2022-03-23,-0.014371382051023285,-0.0009992504996875254,1.0
2022-03-24,0.022226676910272358,0.02222667691027236,1.0
2022-03-25,-0.0008341533300141313,-0.0008341533300141847,1.0
2022-03-28,0.01547249006681417,0.01547249006681409,1.0
2022-03-29,0.017209592579318977,0.017209592579319033,1.0
2022-03-30,-0.01104539462627685,-0.011045394626276865,1.0
2022-03-31,-0.012394927213377982,-0.012394927213378103,1.0
2022-04-01,-0.0019030428202783112,-0.0019030428202782598,1.0
2022-04-04,0.020588499897349788,0.020588499897349722,1.0
2022-04-05,-0.022204352737297595,-0.02220435273729757,1.0
2022-04-06,-0.02171153065575282,-0.021711530655752938,1.0
2022-04-07,0.0023781443804065105,0.001376016830562235,0.0
2022-04-08,-0.013979031231943884,0.0,0.0
2022-04-11,-0.02365737776487553,0.0,0.0
2022-04-12,-0.004224373313240104,0.0,0.0
2022-04-13,0.02032675662793304,0.0,0.0
2022-04-14,-0.022866841031512375,0.0,0.0
2022-04-18,0.0007684159919032485,0.0,0.0
2022-04-19,0.02235067426684867,0.0,0.0
2022-04-20,-0.014584467810527357,0.0,0.0
2022-04-21,-0.02069086537507958,0.0,0.0
2022-04-22,-0.026186138171211404,0.0,0.0
2022-04-25,0.012845900610173544,0.0,0.0
2022-04-26,-0.03774500232056677,0.0,0.0
2022-04-27,-0.0011982877200553688,0.0,0.0
2022-04-28,0.03551588585111465,0.0,0.0
2022-04-29,-0.04499863547871863,0.0,0.0
2022-05-02,0.016696093175810445,0.0,0.0
2022-05-03,0.0010672215799130136,0.0,0.0
2022-05-04,0.03381248796135061,0.0,0.0
2022-05-05,-0.050363981744209196,0.0,0.0
2022-05-06,-0.011981107550483205,0.0,0.0
2022-05-09,-0.039126871988005796,0.0,0.0
2022-05-10,0.012148965592868377,0.0,0.0
2022-05-11,-0.029658548070116586,0.0,0.0
2022-05-12,-0.002364066701465606,0.0,0.0
2022-05-13,0.03705991904385053,0.0,0.0
2022-05-16,-0.011591692898535455,0.0,0.0
2022-05-17,0.025901228626489026,0.0,0.0
2022-05-18,-0.0490901387868381,0.0,0.0
2022-05-19,-0.005358626449077253,0.0,0.0
2022-05-20,-0.0031077671240153926,0.0,0.0
2022-05-23,0.01662747823761479,0.0,0.0
2022-05-24,-0.02126211045540294,0.0,0.0
2022-05-25,0.0139953063191256,0.0,0.0
2022-05-26,0.02770701517402907,0.0,0.0
2022-05-27,0.032639829206264626,0.0,0.0
2022-05-31,-0.0026530264500848055,0.0,0.0
2022-06-01,-0.007395851924004937,0.0,0.0
2022-06-02,0.027385744688802838,0.0,0.0
2022-06-03,-0.026019411283101035,0.0,0.0
2022-06-06,0.003331191329386307,0.0,0.0
2022-06-07,0.008625406475148534,-0.000999250499687669,1.0
2022-06-08,-0.007196324334599602,-0.008188879809346043,0.0
2022-06-09,-0.026784600344300857,0.0,0.0
2022-06-10,-0.03527070826899159,0.0,0.0
2022-06-13,-0.0464963102212782,0.0,0.0
2022-06-14,0.0018155706083931022,0.0,0.0
2022-06-15,0.024971857361879124,0.0,0.0
2022-06-16,-0.04034639731546952,0.0,0.0
2022-06-17,0.012159521169571308,0.0,0.0
2022-06-21,0.025229565779770757,0.0,0.0
2022-06-22,-0.0014586764883400827,0.0,0.0
2022-06-23,0.014893081738582392,0.0,0.0
2022-06-24,0.03426341130958255,0.0,0.0
2022-06-27,-0.007331538608347232,0.0,0.0
2022-06-28,-0.0304670551521663,-0.0009992504996876362,1.0
2022-06-29,0.0009171774228771135,-8.348952525135917e-05,0.0
2022-06-30,-0.012403165351443257,0.0,0.0
2022-07-01,0.0066004649044451025,0.0,0.0
2022-07-05,0.01711986220136419,0.0,0.0
2022-07-06,0.006412161398592131,0.0,0.0
2022-07-07,0.021398887490006846,0.0,0.0
2022-07-08,0.0012542438465881212,-0.000999250499687611,1.0
2022-07-11,-0.02136425807492659,-0.021364258074926642,1.0
2022-07-12,-0.009687401984825206,-0.009687401984825152,1.0
2022-07-13,-0.0020612260728110066,-0.002061226072810956,1.0
2022-07-14,0.003570778362245841,0.0035707783622456967,1.0
2022-07-15,0.018139333961671333,0.01813933396167146,1.0
2022-07-18,-0.008462687034115568,-0.008462687034115643,1.0
2022-07-19,0.030753249907962132,0.030753249907962056,1.0
2022-07-20,0.015856373978660132,0.015856373978660132,1.0
2022-07-21,0.014355235236284791,0.014355235236284729,1.0
2022-07-22,-0.01753512814445146,-0.017535128144451333,1.0
2022-07-25,-0.005695903671349312,-0.005695903671349346,1.0
2022-07-26,-0.019648852028263053,-0.019648852028263036,1.0
2022-07-27,0.042259712567410235,0.0422597125674102,1.0
2022-07-28,0.009778342219554093,0.009778342219554016,1.0
2022-07-29,0.018236589338898046,0.01823658933889807,1.0
2022-08-01,-0.000602219976137186,-0.0006022199761371272,1.0
2022-08-02,-0.002981570089909291,-0.002981570089909358,1.0
2022-08-03,0.02723253805237058,0.027232538052370393,1.0
2022-08-04,0.004676584275608908,0.004676584275608901,1.0
2022-08-05,-0.008168942613517971,-0.008168942613517945,1.0
2022-08-08,-0.0032324415916815674,-0.003232441591681545,1.0
2022-08-09,-0.011318544410889753,-0.01230697869611483,0.0
2022-08-10,0.027911191904200994,0.0,0.0
2022-08-11,-0.00567628490937766,0.0,0.0
2022-08-12,0.019470488477395076,0.0,0.0
2022-08-15,0.008081510603208386,0.0,0.0
2022-08-16,-0.0023421466400688207,0.0,0.0
2022-08-17,-0.01140610158108657,0.0,0.0
2022-08-18,0.002404909587413684,0.0,0.0
2022-08-19,-0.01949702396300257,0.0,0.0
2022-08-22,-0.02632708371532011,0.0,0.0
2022-08-23,-0.0008272567366810479,0.0,0.0
2022-08-24,0.002897596679312775,0.0,0.0
2022-08-25,0.017681512197107452,0.0,0.0
2022-08-26,-0.04098805616910317,0.0,0.0
2022-08-29,-0.009855545844990043,0.0,0.0
2022-08-30,-0.011136469260731419,0.0,0.0
2022-08-31,-0.005813471504743761,0.0,0.0
2022-09-01,0.00043448466545004116,0.0,0.0
2022-09-02,-0.014128092870401843,0.0,0.0
2022-09-06,-0.007182865034858099,0.0,0.0
2022-09-07,0.020201676353588383,0.0,0.0
2022-09-08,0.005184216292997146,0.0,0.0
2022-09-09,0.02186228658528977,0.0,0.0
2022-09-12,0.0118859192081322,0.0,0.0
2022-09-13,-0.05483688166233136,-0.0009992504996874066,1.0
2022-09-14,0.007933160722554566,0.00692547954512242,0.0
2022-09-15,-0.016653620455613805,0.0,0.0
2022-09-16,-0.006114709238163263,0.0,0.0
2022-09-19,0.007787149306711871,0.0,0.0
2022-09-20,-0.007970976721358825,0.0,0.0
2022-09-21,-0.017905929246383567,0.0,0.0
2022-09-22,-0.012307949737364599,0.0,0.0
2022-09-23,-0.01628139558704389,0.0,0.0
2022-09-26,-0.004138113254663511,0.0,0.0
2022-09-27,0.000400933843640372,0.0,0.0
2022-09-28,0.019892405371361166,0.0,0.0
2022-09-29,-0.028827538342790393,0.0,0.0
2022-09-30,-0.016956975771566185,0.0,0.0
2022-10-03,0.02346038349815638,0.0,0.0
2022-10-04,0.03144100059217769,0.0,0.0
2022-10-05,-0.0005316397573598142,0.0,0.0
2022-10-06,-0.007873117929609097,0.0,0.0
2022-10-07,-0.03810413795796763,0.0,0.0
2022-10-10,-0.009996224184821267,0.0,0.0
2022-10-11,-0.013738035154100214,0.0,0.0
2022-10-12,-0.0003427491738973165,0.0,0.0
2022-10-13,0.023452675899228836,0.0,0.0
2022-10-14,-0.03005746376320184,0.0,0.0
2022-10-17,0.033021513335131036,0.0,0.0
2022-10-18,0.007907827235403397,0.0,0.0
2022-10-19,-0.0036465867148064435,0.0,0.0
2022-10-20,-0.00510191010325689,0.0,0.0
2022-10-21,0.023447574445448538,0.0,0.0
2022-10-24,0.01100132628850714,0.0,0.0
2022-10-25,0.020685896165370643,0.0,0.0
2022-10-26,-0.02209615554857014,0.0,0.0
2022-10-27,-0.018206155830155835,0.0,0.0
2022-10-28,0.030600949867687577,0.0,0.0
2022-10-31,-0.011628025722050683,0.0,0.0
2022-11-01,-0.010217686818128291,0.0,0.0
2022-11-02,-0.0342770402719198,0.0,0.0
2022-11-03,-0.019535082312528873,0.0,0.0
2022-11-04,0.01608504328367033,0.0,0.0
2022-11-07,0.010994497031510564,0.0,0.0
2022-11-08,0.00728744023033312,0.0,0.0
2022-11-09,-0.023076629985825936,-0.000999250499687617,1.0
2022-11-10,0.07378881990522901,0.07271529953252892,0.0
2022-11-11,0.01842593959308836,-0.0009992504996875972,1.0
2022-11-14,-0.008751156388871029,-0.008751156388870938,1.0
2022-11-15,0.013838416204529524,0.01282483124792907,0.0
2022-11-16,-0.013649528350223594,0.0,0.0
2022-11-17,-0.0022072131678205764,-0.0009992504996875263,1.0
2022-11-18,3.540142309343963e-05,3.54014230934045e-05,1.0
2022-11-21,-0.010287311285859135,-0.010287311285859167,1.0
2022-11-22,0.014402817332503925,0.014402817332503818,1.0
2022-11-23,0.010036735098901906,0.010036735098901847,1.0
2022-11-25,-0.006578516469798568,-0.006578516469798609,1.0
2022-11-28,-0.014673302781269215,-0.015658383146813646,0.0
2022-11-29,-0.00756946302348116,0.0,0.0
2022-11-30,0.04558572396676985,0.0,0.0
2022-12-01,0.0012273048623574478,-0.0009992504996875844,1.0
2022-12-02,-0.003983585709636861,-0.003983585709636895,1.0
2022-12-05,-0.01678308053272992,-0.01678308053272988,1.0
2022-12-06,-0.020720509539762455,-0.020720509539762465,1.0
2022-12-07,-0.004082822721913626,-0.005078490919897251,0.0
2022-12-08,0.011834668492748834,0.0,0.0
2022-12-09,-0.006376542049733369,-0.0009992504996875016,1.0
2022-12-12,0.012551589949962416,0.01255158994996232,1.0
2022-12-13,0.010749955512299403,0.010749955512299353,1.0
2022-12-14,-0.007413693368716556,-0.007413693368716526,1.0
2022-12-15,-0.033576480578454415,-0.03357648057845444,1.0
2022-12-16,-0.00953460971785225,-0.009534609717852364,1.0
2022-12-19,-0.01405339191682975,-0.01405339191682964,1.0
2022-12-20,-0.0007785578877530508,-0.0007785578877530405,1.0
2022-12-21,0.014506046785686344,0.0145060467856864,1.0
2022-12-22,-0.02446526191094134,-0.024465261910941356,1.0
2022-12-23,0.00224943475203343,0.00224943475203337,1.0
2022-12-27,-0.01413838645769383,-0.014138386457693853,1.0
2022-12-28,-0.01320286052624775,-0.01320286052624774,1.0
2022-12-29,0.024375418111505454,0.02437541811150547,1.0
2022-12-30,-0.00060075657927805,-0.000600756579277994,1.0
2023-01-03,-0.006759650453563193,-0.006759650453563291,1.0
2023-01-04,0.00476407575329052,0.00476407575329054,1.0
2023-01-05,-0.015654137349021213,-0.015654137349021113,1.0
2023-01-06,0.027601318886032677,0.027601318886032705,1.0
2023-01-09,0.006473260885331289,0.006473260885331315,1.0
2023-01-10,0.008464309274308635,0.00846430927430869,1.0
2023-01-11,0.017300167981745718,0.017300167981745603,1.0
2023-01-12,0.005404572091386228,0.0054045720913861815,1.0
2023-01-13,0.006880406320501464,0.006880406320501379,1.0
2023-01-17,0.00202860372257585,0.002028603722575973,1.0
2023-01-18,-0.012999895473447265,-0.012999895473447213,1.0
2023-01-19,-0.00982423865064197,-0.009824238650641985,1.0
2023-01-20,0.027366762446166426,0.02736676244616648,1.0
2023-01-23,0.02221589880684638,0.022215898806846452,1.0
2023-01-24,-0.002041914918954446,-0.0020419149189544157,1.0
2023-01-25,-0.0022192013726003434,-0.002219201372600393,1.0
2023-01-26,0.01949729521108079,0.019497295211081005,1.0
2023-01-27,0.009954474056666829,0.00995447405666677,1.0
2023-01-30,-0.02021873868707169,-0.020218738687071736,1.0
2023-01-31,0.014986103574448517,0.013971371217400046,0.0
2023-02-01,0.021383417387281334,0.0,0.0
2023-02-02,0.0358900612878299,0.0,0.0
2023-02-03,-0.017772501668847474,-0.0009992504996875569,1.0
2023-02-06,-0.00845901053102005,-0.00845901053102007,1.0
2023-02-07,0.020718687120672596,0.020718687120672485,1.0
2023-02-08,-0.01778125711311085,-0.017781257113110856,1.0
2023-02-09,-0.008837741665871146,-0.00883774166587117,1.0
2023-02-10,-0.006562891677500238,-0.006562891677500214,1.0
2023-02-13,0.016015823074173596,0.01601582307417355,1.0
2023-02-14,0.007388995050651603,0.007388995050651643,1.0
2023-02-15,0.00766118409531491,0.0076611840953147645,1.0
2023-02-16,-0.018764388052513792,-0.018764388052513747,1.0
2023-02-17,-0.007055584572502993,-0.00705558457250299,1.0
2023-02-21,-0.02367528811729247,-0.02367528811729248,1.0
2023-02-22,0.0007481590986164743,0.0007481590986165223,1.0
2023-02-23,0.008734238651543436,0.008734238651543392,1.0
2023-02-24,-0.016743963527003025,-0.016743963527003008,1.0
2023-02-27,0.007160919610138539,0.0071609196101384736,1.0
2023-02-28,-0.0012927282605103008,-0.0012927282605102175,1.0
2023-03-01,-0.008039143925531067,-0.008039143925531119,1.0
2023-03-02,0.008275828585428746,0.008275828585428708,1.0
2023-03-03,0.020673916146975335,0.020673916146975283,1.0
2023-03-06,0.0011346449103866174,0.0011346449103865686,1.0
2023-03-07,-0.012265997549976704,-0.012265997549976596,1.0
2023-03-08,0.004994314325283744,0.0049943143252836174,1.0
2023-03-09,-0.01732578927044537,-0.017325789270445386,1.0
2023-03-10,-0.014043955368094219,-0.014043955368094234,1.0
2023-03-13,0.007416574464475412,0.007416574464475393,1.0
2023-03-14,0.02297969412472267,0.022979694124722595,1.0
2023-03-15,0.0052461515986592655,0.00524615159865937,1.0
2023-03-16,0.026360658934695635,0.026360658934695573,1.0
2023-03-17,-0.00472613718393966,-0.004726137183939565,1.0
2023-03-20,0.003549069420964557,0.0035490694209644714,1.0
2023-03-21,0.014282244648883724,0.014282244648883707,1.0
2023-03-22,-0.013598117385668407,-0.013598117385668499,1.0
2023-03-23,0.011858257922493065,0.011858257922493079,1.0
2023-03-24,0.0036805718186809777,0.0036805718186809365,1.0
2023-03-27,-0.00685138725464951,-0.006851387254649464,1.0
2023-03-28,-0.005311675494954815,-0.005311675494954787,1.0
2023-03-29,0.018234051001401852,0.018234051001401783,1.0
2023-03-30,0.009465317631711878,0.009465317631711835,1.0
2023-03-31,0.01663055496841359,0.01663055496841355,1.0
2023-04-03,-0.0024302424313120685,-0.0024302424313120204,1.0
2023-04-04,-0.0033735669915661015,-0.0033735669915660395,1.0
2023-04-05,-0.00987235747702353,-0.009872357477023577,1.0
2023-04-06,0.006742006968964764,0.006742006968964834,1.0
2023-04-10,-0.0005656479073471443,-0.0005656479073470723,1.0
2023-04-11,-0.006417662898241527,-0.006417662898241653,1.0
2023-04-12,-0.008833991314666112,-0.00883399131466601,1.0
2023-04-13,0.019582133267566304,0.019582133267566134,1.0
2023-04-14,-0.001879882914770259,-0.001879882914770249,1.0
2023-04-17,0.0008473795456125366,0.0008473795456125321,1.0
2023-04-18,6.270487574777661e-05,6.270487574775647e-05,1.0
2023-04-19,-0.0004702083241305832,-0.00047020832413052457,1.0
2023-04-20,-0.007624528948537379,-0.007624528948537297,1.0
2023-04-21,0.0010433487671221986,0.001043348767122064,1.0
2023-04-24,-0.0020844244440085813,-0.002084424444008557,1.0
2023-04-25,-0.018863858102029174,-0.018863858102029285,1.0
2023-04-26,0.006064640686363809,0.0050588275618377075,0.0
2023-04-27,0.027191026000324525,0.0,0.0
2023-04-28,0.006898507641450058,-0.0009992504996875467,1.0
2023-05-01,-0.0011469990248724748,-0.001146999024872495,1.0
2023-05-02,-0.008721663279814384,-0.008721663279814369,1.0
2023-05-03,-0.006543673066936817,-0.00654367306693677,1.0
2023-05-04,-0.0035300957740471706,-0.00353009577404724,1.0
2023-05-05,0.021254428866513075,0.021254428866513065,1.0
2023-05-08,0.002477504761358107,0.0024775047613581937,1.0
2023-05-09,-0.006333204295332462,-0.006333204295332468,1.0
2023-05-10,0.010881885426556215,0.010881885426556302,1.0
2023-05-11,0.003260110972490571,0.0032601109724905808,1.0
2023-05-12,-0.003586946150626602,-0.003586946150626606,1.0
2023-05-15,0.005415046071800544,0.005415046071800492,1.0
2023-05-16,0.0011324375323022995,0.0011324375323023513,1.0
2023-05-17,0.012104002537926872,0.012104002537926751,1.0
2023-05-18,0.01857327764783734,0.018573277647837404,1.0
2023-05-19,-0.00225331597082179,-0.0022533159708215855,1.0
2023-05-22,0.003357947377743642,0.003357947377743509,1.0
2023-05-23,-0.012676460363614583,-0.012676460363614639,1.0
2023-05-24,-0.005129288036017088,-0.005129288036017016,1.0
2023-05-25,0.02433290850933645,0.024332908509336656,1.0
2023-05-26,0.025550337994358685,0.02555033799435865,1.0
2023-05-30,0.004535173902772582,0.004535173902772532,1.0
2023-05-31,-0.005686262315763302,-0.005686262315763287,1.0
2023-06-01,0.011552198126215663,0.01155219812621548,1.0
2023-06-02,0.0074998319522503465,0.007499831952250338,1.0
2023-06-05,0.000704798680424723,0.0007047986804247298,1.0
2023-06-06,-0.00016917623090606515,-0.00016917623090615487,1.0
2023-06-07,-0.01696534989478804,-0.01696534989478804,1.0
2023-06-08,0.012413324669142911,0.01241332466914296,1.0
2023-06-09,0.0038227305343880857,0.003822730534388123,1.0
2023-06-12,0.016897155649704843,0.016897155649704954,1.0
2023-06-13,0.007684029478561838,0.007684029478561983,1.0
2023-06-14,0.007267393962426594,0.00726739396242651,1.0
2023-06-15,0.011915879710160837,0.011915879710160945,1.0
2023-06-16,-0.006292924962641111,-0.006292924962641014,1.0
2023-06-20,-0.001431565668046808,-0.0014315656680468016,1.0
2023-06-21,-0.013627833786296839,-0.013627833786296896,1.0
2023-06-22,0.01179899698229847,0.011798996982298556,1.0
2023-06-23,-0.00991346546199412,-0.009913465461994191,1.0
2023-06-26,-0.013405115742840312,-0.013405115742840238,1.0
2023-06-27,0.01719388939890143,0.01719388939890138,1.0
2023-06-28,0.0019516296594113136,0.001951629659411172,1.0
2023-06-29,-0.002002682224534258,-0.0020026822245342566,1.0
2023-06-30,0.015420070236242367,0.01542007023624223,1.0
2023-07-03,0.0023551332491020815,0.002355133249102223,1.0
2023-07-05,-2.7084963602153067e-05,-2.708496360209481e-05,1.0
2023-07-06,-0.007615776890332215,-0.007615776890332351,1.0
2023-07-07,-0.0033201811616307975,-0.003320181161630721,1.0
2023-07-10,0.0003276811652934697,0.0003276811652936425,1.0
2023-07-11,0.0049406438770773775,0.004940643877077338,1.0
2023-07-12,0.0126298360965158,0.012629836096515839,1.0
2023-07-13,0.016978799300236602,0.016978799300236557,1.0
2023-07-14,-0.00021096116889518512,-0.0002109611688951972,1.0
2023-07-17,0.009338475886948805,0.009338475886948774,1.0
2023-07-18,0.008180839018461672,0.008180839018461596,1.0
2023-07-19,-0.00023343771487338572,-0.00023343771487329047,1.0
2023-07-20,-0.02305204283954232,-0.023052042839542337,1.0
2023-07-21,-0.0029991416542460847,-0.002999141654246178,1.0
2023-07-24,0.001597366180904558,0.001597366180904404,1.0
2023-07-25,0.006777649231996197,0.006777649231996317,1.0
2023-07-26,-0.0033263761264268332,-0.0033263761264269243,1.0
2023-07-27,-0.002384053735218994,-0.002384053735219059,1.0
2023-07-28,0.018214740722401368,0.018214740722401385,1.0
2023-07-31,0.0005214478209270013,0.0005214478209269005,1.0
2023-08-01,-0.0023195571557350636,-0.0023195571557350038,1.0
2023-08-02,-0.02194426073898237,-0.02194426073898234,1.0
2023-08-03,-0.0016025739379329496,-0.0016025739379329114,1.0
2023-08-04,-0.004681614416827129,-0.005676683972813994,0.0
2023-08-07,0.008466676576142973,-0.0009992504996875577,1.0
2023-08-08,-0.008502353217592296,-0.008502353217592303,1.0
2023-08-09,-0.01099444288960394,-0.011983201195325066,0.0
2023-08-10,0.001847952718877277,0.0,0.0
2023-08-11,-0.006375538258789448,0.0,0.0
2023-08-14,0.011222126117486075,0.0,0.0
2023-08-15,-0.010611562468061941,0.0,0.0
2023-08-16,-0.010588944019807478,0.0,0.0
2023-08-17,-0.010922810613813616,0.0,0.0
2023-08-18,-0.0012550756353224557,0.0,0.0
2023-08-21,0.01611149616250107,0.0,0.0
2023-08-22,-0.0014289686859861872,0.0,0.0
2023-08-23,0.015768407370006177,0.0,0.0
2023-08-24,-0.02137543606986536,-0.000999250499687709,1.0
2023-08-25,0.007751520179388072,0.006744020597088733,0.0
2023-08-28,0.007526843290152074,0.0,0.0
2023-08-29,0.02183986654642478,0.0,0.0
2023-08-30,0.005576850820421253,-0.0009992504996874966,1.0
2023-08-31,0.002998345723243867,0.0029983457232439833,1.0
2023-09-01,-0.0010579609652737743,-0.0010579609652738668,1.0
2023-09-05,0.0012711608647577588,0.0012711608647578353,1.0
2023-09-06,-0.008807821553160844,-0.008807821553160771,1.0
2023-09-07,-0.007151692237938101,-0.00715169223793817,1.0
2023-09-08,0.0013976285297485624,0.001397628529748461,1.0
2023-09-11,0.011782798284583729,0.01178279828458377,1.0
2023-09-12,-0.011088440568404856,-0.0110884405684048,1.0
2023-09-13,0.0038089444143158957,0.003808944414315932,1.0
2023-09-14,0.0081771995126656,0.008177199512665321,1.0
2023-09-15,-0.017122885739611515,-0.01712288573961141,1.0
2023-09-18,0.0010423554889420483,0.0010423554889420782,1.0
2023-09-19,-0.002131307942503602,-0.002131307942503611,1.0
2023-09-20,-0.01441032857993596,-0.014410328579936037,1.0
2023-09-21,-0.018324694832949406,-0.01832469483294936,1.0
2023-09-22,0.00013992616923474976,0.00013992616923462096,1.0
2023-09-25,0.004749720533332669,0.004749720533332727,1.0
2023-09-26,-0.015016238665094495,-0.015016238665094495,1.0
2023-09-27,0.0023433830394423705,0.0023433830394424264,1.0
2023-09-28,0.008365053677660494,0.008365053677660406,1.0
2023-09-29,0.0007261852798736701,0.0007261852798737443,1.0
2023-10-02,0.00834563317690784,0.008345633176907922,1.0
2023-10-03,-0.01754956181882461,-0.01754956181882469,1.0
2023-10-04,0.013608653670343251,0.013608653670343399,1.0
2023-10-05,-0.0029463681870838254,-0.0029463681870838154,1.0
2023-10-06,0.016755394118185496,0.01675539411818553,1.0
2023-10-09,0.005099975693754644,0.005099975693754485,1.0
2023-10-10,0.005537878655233808,0.005537878655233794,1.0
2023-10-11,0.007135341677750873,0.0071353416777508024,1.0
2023-10-12,-0.0034749077316947874,-0.003474907731694752,1.0
2023-10-13,-0.012570102575724884,-0.012570102575724862,1.0
2023-10-16,0.011306402035189622,0.01130640203518981,1.0
2023-10-17,-0.0032753876324405073,-0.0032753876324405694,1.0
2023-10-18,-0.013117825912644987,-0.013117825912644895,1.0
2023-10-19,-0.009356788119096793,-0.00935678811909677,1.0
2023-10-20,-0.01491810062071397,-0.01491810062071397,1.0
2023-10-23,0.003017577073864075,0.0020148102511844427,0.0
2023-10-24,0.009728214297233917,0.0,0.0
2023-10-25,-0.02447593683165783,0.0,0.0
2023-10-26,-0.019067080911900014,0.0,0.0
2023-10-27,0.004801232354799012,0.0,0.0
2023-10-30,0.011265114769754225,0.0,0.0
2023-10-31,0.004782509598004747,0.0,0.0
2023-11-01,0.017356552813802217,0.0,0.0
2023-11-02,0.018153402312370837,0.0,0.0
2023-11-03,0.011748994541694202,0.0,0.0
2023-11-06,0.004079181158579637,-0.000999250499687547,1.0
2023-11-07,0.00945274404773655,0.00844354366687499,0.0
2023-11-08,0.000643820722841193,0.0,0.0
2023-11-09,-0.0076954375255545715,-0.0009992504996877356,1.0
2023-11-10,0.02248223047614517,0.02248223047614516,1.0
2023-11-13,-0.003118500307646488,-0.004115132586963707,0.0
2023-11-14,0.021526341897856183,-0.0009992504996878002,1.0
2023-11-15,0.000752669102715986,0.0007526691027161584,1.0
2023-11-16,0.0008559051343532964,0.0008559051343533223,1.0
2023-11-17,0.00023297343757366917,0.0002329734375736137,1.0
2023-11-20,0.012175006471538685,0.012175006471538855,1.0
2023-11-21,-0.0058095144536796095,-0.0058095144536796095,1.0
2023-11-22,0.004092969575893557,0.004092969575893361,1.0
2023-11-24,-0.001410058849031448,-0.0014100588490313553,1.0
2023-11-27,-0.0008728297762236048,-0.000872829776223708,1.0
2023-11-28,0.0026209361626727823,0.002620936162672962,1.0
2023-11-29,-0.0009738949895502502,-0.0009738949895503867,1.0
2023-11-30,-0.002514185393671764,-0.0025141853936716993,1.0
2023-12-01,0.0028547952921753605,0.0028547952921754403,1.0
2023-12-04,-0.009283458653491783,-0.009283458653491884,1.0
2023-12-05,0.0025109749815845905,0.002510974981584558,1.0
2023-12-06,-0.00578392998215993,-0.005783929982159755,1.0
2023-12-07,0.013972269813824045,0.0139722698138241,1.0
2023-12-08,0.004456547470950145,0.0034523420376162284,0.0
2023-12-11,0.008542281748875835,-0.0009992504996876274,1.0
2023-12-12,0.007964144807678375,0.007964144807678455,1.0
2023-12-13,0.012717357583210465,0.012717357583210541,1.0
2023-12-14,-0.0008668715528742377,-0.0008668715528743897,1.0
2023-12-15,0.004834035074962717,0.00483403507496295,1.0
2023-12-18,0.006298639324703981,0.006298639324703852,1.0
2023-12-19,0.005109580156837934,0.005109580156838117,1.0
2023-12-20,-0.01485982102146588,-0.014859821021466003,1.0
2023-12-21,0.01163545883163608,0.011635458831636128,1.0
2023-12-22,0.0014960028933548308,0.0014960028933549076,1.0
2023-12-26,0.006121615797420876,0.006121615797420968,1.0
2023-12-27,0.002035729611487458,0.0020357296114875204,1.0
2023-12-28,-0.0004860462926211673,-0.0004860462926211929,1.0
2023-12-29,-0.0043275170409471375,-0.0043275170409470655,1.0
2024-01-02,-0.01692235784419638,-0.016922357844196413,1.0
2024-01-03,-0.01058144112896564,-0.010581441128965762,1.0
2024-01-04,-0.005146401827899272,-0.005146401827899215,1.0
2024-01-05,0.0011858082925571,0.00018487278071662103,0.0
2024-01-08,0.020668212975980316,0.0,0.0
2024-01-09,0.0019753259910328946,-0.0009992504996877679,1.0
2024-01-10,0.006777597053035711,0.006777597053035671,1.0
2024-01-11,0.0020808858539660413,0.0020808858539662326,1.0
2024-01-12,0.0005130025366049118,0.0005130025366048308,1.0
2024-01-16,-9.763949534957739e-05,-9.763949534951209e-05,1.0
2024-01-17,-0.00564091181688442,-0.005640911816884533,1.0
2024-01-18,0.014194242616510255,0.01419424261651037,1.0
2024-01-19,0.019831136355602963,0.019831136355603133,1.0
2024-01-22,0.001305741952875028,0.001305741952874931,1.0
2024-01-23,0.004149649023367674,0.004149649023367688,1.0
2024-01-24,0.005549097115991497,0.005549097115991433,1.0
2024-01-25,0.0012211791125642524,0.0012211791125643697,1.0
2024-01-26,-0.005957502803313086,-0.005957502803313071,1.0
2024-01-29,0.010240271956916791,0.010240271956916822,1.0
2024-01-30,-0.0066564704323772705,-0.006656470432377326,1.0
2024-01-31,-0.019585976040617514,-0.019585976040617504,1.0
2024-02-01,0.011775167617476878,0.011775167617476946,1.0
2024-02-02,0.016900593588081714,0.016900593588081644,1.0
2024-02-05,-0.0013051958907631667,-0.0013051958907633538,1.0
2024-02-06,-0.0020073085434193505,-0.002007308543419319,1.0
2024-02-07,0.01029021013820186,0.01029021013820195,1.0
2024-02-08,0.0018519690523284282,0.0018519690523285592,1.0
2024-02-09,0.009842997965370692,0.009842997965370614,1.0
2024-02-12,-0.003912622092972273,-0.003912622092972129,1.0
2024-02-13,-0.015597088210109633,-0.015597088210109734,1.0
2024-02-14,0.010897329403751543,0.010897329403751533,1.0
2024-02-15,0.002977882159164169,0.0029778821591641426,1.0
2024-02-16,-0.009067912829084479,-0.009067912829084514,1.0
2024-02-20,-0.007548096272058991,-0.007548096272058961,1.0
2024-02-21,-0.004001567073563916,-0.0040015670735639676,1.0
2024-02-22,0.029275485577640037,0.028246467410933628,0.0
2024-02-23,-0.002944701457680221,-0.0009992504996873838,1.0
2024-02-26,-0.0005266693073300299,-0.000526669307330098,1.0
2024-02-27,0.0024053373097345787,0.002405337309734469,1.0
2024-02-28,-0.005324530780053904,-0.005324530780053929,1.0
2024-02-29,0.008569414710502876,0.00856941471050296,1.0
2024-03-01,0.015056963984981575,0.015056963984981603,1.0
2024-03-04,-0.003568101849631522,-0.0035681018496315224,1.0
2024-03-05,-0.017949738281015204,-0.0179497382810152,1.0
2024-03-06,0.00628372996593396,0.006283729965933933,1.0
2024-03-07,0.015178141919359067,0.01517814191935901,1.0
2024-03-08,-0.014434861287694112,-0.014434861287694115,1.0
2024-03-11,-0.003712819498388975,-0.0037128194983888758,1.0
2024-03-12,0.014335081405341787,0.014335081405341928,1.0
2024-03-13,-0.007686001094026729,-0.007686001094026793,1.0
2024-03-14,-0.0025213359209617092,-0.002521335920961652,1.0
2024-03-15,-0.011886803761075648,-0.011886803761075596,1.0
2024-03-18,0.009537326583533012,0.00953732658353289,1.0
2024-03-19,0.0024914478927746675,0.0024914478927746805,1.0
2024-03-20,0.011856746601356605,0.010845142818942045,0.0
2024-03-21,0.004732281436834018,-0.000999250499687542,1.0
2024-03-22,0.0011437622803256442,0.0011437622803258162,1.0
2024-03-25,-0.0036292044887551445,-0.0036292044887551297,1.0
2024-03-26,-0.0032375555330705907,-0.0032375555330706705,1.0
2024-03-27,0.0034059462836442123,0.0034059462836441745,1.0
2024-03-28,-0.0018434220924163913,-0.001843422092416342,1.0
2024-04-01,0.002117078606821199,0.002117078606821312,1.0
2024-04-02,-0.008630211613238625,-0.008630211613238585,1.0
2024-04-03,0.0022444298522195094,0.0022444298522194287,1.0
2024-04-04,-0.015290738227725864,-0.015290738227725916,1.0
2024-04-05,0.01178394873671551,0.011783948736715521,1.0
2024-04-08,0.0002950734100291008,0.00029507341002900427,1.0
2024-04-09,0.0036996674253031436,0.003699667425303092,1.0
2024-04-10,-0.00872855001472983,-0.008728550014729851,1.0
2024-04-11,0.01596823136803649,0.015968231368036368,1.0
2024-04-12,-0.015941811586710042,-0.015941811586709917,1.0
2024-04-15,-0.016451098443017842,-0.016451098443017866,1.0
2024-04-16,9.293363986384584e-05,9.293363986374824e-05,1.0
2024-04-17,-0.012201404091795265,-0.01220140409179526,1.0
2024-04-18,-0.005706311024486377,-0.005706311024486513,1.0
2024-04-19,-0.020689327663962476,-0.020689327663962462,1.0
2024-04-22,0.010056911423603543,0.010056911423603505,1.0
2024-04-23,0.01492266541592091,0.014922665415920952,1.0
2024-04-24,0.0033877430015127885,0.0033877430015127508,1.0
2024-04-25,-0.004829934470441999,-0.004829934470441855,1.0
2024-04-26,0.015431823187968652,0.015431823187968572,1.0
2024-04-29,0.004060195550403378,0.004060195550403516,1.0
2024-04-30,-0.01885601871284459,-0.018856018712844605,1.0
2024-05-01,-0.007230524282845319,-0.007230524282845317,1.0
2024-05-02,0.012763233820547226,0.012763233820547245,1.0
2024-05-03,0.020098311986050055,0.020098311986050027,1.0
2024-05-06,0.010953524069070575,0.010953524069070766,1.0
2024-05-07,0.0001591161895460047,0.00015911618954597942,1.0
2024-05-08,-0.0005905582371159568,-0.0005905582371159281,1.0
2024-05-09,0.002181492665703777,0.002181492665704006,1.0
2024-05-10,0.0023582036555938046,0.002358203655593689,1.0
2024-05-13,0.00230731011993357,0.0023073101199337035,1.0
2024-05-14,0.0064323237618295614,0.006432323761829506,1.0
2024-05-15,0.015630123329071877,0.015630123329071863,1.0
2024-05-16,-0.0020311940780571858,-0.0020311940780572673,1.0
2024-05-17,-0.0004867594327322422,-0.00048675943273224036,1.0
2024-05-20,0.006972671108364414,0.00697267110836464,1.0
2024-05-21,0.001956359880595171,0.001956359880594932,1.0
2024-05-22,-0.0001974630939173272,-0.00019746309391728602,1.0
2024-05-23,-0.004498357560663413,-0.004498357560663453,1.0
2024-05-24,0.009456420739133442,0.009456420739133473,1.0
2024-05-28,0.003777686606529107,0.0037776866065291352,1.0
2024-05-29,-0.007048400134114452,-0.007048400134114506,1.0
2024-05-30,-0.010713490608617815,-0.010713490608617834,1.0
2024-05-31,-0.0018601072656840856,-0.0018601072656841472,1.0
2024-06-03,0.0053693044040137305,0.005369304404013845,1.0
2024-06-04,0.0027364665350304573,0.002736466535030488,1.0
2024-06-05,0.020159895152502605,0.02015989515250278,1.0
2024-06-06,-0.00034522830645555835,-0.00034522830645562926,1.0
2024-06-07,-0.000884865559426018,-0.0008848655594260677,1.0
2024-06-10,0.004039294405418836,0.004039294405418799,1.0
2024-06-11,0.006862730570863063,0.006862730570863042,1.0
2024-06-12,0.013097685382862378,0.013097685382862495,1.0
2024-06-13,0.005420258627007124,0.005420258627007149,1.0
2024-06-14,0.005181248119068282,0.0051812481190682946,1.0
2024-06-17,0.012249721630928523,0.012249721630928596,1.0
2024-06-18,0.00030927395884616793,0.0003092739588460073,1.0
2024-06-20,-0.007708006299421144,-0.0077080062994210295,1.0
2024-06-21,-0.0026792544045235456,-0.00267925440452369,1.0
2024-06-24,-0.011384793529770398,-0.011384793529770338,1.0
2024-06-25,0.011435741085952245,0.011435741085952411,1.0
2024-06-26,0.0020651907860222973,0.0020651907860223875,1.0
2024-06-27,0.0025813038492497054,0.0025813038492497904,1.0
2024-06-28,-0.005190871406756337,-0.005190871406756382,1.0
2024-07-01,0.005865012415891879,0.005865012415891831,1.0
2024-07-02,0.010499651195425175,0.010499651195425218,1.0
2024-07-03,0.008337202970640334,0.00833720297064031,1.0
2024-07-05,0.010426663742669096,0.010426663742669148,1.0
2024-07-08,0.0023783310214642306,0.0023783310214640693,1.0
2024-07-09,0.0008645994159117709,0.0008645994159118611,1.0
2024-07-10,0.010426509220498259,0.01042650922049809,1.0
2024-07-11,-0.021930116870412464,-0.021930116870412412,1.0
2024-07-12,0.0058748393488423645,0.00587483934884226,1.0
2024-07-15,0.002687900142982924,0.002687900142982828,1.0
2024-07-16,0.00038286759500039125,0.0003828675950004356,1.0
2024-07-17,-0.02935482983109383,-0.02935482983109386,1.0
2024-07-18,-0.004732570648831924,-0.004732570648831857,1.0
2024-07-19,-0.008863734923897693,-0.009854623404907628,0.0
2024-07-22,0.014897889448357793,0.0,0.0
2024-07-23,-0.0035246653044882503,0.0,0.0
2024-07-24,-0.035870314380553325,0.0,0.0
2024-07-25,-0.011027755126976402,0.0,0.0
2024-07-26,0.010255881587600602,0.0,0.0
2024-07-29,0.0020087721758077492,0.0,0.0
2024-07-30,-0.013731287444803564,0.0,0.0
2024-07-31,0.029593822634277345,0.0,0.0
2024-08-01,-0.024221611394896536,0.0,0.0
2024-08-02,-0.023734896499460367,0.0,0.0
2024-08-05,-0.029816050381431425,0.0,0.0
2024-08-06,0.009554938666158863,0.0,0.0
2024-08-07,-0.010829758307033699,0.0,0.0
2024-08-08,0.030591009019635518,-0.0009992504996876924,1.0
2024-08-09,0.005222444245958302,0.004217473107323544,0.0
2024-08-12,0.002153450738265228,-0.0009992504996875551,1.0
2024-08-13,0.02481275081020673,0.024812750810206712,1.0
2024-08-14,0.00032438907890108837,0.0003243890789010835,1.0
2024-08-15,0.02526308746381556,0.025263087463815375,1.0
2024-08-16,0.0012857135707067258,0.0012857135707067741,1.0
2024-08-19,0.013136064612889298,0.013136064612889254,1.0
2024-08-20,-0.002098601462049654,-0.0020986014620497065,1.0
2024-08-21,0.004664105789763173,0.004664105789763277,1.0
2024-08-22,-0.015854886118082834,-0.015854886118082834,1.0
2024-08-23,0.010845414623353422,0.009834821920083737,0.0
2024-08-26,-0.009708263822854835,0.0,0.0
2024-08-27,0.002987358610058166,0.0,0.0
2024-08-28,-0.011347490940363913,0.0,0.0
2024-08-29,-0.0014637323716520934,0.0,0.0
2024-08-30,0.011919259755512224,0.0,0.0
2024-09-03,-0.030360887731593844,0.0,0.0
2024-09-04,-0.0025984378789514206,0.0,0.0
2024-09-05,0.0009336112988860279,0.0,0.0
2024-09-06,-0.02678741035123211,0.0,0.0
2024-09-09,0.012859790952366446,0.0,0.0
2024-09-10,0.009241719860879849,0.0,0.0
2024-09-11,0.02171536023161913,0.0,0.0
2024-09-12,0.009816094238294992,0.0,0.0
2024-09-13,0.004479933875245479,0.0,0.0
2024-09-16,-0.00441784977909454,-0.0009992504996876078,1.0
2024-09-17,0.0005282745135144484,-0.00047200362893026814,0.0
2024-09-18,-0.0043295377612583286,-0.0009992504996876872,1.0
2024-09-19,0.02528418378607067,0.025284183786070787,1.0
2024-09-20,-0.0019033634423815116,-0.0019033634423815144,1.0
2024-09-23,0.0026507038501140112,0.0026507038501138716,1.0
2024-09-24,0.004823539064437998,0.004823539064438043,1.0
2024-09-25,0.0009271234524546035,0.0009271234524546634,1.0
2024-09-26,0.007513183726341355,0.007513183726341385,1.0
2024-09-27,-0.005557038220932453,-0.005557038220932512,1.0
2024-09-30,0.0027118641923211673,0.002711864192321289,1.0
2024-10-01,-0.013932445746146493,-0.013932445746146471,1.0
2024-10-02,0.0014129941328397955,0.0014129941328399533,1.0
2024-10-03,-0.0007470641057932825,-0.0007470641057932869,1.0
2024-10-04,0.011898082896591333,0.01189808289659133,1.0
2024-10-07,-0.010711546599840638,-0.010711546599840695,1.0
2024-10-08,0.014934525436446577,0.014934525436446609,1.0
2024-10-09,0.007868451652548458,0.007868451652548528,1.0
2024-10-10,-0.0011355476043286572,-0.0011355476043285908,1.0
2024-10-11,0.0015631295473932383,0.0015631295473932454,1.0
2024-10-14,0.008391486262601333,0.008391486262601156,1.0
2024-10-15,-0.01336679137089647,-0.013366791370896384,1.0
2024-10-16,0.00012208578226369227,0.00012208578226365798,1.0
2024-10-17,0.0006926550090022854,0.0006926550090022208,1.0
2024-10-18,0.0065547308902624835,0.0065547308902624965,1.0
2024-10-21,0.0019211984182760933,0.0019211984182761397,1.0
2024-10-22,0.001090066182189986,0.0010900661821899764,1.0
2024-10-23,-0.015323909129218882,-0.015323909129218756,1.0
2024-10-24,0.008108835304873718,0.008108835304873612,1.0
2024-10-25,0.006093631419897161,0.006093631419897179,1.0
2024-10-28,0.00016139492966260605,0.00016139492966264543,1.0
2024-10-29,0.009608472836196258,0.009608472836196156,1.0
2024-10-30,-0.007557533617137735,-0.007557533617137596,1.0
2024-10-31,-0.025242769642891516,-0.025242769642891478,1.0
2024-11-01,0.007398918184909675,0.007398918184909483,1.0
2024-11-04,-0.002913279933204227,-0.002913279933204198,1.0
2024-11-05,0.012756964418298322,0.01275696441829834,1.0
2024-11-06,0.027163234415101156,0.027163234415101153,1.0
2024-11-07,0.015744235956448804,0.015744235956448895,1.0
2024-11-08,0.0011683553671220093,0.001168355367122019,1.0
2024-11-11,-0.0005833162682827853,-0.0005833162682828321,1.0
2024-11-12,-0.0018099411381083952,-0.0018099411381085017,1.0
2024-11-13,-0.00128674529269579,-0.0012867452926958452,1.0
2024-11-14,-0.006949754261387997,-0.006949754261387869,1.0
2024-11-15,-0.023825985434052344,-0.02382598543405237,1.0
2024-11-18,0.006947628266756656,0.006947628266756606,1.0
2024-11-19,0.006879737829818877,0.006879737829819074,1.0
2024-11-20,-0.0005759949736685588,-0.0005759949736686586,1.0
2024-11-21,0.0035971931892930797,0.0035971931892930975,1.0
2024-11-22,0.0016040529657019853,0.0016040529657020469,1.0
2024-11-25,0.0015816969070789888,0.0015816969070790493,1.0
2024-11-26,0.0053692404428637985,0.005369240442863809,1.0
2024-11-27,-0.007873476819013736,-0.007873476819013802,1.0
2024-11-29,0.008786842613974555,0.008786842613974525,1.0
2024-12-02,0.010887973769642567,0.01088797376964238,1.0
2024-12-03,0.003066168266165459,0.003066168266165542,1.0
2024-12-04,0.012363021513211336,0.012363021513211257,1.0
2024-12-05,-0.0027711737198946595,-0.0027711737198947454,1.0
2024-12-06,0.008949547919473444,0.008949547919473555,1.0
2024-12-09,-0.007787612068804184,-0.007787612068804134,1.0
2024-12-10,-0.0034074340091884148,-0.0034074340091885223,1.0
2024-12-11,0.01790248683047424,0.01790248683047419,1.0
2024-12-12,-0.0064538436282386424,-0.006453843628238527,1.0
2024-12-13,0.007654312467063384,0.0076543124670635345,1.0
2024-12-16,0.01440072699588657,0.014400726995886588,1.0
2024-12-17,-0.0044038036522239254,-0.0044038036522239515,1.0
2024-12-18,-0.03607692358092229,-0.03607692358092232,1.0
2024-12-19,-0.004453247430877272,-0.0044532474308772345,1.0
2024-12-20,0.008732582762553509,0.0077241023629366305,0.0
2024-12-23,0.009742618463785435,0.0,0.0
2024-12-24,0.01355964134799792,0.0,0.0
2024-12-26,-0.0006791048161677304,0.0,0.0
2024-12-27,-0.013293166974075676,0.0,0.0
2024-12-30,-0.013299928433200159,0.0,0.0
2024-12-31,-0.008494779541381003,0.0,0.0
2025-01-02,-0.001956075796583967,0.0,0.0
2025-01-03,0.01636535904800196,0.0,0.0
2025-01-06,0.011492798651683733,0.0,0.0
2025-01-07,-0.01784426687360907,0.0,0.0
2025-01-08,0.00017473641983811738,0.0,0.0
2025-01-10,-0.015681106852522442,0.0,0.0
2025-01-13,-0.003213716902189301,0.0,0.0
2025-01-14,-0.0009495389439283519,0.0,0.0
2025-01-15,0.023006355673759193,0.0,0.0
2025-01-16,-0.007006024238330522,0.0,0.0
2025-01-17,0.016878347092621038,0.0,0.0
2025-01-21,0.005865043539094339,0.0,0.0
2025-01-22,0.01278603099809339,0.0,0.0
2025-01-23,0.0021257743458429346,0.0,0.0
2025-01-24,-0.005651165443201767,0.0,0.0
2025-01-27,-0.029114574940336646,0.0,0.0
2025-01-28,0.014780105873100968,0.0,0.0
2025-01-29,-0.0018781172822848191,0.0,0.0
2025-01-30,0.004262345015831892,0.0,0.0
2025-01-31,-0.0014531543182642048,0.0,0.0
2025-02-03,-0.008003096788047781,0.0,0.0
2025-02-04,0.012275361548277353,0.0,0.0
2025-02-05,0.0045380598155841945,0.0,0.0
2025-02-06,0.005219696309215038,0.0,0.0
2025-02-07,-0.012613368449871265,0.0,0.0
2025-02-10,0.012104947091493123,0.0,0.0
2025-02-11,-0.0023804622016666555,0.0,0.0
2025-02-12,0.0005869567723806313,0.0,0.0
2025-02-13,0.014385739358075966,0.0,0.0
2025-02-14,0.00419870753746765,0.0,0.0
2025-02-18,0.0022668236155511945,0.0,0.0
2025-02-19,0.0002781662414941266,0.0,0.0
2025-02-20,-0.004244388616454264,0.0,0.0
2025-02-21,-0.020754653921994604,0.0,0.0
2025-02-24,-0.011804315302258117,0.0,0.0
2025-02-25,-0.012599343766067417,0.0,0.0
2025-02-26,0.0024155840780002436,0.0,0.0
2025-02-27,-0.027771218594090707,0.0,0.0
2025-02-28,0.01579152082814672,0.0,0.0
2025-03-03,-0.021882473003561942,0.0,0.0
2025-03-04,-0.003017757064494586,0.0,0.0
2025-03-05,0.013036020306503415,0.0,0.0
2025-03-06,-0.02750941111271632,0.0,0.0
2025-03-07,0.007353492677585782,0.0,0.0
2025-03-10,-0.03875633537819223,0.0,0.0
2025-03-11,-0.0023903569900675103,0.0,0.0
2025-03-12,0.011280711526395981,0.0,0.0
2025-03-13,-0.017990451275571084,0.0,0.0
2025-03-14,0.02417049860380227,0.0,0.0
2025-03-17,0.006483669682431303,0.0,0.0
2025-03-18,-0.017047344805643738,0.0,0.0
2025-03-19,0.013381369317085667,0.0,0.0
2025-03-20,-0.003389539667178476,0.0,0.0
2025-03-21,0.0032966306867825423,0.0,0.0
2025-03-24,0.0219443700079458,0.0,0.0
2025-03-25,0.00570664971191448,0.0,0.0
2025-03-26,-0.01840073330197034,0.0,0.0
2025-03-27,-0.005697991794587631,0.0,0.0
2025-03-28,-0.026327821447878152,0.0,0.0
2025-03-31,-4.255202705416572e-05,0.0,0.0
2025-04-01,0.008061071696800814,0.0,0.0
2025-04-02,0.007298463251382614,0.0,0.0
2025-04-03,-0.05353359191452378,0.0,0.0
2025-04-04,-0.06210889281094045,0.0,0.0
2025-04-07,0.002413241582797765,0.0,0.0
2025-04-08,-0.01800842506960687,0.0,0.0
2025-04-09,0.1200306621017353,0.0,0.0
2025-04-10,-0.042532076993348156,0.0,0.0
2025-04-11,0.018422905090240915,0.0,0.0
2025-04-14,0.0067783036452493395,0.0,0.0
2025-04-15,0.0011146738413072566,0.0,0.0
2025-04-16,-0.030153509065920403,0.0,0.0
2025-04-17,-0.00018011074253454495,0.0,0.0
2025-04-21,-0.02474660019479802,0.0,0.0
2025-04-22,0.026252032583137908,0.0,0.0
2025-04-23,0.022678150241908,0.0,0.0
2025-04-24,0.0281370316834626,0.0,0.0
2025-04-25,0.01114800260437332,0.0,0.0
2025-04-28,-0.0003174750218227773,0.0,0.0
2025-04-29,0.0066044988286668715,0.0,0.0
2025-04-30,-0.00012614522465759226,0.0,0.0
2025-05-01,0.013060712497939608,0.0,0.0
2025-05-02,0.014843903108999967,-0.0009992504996874524,1.0
2025-05-05,-0.005932556033219738,-0.005932556033219735,1.0
2025-05-06,-0.009301682951692758,-0.009301682951692836,1.0
2025-05-07,0.003925869653398806,0.002922194765212946,0.0
2025-05-08,0.010324975537034042,0.0,0.0
2025-05-09,-0.0006554240537044453,-0.000999250499687637,1.0
2025-05-12,0.04074026121418983,0.040740261214189735,1.0
2025-05-13,0.01524068924607902,0.015240689246079058,1.0
2025-05-14,0.005993088900442478,0.005993088900442585,1.0
2025-05-15,0.0010988616844107568,0.0010988616844106235,1.0
2025-05-16,0.004352665849682191,0.0043526658496820195,1.0
2025-05-19,0.0009586849522016383,0.0009586849522018652,1.0
2025-05-20,-0.003333423507451694,-0.0033334235074517545,1.0
2025-05-21,-0.013896597354010276,-0.01488245423080562,0.0
2025-05-22,0.0018712961375053627,0.0,0.0
2025-05-23,-0.009260764014375034,0.0,0.0
2025-05-27,0.023525207491317257,0.0,0.0
2025-05-28,-0.004431865327271023,-0.0009992504996876102,1.0
2025-05-29,0.001965668190524017,0.0019656681905239415,1.0
2025-05-30,-0.0015771961712724991,-0.0025753693694003325,0.0
2025-06-02,0.007898201691907358,0.0,0.0
2025-06-03,0.007817063762803667,0.0,0.0
2025-06-04,0.0027878859294374614,-0.0009992504996876816,1.0
2025-06-05,-0.007526905817360152,-0.0075269058173601504,1.0
2025-06-06,0.009775312763678379,0.009775312763678322,1.0
2025-06-09,0.0014720363493916366,0.0014720363493914935,1.0
2025-06-10,0.006613906279393067,0.006613906279393103,1.0
2025-06-11,-0.00336958528057385,-0.0033695852805738437,1.0
2025-06-12,0.0023477026234117737,0.002347702623411778,1.0
2025-06-13,-0.01255457146229777,-0.012554571462297773,1.0
2025-06-16,0.013909738343167888,0.01390973834316791,1.0
2025-06-17,-0.009751007661965683,-0.009751007661965773,1.0
2025-06-18,-0.00017024049864799995,-0.00017024049864798566,1.0
2025-06-20,-0.0040832177891801935,-0.004083217789180027,1.0
2025-06-23,0.010282412342111469,0.01028241234211125,1.0
2025-06-24,0.015292076656950204,0.015292076656950218,1.0
2025-06-25,0.0025565346837599368,0.0025565346837599745,1.0
2025-06-26,0.00935020786802343,0.009350207868023472,1.0
2025-06-27,0.0034236158759575197,0.00342361587595759,1.0
2025-06-30,0.006476991651994224,0.0064769916519942464,1.0
2025-07-01,-0.008429473685146793,-0.008429473685146786,1.0
2025-07-02,0.006965523210861191,0.006965523210861213,1.0
2025-07-03,0.009840160168300915,0.009840160168300999,1.0
2025-07-07,-0.007532889615530336,-0.007532889615530277,1.0
2025-07-08,0.0005614863679574977,0.0005614863679574422,1.0
2025-07-09,0.007079041318705848,0.007079041318705992,1.0
2025-07-10,-0.0014382709964962936,-0.0014382709964964502,1.0
2025-07-11,-0.0022503351874316735,-0.0022503351874316856,1.0
2025-07-14,0.0036267392257969266,0.0036267392257969635,1.0
2025-07-15,0.000916832841470594,0.0009168328414705563,1.0
2025-07-16,0.001023841155902705,0.0010238411559027904,1.0
2025-07-17,0.008092772057805675,0.008092772057805701,1.0
2025-07-18,-0.0009610921430170949,-0.0009610921430172216,1.0
2025-07-21,0.0051846626297804566,0.005184662629780491,1.0
2025-07-22,-0.005175531054490756,-0.005175531054490755,1.0
2025-07-23,0.004561137114287739,0.004561137114287653,1.0
2025-07-24,0.0021284240166115076,0.0021284240166115067,1.0
2025-07-25,0.0024070978124457465,0.00240709781244565,1.0
2025-07-28,0.003125091365067112,0.0031250913650672047,1.0
2025-07-29,-0.0015489340755781011,-0.0015489340755782456,1.0
2025-07-30,0.0013397566404282912,0.0013397566404283765,1.0
2025-07-31,-0.0052990590523496195,-0.005299059052349516,1.0
2025-08-01,-0.019698886999479193,-0.019698886999479217,1.0
2025-08-04,0.018451662351475884,0.018451662351475787,1.0
2025-08-05,-0.006789582204227762,-0.006789582204227865,1.0
2025-08-06,0.012583376981905037,0.012583376981905191,1.0
2025-08-07,0.003384170664683328,0.003384170664683323,1.0
2025-08-08,0.00932833067129235,0.009328330671292214,1.0
2025-08-11,-0.002959018853778028,-0.0029590188537781032,1.0
2025-08-12,0.012568910283689894,0.012568910283689984,1.0
2025-08-13,0.0004998949036518763,0.0004998949036517142,1.0
2025-08-14,-0.0007753587870543699,-0.0007753587870543232,1.0
2025-08-15,-0.004397391156927721,-0.0043973911569277074,1.0
2025-08-18,-0.0003984575835475068,-0.0003984575835475362,1.0
2025-08-19,-0.013567410754184217,-0.013567410754184194,1.0
2025-08-20,-0.005937378768955726,-0.005937378768955648,1.0
2025-08-21,-0.004629865444433889,-0.005624986736455831,0.0
2025-08-22,0.015427438158341023,0.0,0.0
2025-08-25,-0.002884656934054597,-0.000999250499687516,1.0
2025-08-26,0.004015125380995022,0.004015125380994923,1.0
2025-08-27,0.0015369498817243699,0.0015369498817244757,1.0
2025-08-28,0.006259849188709143,0.0062598491887092215,1.0
2025-08-29,-0.011575461551868504,-0.01157546155186852,1.0
2025-09-02,-0.008380068468406443,-0.008380068468406597,1.0
2025-09-03,0.007867435783447396,0.006859820314522969,0.0
2025-09-04,0.00905138845512532,0.0,0.0
2025-09-05,0.0014429503654500575,-0.000999250499687626,1.0
2025-09-08,0.004878138105604446,0.00487813810560455,1.0
2025-09-09,0.0028330028516494465,0.002833002851649392,1.0
2025-09-10,0.0003272942715684124,0.0003272942715685169,1.0
2025-09-11,0.0058205100529264975,0.005820510052926507,1.0
2025-09-12,0.004417296726544562,0.004417296726544654,1.0
2025-09-15,0.008556867421086078,0.008556867421086151,1.0
2025-09-16,-0.0008451825424301562,-0.000845182542430196,1.0
2025-09-17,-0.0019958574468751378,-0.0019958574468752106,1.0
2025-09-18,0.009016938997385315,0.009016938997385433,1.0
2025-09-19,0.006769258219762042,0.0067692582197619935,1.0
2025-09-22,0.005920176868558391,0.00592017686855849,1.0
2025-09-23,-0.006642261760471446,-0.006642261760471489,1.0
2025-09-24,-0.0035106152024937387,-0.0035106152024937495,1.0
2025-09-25,-0.004311291858417277,-0.004311291858417328,1.0
2025-09-26,0.004110948441042206,0.004110948441042298,1.0
2025-09-29,0.004631078168035652,0.004631078168035706,1.0
2025-09-30,0.002739134291552814,0.0027391342915528143,1.0
2025-10-01,0.004797022405524931,0.004797022405524984,1.0
2025-10-02,0.004111121841221976,0.0041111218412221585,1.0
2025-10-03,-0.004209781352692232,-0.004209781352692323,1.0
2025-10-06,0.007510154587375251,0.007510154587375202,1.0
2025-10-07,-0.005265569704058781,-0.005265569704058847,1.0
2025-10-08,0.011463738189771755,0.01146373818977177,1.0
2025-10-09,-0.0012102542195092658,-0.001210254219509323,1.0
2025-10-10,-0.03471419340226101,-0.034714193402260965,1.0
2025-10-13,0.02122127961769138,0.020200313643393503,0.0
2025-10-14,-0.006660944590322959,0.0,0.0
2025-10-15,0.007056768737883523,0.0,0.0
2025-10-16,-0.0037029302513930107,0.0,0.0
2025-10-17,0.006566773461732511,0.0,0.0
2025-10-20,0.012600750316114295,0.0,0.0
2025-10-21,-0.00026154446867010517,-0.0009992504996875766,1.0
2025-10-22,-0.009633987432361102,-0.009633987432361251,1.0
2025-10-23,0.008406510401807177,0.008406510401807168,1.0
2025-10-24,0.01067827953226419,0.010678279532264282,1.0
2025-10-27,0.01780922137392449,0.017809221373924454,1.0
2025-10-28,0.007689812405443863,0.007689812405443986,1.0
2025-10-29,0.0045029912347254175,0.004502991234725508,1.0
2025-10-30,-0.015288557761366617,-0.015288557761366594,1.0
2025-10-31,0.004823836851984398,0.004823836851984338,1.0
2025-11-03,0.004784903787764083,0.004784903787763993,1.0
2025-11-04,-0.02029799650310915,-0.020297996503109157,1.0
2025-11-05,0.006507850334973142,0.006507850334973233,1.0
2025-11-06,-0.018627265494505663,-0.018627265494505683,1.0
2025-11-07,-0.0031552922350828183,-0.0031552922350828426,1.0
2025-11-10,0.02212410496158035,0.022124104961580404,1.0
2025-11-11,-0.00266349827862411,-0.0026634982786241036,1.0
2025-11-12,-0.0007882334621760467,-0.0007882334621760261,1.0
2025-11-13,-0.020416043726134814,-0.020416043726134803,1.0
2025-11-14,0.0007558588119775944,0.0007558588119775049,1.0
2025-11-17,-0.008540478281271802,-0.008540478281271637,1.0
2025-11-18,-0.012175714936622062,-0.012175714936622077,1.0
2025-11-19,0.005969970781927181,0.005969970781927123,1.0
2025-11-20,-0.023671687515956052,-0.023671687515956157,1.0
2025-11-21,0.00751273835218047,0.007512738352180508,1.0
2025-11-24,0.025573261083649657,0.025573261083649754,1.0
2025-11-25,0.006163668529668875,0.0061636685296689924,1.0
2025-11-26,0.008835737972002766,0.008835737972002608,1.0
2025-11-28,0.008107246699400328,0.008107246699400427,1.0
2025-12-01,-0.0033590309023721066,-0.003359030902372004,1.0
2025-12-02,0.007826073319548543,0.007826073319548517,1.0
2025-12-03,0.002443824006459039,0.002443824006459206,1.0
2025-12-04,-0.0009301893300760478,-0.0009301893300760717,1.0
2025-12-05,0.004077349973276911,0.004077349973276857,1.0
2025-12-08,-0.001918502477041395,-0.0019185024770413531,1.0
2025-12-09,0.0012333456873967474,0.0012333456873965787,1.0
2025-12-10,0.004095732190410706,0.004095732190410662,1.0
2025-12-11,-0.0032344464150966257,-0.0032344464150966036,1.0
2025-12-12,-0.019118307600878626,-0.019118307600878636,1.0
2025-12-15,-0.005019386618356658,-0.005019386618356563,1.0
2025-12-16,0.001981802971139146,0.0019818029711392007,1.0
2025-12-17,-0.018537047358446523,-0.018537047358446503,1.0
2025-12-18,0.014490198509077512,0.014490198509077604,1.0
2025-12-19,0.013035461532133308,0.01303546153213344,1.0
2025-12-22,0.004793430010699984,0.004793430010699952,1.0
2025-12-23,0.004683320360612031,0.0046833203606119886,1.0
2025-12-24,0.002925563588204838,0.002925563588204893,1.0
2025-12-26,-6.402972705099597e-05,-6.402972705107813e-05,1.0
2025-12-29,-0.004840682759455928,-0.0048406827594559025,1.0
2025-12-30,-0.002319387022803987,-0.0023193870228039337,1.0
2025-12-31,-0.008265617813153048,-0.008265617813152996,1.0
2026-01-02,-0.0019371296799318705,-0.0019371296799319273,1.0
2026-01-05,0.007942968524083938,0.007942968524083872,1.0
2026-01-06,0.008786595304206557,0.008786595304206455,1.0
2026-01-07,0.0009625073552126384,0.0009625073552126691,1.0
2026-01-08,-0.005688999652936455,-0.005688999652936353,1.0
2026-01-09,0.00996023105487942,0.009960231054879322,1.0
2026-01-12,0.0008297496946161331,0.0008297496946161473,1.0
2026-01-13,-0.0014828295247444334,-0.0014828295247444022,1.0
2026-01-14,-0.010682829260153182,-0.010682829260153227,1.0
2026-01-15,0.0035994606388298767,0.0035994606388300107,1.0
2026-01-16,-0.0008363469702494797,-0.0008363469702494892,1.0
2026-01-20,-0.021247109479646253,-0.02124710947964621,1.0
2026-01-21,0.013518379690002691,0.013518379690002543,1.0
2026-01-22,0.00726938199084981,0.007269381990849914,1.0
2026-01-23,0.003157420737031069,0.0031574207370311824,1.0
2026-01-26,0.004400109641689687,0.004400109641689754,1.0
2026-01-27,0.009065284269015539,0.009065284269015483,1.0
2026-01-28,0.0033114338544455446,0.0033114338544456227,1.0
2026-01-29,-0.005985274152202957,-0.005985274152202909,1.0
2026-01-30,-0.012010843010114347,-0.012010843010114307,1.0
2026-02-02,0.0068664977949211,0.006866497794921105,1.0
2026-02-03,-0.015363995860281365,-0.015363995860281377,1.0
2026-02-04,-0.017469117873106343,-0.01746911787310621,1.0
2026-02-05,-0.014395285110089362,-0.014395285110089381,1.0
2026-02-06,0.021137965447641127,0.020117082766684894,0.0
2026-02-09,0.0076601288352324826,0.0,0.0
2026-02-10,-0.004639335369521991,-0.0009992504996876146,1.0
2026-02-11,0.002682115083918246,0.0026821150839182444,1.0
2026-02-12,-0.02033890829654672,-0.0203389082965467,1.0
2026-02-13,0.0021309462986458527,0.0011290658850837299,0.0
2026-02-17,-0.0010300219796973709,0.0,0.0
2026-02-18,0.007467270408041182,0.0,0.0
2026-02-19,-0.003829877610147525,-0.000999250499687511,1.0
2026-02-20,0.00884888016577512,0.007840283497829581,0.0
2026-02-23,-0.012154861024927022,0.0,0.0
2026-02-24,0.010741494985549327,0.0,0.0
2026-02-25,0.014493229135896346,0.0,0.0
2026-02-26,-0.012064622965899163,0.0,0.0
2026-02-27,-0.0032006550532752698,-0.0009992504996877256,1.0
2026-03-02,0.0013172951606528205,0.00031622819481599195,0.0
2026-03-03,-0.01070569407223343,0.0,0.0
2026-03-04,0.015243157069594115,0.0,0.0
2026-03-05,-0.0030126350364195753,0.0,0.0
2026-03-06,-0.015043283953991238,0.0,0.0
2026-03-09,0.01335559691185173,0.0,0.0
2026-03-10,1.6508821196747903e-05,0.0,0.0
2026-03-11,-0.00013176640363377068,0.0,0.0
2026-03-12,-0.017163300525987357,0.0,0.0
2026-03-13,-0.005927094575381431,0.0,0.0
2026-03-16,0.011217471974352744,0.0,0.0
2026-03-17,0.0048802389046711525,0.0,0.0
2026-03-18,-0.013939679228373136,0.0,0.0
2026-03-19,-0.003160260480330801,0.0,0.0
2026-03-20,-0.018481707498242073,0.0,0.0
2026-03-23,0.011478971108489944,0.0,0.0
2026-03-24,-0.006836798962342794,0.0,0.0
2026-03-25,0.006575620525403059,0.0,0.0
2026-03-26,-0.023867934697473725,0.0,0.0
2026-03-27,-0.019536656388718376,0.0,0.0
2026-03-30,-0.007643371872404492,0.0,0.0
2026-03-31,0.03385390473424077,0.0,0.0
2026-04-01,0.012353199234057088,0.0,0.0
2026-04-02,0.0011466275764089318,0.0,0.0
2026-04-06,0.006017365534718655,0.0,0.0
2026-04-07,0.00015293726768694782,0.0,0.0
2026-04-08,0.029732043596962132,0.0,0.0
2026-04-09,0.006764706060259584,0.0,0.0
2026-04-10,0.0014421643720912147,0.0,0.0
2026-04-13,0.010342492251355084,0.0,0.0
2026-04-14,0.01815697886050316,-0.000999250499687563,1.0
2026-04-15,0.013999468879074328,0.01399946887907434,1.0
2026-04-16,0.004816377928118731,0.004816377928118665,1.0
2026-04-17,0.013084122492198702,0.013084122492198754,1.0
2026-04-20,-0.003174848913578998,-0.0031748489135791174,1.0
2026-04-21,-0.00380336112828894,-0.003803361128288897,1.0
2026-04-22,0.01673059200687632,0.01673059200687641,1.0
2026-04-23,-0.005632679633709281,-0.00563267963370935,1.0
2026-04-24,0.019127488040923124,0.019127488040923197,1.0
2026-04-27,0.0005271940263615882,0.0005271940263615064,1.0
2026-04-28,-0.010056759402575555,-0.010056759402575614,1.0
2026-04-29,0.006113568281962856,0.006113568281962876,1.0
2026-04-30,0.00932627116139395,0.009326271161394095,1.0
2026-05-01,0.009599622702352262,0.00959962270235228,1.0
2026-05-04,-0.0018838683316975136,-0.0018838683316974643,1.0
2026-05-05,0.012974053527471385,0.012974053527471477,1.0
2026-05-06,0.02077436440402569,0.020774364404025806,1.0
2026-05-07,-0.001192941202506459,-0.001192941202506545,1.0
2026-05-08,0.023440839756069476,0.02344083975606936,1.0
2026-05-11,0.0028963917525772764,0.0028963917525772925,1.0
2026-05-12,-0.008481790799397704,-0.008481790799397626,1.0
2026-05-13,0.010562260792936318,0.010562260792936304,1.0
2026-05-14,0.00710766178035227,0.007107661780352162,1.0
2026-05-15,-0.015087656778261405,-0.015087656778261365,1.0
2026-05-18,-0.004302314727548051,-0.004302314727548094,1.0
2026-05-19,-0.006162420032059024,-0.0061624200320589875,1.0
2026-05-20,0.016563787343382597,0.0165637873433827,1.0
2026-05-21,0.001906965251198045,0.0019069652511981023,1.0
2026-05-22,0.004240666390677106,0.004240666390677177,1.0
2026-05-26,0.01775519084548005,0.01775519084548003,1.0
2026-05-27,-0.0011365676760621835,-0.00113656767606218,1.0
2026-05-28,0.008430926296197239,0.008430926296197377,1.0
2026-05-29,0.0036840758744198787,0.0036840758744197616,1.0
2026-06-01,0.00600023569930852,0.006000235699308562,1.0
2026-06-02,0.004604508800567064,0.004604508800567093,1.0
2026-06-03,-0.002613320951729392,-0.0026133209517293704,1.0
2026-06-04,-0.004837372714978083,-0.0048373727149781534,1.0
2026-06-05,-0.04800098739080161,-0.04800098739080167,1.0
2026-06-08,0.015615708159669062,0.014600346355436573,0.0
2026-06-09,-0.01150725833784727,0.0,0.0
2026-06-10,-0.019976509699805467,0.0,0.0
2026-06-11,0.03377582954055702,0.0,0.0
2026-06-12,0.005884685554236491,0.0,0.0
2026-06-15,0.03141376689991193,0.0,0.0
2026-06-16,-0.019005421591015037,-0.0009992504996876636,1.0
2026-06-17,-0.010070407460121666,-0.01007040746012172,1.0
2026-06-18,0.02506543768170255,0.02404062851038045,0.0
2026-06-22,-0.002510106841037363,0.0,0.0
2026-06-23,-0.03292904314791367,-0.0009992504996874003,1.0
2026-06-24,-0.00424581964999271,-0.005241324891797711,0.0
2026-06-25,0.008105611726665796,0.0,0.0
2026-06-26,-0.013763624451209266,0.0,0.0
2026-06-29,0.024854210883145544,0.0,0.0
2026-06-30,0.017014704222517052,0.0,0.0
2026-07-01,-0.015249920059198452,-0.0009992504996877414,1.0
2026-07-02,-0.017333877050142776,-0.01733387705014265,1.0
2026-07-06,0.014341891788415717,0.01332780348210036,0.0
2026-07-07,-0.0185246873533641,0.0,0.0
2026-07-08,0.0028332742996159954,0.0,0.0
2026-07-09,0.01664234062582648,0.0,0.0
2026-07-10,0.0030831495111482976,0.0,0.0
2026-07-13,-0.01897977883957569,0.0,0.0
2026-07-14,0.011169826504217273,0.0,0.0
2026-07-15,-0.002709516875899598,0.0,0.0
2026-07-16,-0.01644047698821338,0.0,0.0
2026-07-17,-0.015029585113280453,0.0,0.0
2026-07-20,0.001049833101992581,0.0,0.0
2026-07-21,0.018547213156642428,0.0,0.0
2026-07-22,-0.005105992167196205,0.0,0.0
2026-07-23,-0.01898341826999872,0.0,0.0
2026-07-24,-0.011171225588826994,0.0,0.0
2026-07-27,-0.003083737064717651,0.0,0.0
2026-07-28,-0.009719704641810822,0.0,0.0
2026-07-29,-0.0203704125369063,0.0,0.0
2026-07-30,0.032974185798204436,0.0,0.0
2026-07-31,0.00649550511403274,0.0,0.0
2026-08-03,0.017558419833591632,0.0,0.0
2026-08-04,0.03396798607700635,0.0,0.0
2026-08-05,-0.009048819525989127,-0.0009992504996874545,1.0
2026-08-06,-0.0036943586003114204,-0.003694358600311426,1.0
2026-08-07,0.011726026161803071,0.010714553067147808,0.0
2026-08-10,-0.0029874750593527066,-0.0009992504996875415,1.0
2026-08-11,-0.0033570309855425196,-0.0033570309855424116,1.0
2026-08-12,0.007307397746256994,0.006300342175360293,0.0
2026-08-13,0.011565558900105577,0.0,0.0
2026-08-14,-0.0013659895774928987,0.0,0.0
2026-08-17,-0.0016414463662972612,0.0,0.0
2026-08-18,-0.01693450262957852,0.0,0.0
2026-08-19,-0.0019929933468779693,0.0,0.0
2026-08-20,-0.007191967784539344,0.0,0.0
2026-08-21,0.0035306004690811577,0.0,0.0
2026-08-24,-0.009979809224073155,0.0,0.0
2026-08-25,0.006229419148941817,0.0,0.0
2026-08-26,0.0009145998999007254,0.0,0.0
2026-08-27,0.01369187666225713,0.0,0.0
2026-08-28,-0.006489984566639517,0.0,0.0
2026-08-31,0.0004606410859646637,0.0,0.0
2026-09-01,-0.012723917340435431,0.0,0.0
2026-09-02,0.0022610021378346445,0.0,0.0
2026-09-03,0.011885952275470846,0.0,0.0
2026-09-04,0.001797537995484877,0.0,0.0
2026-09-08,-0.0008345896889334625,0.0,0.0
2026-09-09,-0.002853705432890319,0.0,0.0
2026-09-10,-0.010637845546144553,0.0,0.0
2026-09-11,0.008734428904149771,0.0,0.0
2026-09-14,-0.007973383180531979,0.0,0.0
2026-09-15,-0.006542788426574742,0.0,0.0
2026-09-16,0.000255475461144572,0.0,0.0
2026-09-17,0.0173118582049816,0.0,0.0
2026-09-18,0.006318737662307061,0.0,0.0
2026-09-21,0.012405588821950086,-0.0009992504996874441,1.0
