Date,QTUM_BnH,QTUM_Strategy,QTUM_Position
2021-01-04,,0.0,0.0
2021-01-05,0.018660395175584377,0.0,0.0
2021-01-06,0.0035224589014950514,0.0,0.0
2021-01-07,0.02574320681599529,0.0,0.0
2021-01-08,0.0011408202131815148,0.0,0.0
2021-01-11,0.006608887065216118,0.0,0.0
2021-01-12,0.005433822258257726,0.0,0.0
2021-01-13,-0.00022560107186342382,0.0,0.0
2021-01-14,0.025225515989650393,0.0,0.0
2021-01-15,-0.012302246168016562,0.0,0.0
2021-01-19,0.030248937631654593,0.0,0.0
2021-01-20,0.006045060651349576,0.0,0.0
2021-01-21,0.0038623772632317976,0.0,0.0
2021-01-22,-0.001709930936756865,0.0,0.0
2021-01-25,0.004282666689651826,0.0,0.0
2021-01-26,-0.008529236475542379,0.0,0.0
2021-01-27,-0.012687891291857989,0.0,0.0
2021-01-28,-0.012415534446041265,0.0,0.0
2021-01-29,-0.02051140003116181,0.0,0.0
2021-02-01,0.0294975440844345,0.0,0.0
2021-02-02,0.010498945782549063,0.0,0.0
2021-02-03,-0.0058445104076807475,0.0,0.0
2021-02-04,0.008926714562918603,0.0,0.0
2021-02-05,0.01165310165360034,0.0,0.0
2021-02-08,0.030716531601657326,0.0,0.0
2021-02-09,0.014486880027603899,0.0,0.0
2021-02-10,-0.017747652427470673,0.0,0.0
2021-02-11,0.023468312740963393,0.0,0.0
2021-02-12,0.014001438746789052,0.0,0.0
2021-02-16,-0.0032019460588610382,0.0,0.0
2021-02-17,-0.008833414253970995,0.0,0.0
2021-02-18,-0.012760908986472641,0.0,0.0
2021-02-19,0.014977728354053754,0.0,0.0
2021-02-22,-0.025672341995420234,0.0,0.0
2021-02-23,-0.02240674899079642,0.0,0.0
2021-02-24,0.02886266166831364,0.0,0.0
2021-02-25,-0.04393568338376708,0.0,0.0
2021-02-26,0.004099194942117412,0.0,0.0
2021-03-01,0.03180065285111855,0.0,0.0
2021-03-02,-0.01936699012882015,0.0,0.0
2021-03-03,-0.02166065722577104,0.0,0.0
2021-03-04,-0.03950506848365931,0.0,0.0
2021-03-05,0.011525518334488893,0.0,0.0
2021-03-08,-0.029043954251275483,0.0,0.0
2021-03-09,0.04417862135767292,0.0,0.0
2021-03-10,0.001101942987245641,-0.0009992504996874777,1.0
2021-03-11,0.03147708704105012,0.03147708704105011,1.0
2021-03-12,-0.003414623377375303,-0.003414623377375203,1.0
2021-03-15,0.012633806398227865,0.012633806398227735,1.0
2021-03-16,0.003171798832895867,0.0031717988328958703,1.0
2021-03-17,0.009696587819967739,0.009696587819967687,1.0
2021-03-18,-0.03068884133426164,-0.030688841334261575,1.0
2021-03-19,0.009261372872429119,0.008252363814899941,0.0
2021-03-22,0.00810924733200058,0.0,0.0
2021-03-23,-0.02730746014503993,-0.0009992504996875911,1.0
2021-03-24,-0.011171031513853014,-0.01215961327509694,0.0
2021-03-25,0.002862911913455557,0.0,0.0
2021-03-26,0.030083416047385958,0.0,0.0
2021-03-29,-0.013429929252790962,-0.0009992504996878002,1.0
2021-03-30,0.0006479445969991282,0.0006479445969991729,1.0
2021-03-31,0.015115635427594087,0.015115635427594157,1.0
2021-04-01,0.029568368669348866,0.029568368669348893,1.0
2021-04-05,0.016941829682363574,0.01694182968236358,1.0
2021-04-06,-0.006907547423031124,-0.006907547423031066,1.0
2021-04-07,-0.0032730703974737096,-0.003273070397473711,1.0
2021-04-08,0.007594176207347703,0.00759417620734766,1.0
2021-04-09,-0.004481598378570539,-0.005476867900591411,0.0
2021-04-12,-0.00736655345348769,0.0,0.0
2021-04-13,0.005359836150610864,0.0,0.0
2021-04-14,-0.010457211081527307,0.0,0.0
2021-04-15,0.015540607734967793,0.0,0.0
2021-04-16,-0.006325292353618783,0.0,0.0
2021-04-19,-0.02073912949019785,0.0,0.0
2021-04-20,-0.012581151268469815,0.0,0.0
2021-04-21,0.02208550487103622,0.0,0.0
2021-04-22,-0.007064230957456674,-0.0009992504996876297,1.0
2021-04-23,0.019250941481228967,0.01823194535248318,0.0
2021-04-26,0.01375474898681528,-0.0009992504996874446,1.0
2021-04-27,-0.004252584574081286,-0.004252584574081297,1.0
2021-04-28,-0.007118210467390584,-0.007118210467390548,1.0
2021-04-29,0.004096592364256413,0.004096592364256411,1.0
2021-04-30,-0.01937979343079943,-0.019379793430799385,1.0
2021-05-03,-0.007905334496050687,-0.007905334496050662,1.0
2021-05-04,-0.01761347680668679,-0.01761347680668687,1.0
2021-05-05,0.0034148912063181047,0.0034148912063181,1.0
2021-05-06,0.0,0.0,1.0
2021-05-07,0.010848803751101421,0.01084880375110144,1.0
2021-05-10,-0.0326176049342457,-0.03261760493424572,1.0
2021-05-11,-0.0036983418151357306,-0.004694394397906015,0.0
2021-05-12,-0.03799125356441668,0.0,0.0
2021-05-13,0.007943952241328711,0.0,0.0
2021-05-14,0.025669622940357684,0.0,0.0
2021-05-17,-0.010976711372503556,0.0,0.0
2021-05-18,0.0026633452169579908,0.0,0.0
2021-05-19,0.004206659905088506,0.0,0.0
2021-05-20,0.023148131313700082,0.0,0.0
2021-05-21,-0.005386782774673304,0.0,0.0
2021-05-24,0.020580446236051708,-0.0009992504996876844,1.0
2021-05-25,0.0008492461307423316,-0.00015135290307675202,0.0
2021-05-26,0.006574643668340041,-0.0009992504996877542,1.0
2021-05-27,0.007796217264363969,0.0077962172643639945,1.0
2021-05-28,0.004599573585229111,0.004599573585229109,1.0
2021-06-01,0.007284045803897854,0.00728404580389775,1.0
2021-06-02,0.008677713084061622,0.008677713084061636,1.0
2021-06-03,-0.010037120990631365,-0.010037120990631332,1.0
2021-06-04,0.013863150798421264,0.013863150798421188,1.0
2021-06-07,-0.0006122234177878827,-0.0006122234177879218,1.0
2021-06-08,-0.003267219196471549,-0.003267219196471614,1.0
2021-06-09,-0.0055318707725712235,-0.005531870772571208,1.0
2021-06-10,0.009270960482843815,0.009270960482843819,1.0
2021-06-11,0.002449228960124783,0.002449228960124642,1.0
2021-06-14,0.011199393554931936,0.011199393554931991,1.0
2021-06-15,-0.0046314669668549024,-0.004631466966855015,1.0
2021-06-16,-0.007080689058695078,-0.007080689058694992,1.0
2021-06-17,0.003667680867666334,0.003667680867666461,1.0
2021-06-18,-0.02273654194841157,-0.022736541948411505,1.0
2021-06-21,0.0027003896988080367,0.0016979399842067101,0.0
2021-06-22,0.007043742527858221,0.0,0.0
2021-06-23,-0.002453230508908555,0.0,0.0
2021-06-24,0.015498927789919792,0.0,0.0
2021-06-25,0.0,0.0,0.0
2021-06-28,0.01302405651568006,0.0,0.0
2021-06-29,0.004017791833866413,-0.0009992504996874155,1.0
2021-06-30,-0.002601033634155314,-0.0026010336341553155,1.0
2021-07-01,-0.010431266611925727,-0.010431266611925722,1.0
2021-07-02,0.0072976709498462355,0.007297670949846239,1.0
2021-07-06,-0.004024907274758571,-0.004024907274758424,1.0
2021-07-07,-0.009900945925446991,-0.00990094592544708,1.0
2021-07-08,-0.010816468403116453,-0.010816468403116408,1.0
2021-07-09,0.015267443649887413,0.015267443649887422,1.0
2021-07-12,-0.0002032980292001607,-0.00020329802920017294,1.0
2021-07-13,-0.00386189764588174,-0.003861897645881815,1.0
2021-07-14,-0.00265251315833126,-0.0026525131583312375,1.0
2021-07-15,-0.015343805097102314,-0.015343805097102233,1.0
2021-07-16,-0.013089504390832785,-0.013089504390832755,1.0
2021-07-19,-0.011578684564475417,-0.011578684564475316,1.0
2021-07-20,0.017252026436102685,0.01725202643610257,1.0
2021-07-21,0.020309957141813717,0.02030995714181367,1.0
2021-07-22,-0.0038988991702131326,-0.0038988991702132024,1.0
2021-07-23,0.005768518858533467,0.004763001781804601,0.0
2021-07-26,0.0014337145690153097,0.0,0.0
2021-07-27,-0.013295036341304245,-0.000999250499687597,1.0
2021-07-28,0.013474176000905391,0.013474176000905431,1.0
2021-07-29,0.010636176878696002,0.01063617687869602,1.0
2021-07-30,0.00020247515312177278,0.00020247515312183585,1.0
2021-08-02,0.007284299370236447,0.007284299370236399,1.0
2021-08-03,0.003214152820930183,0.0032141528209302717,1.0
2021-08-04,0.0018022137348798761,0.0018022137348800197,1.0
2021-08-05,0.0071957259278516705,0.007195725927851641,1.0
2021-08-06,0.00019837801672006883,0.0001983780167202333,1.0
2021-08-09,0.0013889282734085295,0.0013889282734084855,1.0
2021-08-10,-0.008123470127916477,-0.008123470127916492,1.0
2021-08-11,0.0019974987158764,0.001997498715876525,1.0
2021-08-12,-0.008971305221184056,-0.008971305221184042,1.0
2021-08-13,0.002615161134612576,0.0026151611346125997,1.0
2021-08-16,-0.004414249999979858,-0.004414249999979847,1.0
2021-08-17,-0.016525578376230254,-0.01652557837623028,1.0
2021-08-18,-0.004917843306060932,-0.004917843306060805,1.0
2021-08-19,-0.003912960985717917,-0.003912960985717889,1.0
2021-08-20,0.011164179411690567,0.011164179411690452,1.0
2021-08-23,0.02044563727716442,0.0204456372771643,1.0
2021-08-24,0.007213026722721949,0.007213026722722068,1.0
2021-08-25,0.005371068598758466,0.005371068598758438,1.0
2021-08-26,-0.0043531899152278175,-0.004353189915227804,1.0
2021-08-27,0.018283109239916273,0.018283109239916263,1.0
2021-08-30,0.0033177360200626893,0.0033177360200627726,1.0
2021-08-31,-0.002917802766840727,-0.002917802766840737,1.0
2021-09-01,0.00838860997341584,0.008388609973415876,1.0
2021-09-02,0.0046431183786652674,0.004643118378665238,1.0
2021-09-03,0.008087807432582084,0.008087807432582087,1.0
2021-09-07,-0.0036294433994559228,-0.003629443399455863,1.0
2021-09-08,-0.010736346474263025,-0.01073634647426313,1.0
2021-09-09,0.006977020653387678,0.006977020653387839,1.0
2021-09-10,0.0,0.0,1.0
2021-09-13,0.006543370477848365,0.006543370477848402,1.0
2021-09-14,-0.0005736300140909423,-0.0005736300140910036,1.0
2021-09-15,0.005165479680321772,0.005165479680321769,1.0
2021-09-16,0.0005709333055610166,0.0005709333055609612,1.0
2021-09-17,-0.010462156204574136,-0.010462156204574101,1.0
2021-09-20,-0.019031295013858474,-0.019031295013858536,1.0
2021-09-21,0.004899297163740046,0.0048992971637400054,1.0
2021-09-22,0.013221839893836407,0.01322183989383637,1.0
2021-09-23,0.014263764242361754,0.014263764242361714,1.0
2021-09-24,-0.00019014270072570394,-0.00019014270072566992,1.0
2021-09-27,-0.004371675631969496,-0.004371675631969557,1.0
2021-09-28,-0.03245514635943625,-0.03245514635943629,1.0
2021-09-29,-0.01124707901975286,-0.011247079019752878,1.0
2021-09-30,0.0013969484719360548,0.0013969484719361404,1.0
2021-10-01,0.0037862224225337915,0.0037862224225337707,1.0
2021-10-04,-0.023029475764899,-0.023029475764899002,1.0
2021-10-05,0.010160554916474052,0.009150646901696348,0.0
2021-10-06,0.0018104138429768657,0.0,0.0
2021-10-07,0.012449890260243457,0.0,0.0
2021-10-08,-0.004363517889827029,-0.0009992504996875846,1.0
2021-10-11,-0.0039839438089208645,-0.00398394380892078,1.0
2021-10-12,-0.00380001342058367,-0.0038000134205837767,1.0
2021-10-13,0.008432012353474239,0.00843201235347431,1.0
2021-10-14,0.02229730150316578,0.022297301503165712,1.0
2021-10-15,0.007205610923083139,0.007205610923083212,1.0
2021-10-18,0.003093595865161003,0.003093595865160996,1.0
2021-10-19,0.009252087870109893,0.009252087870109785,1.0
2021-10-20,0.0015277765018235634,0.0015277765018235575,1.0
2021-10-21,0.0028607080405280705,0.0028607080405280965,1.0
2021-10-22,-0.001331224513129281,-0.0013312245131293066,1.0
2021-10-25,0.005712166087176618,0.005712166087176629,1.0
2021-10-26,-0.004543793232933191,-0.004543793232933302,1.0
2021-10-27,-0.0072271844414459885,-0.007227184441445939,1.0
2021-10-28,0.01628372585777349,0.01628372585777334,1.0
2021-10-29,0.0011308533144369637,0.001130853314436996,1.0
2021-11-01,0.016569503714180867,0.016569503714180905,1.0
2021-11-02,0.00685319568931142,0.006853195689311436,1.0
2021-11-03,0.010853431262769497,0.010853431262769527,1.0
2021-11-04,0.019472301369665157,0.01947230136966513,1.0
2021-11-05,0.004819690233508478,0.004819690233508396,1.0
2021-11-08,0.010659049424718958,0.010659049424718969,1.0
2021-11-09,-0.0017577250840743464,-0.0017577250840742867,1.0
2021-11-10,-0.02394795832815122,-0.023947958328151196,1.0
2021-11-11,0.011185360701504887,0.011185360701504934,1.0
2021-11-12,0.009812727996741044,0.00981272799674114,1.0
2021-11-15,-0.004063849340191994,-0.004063849340191974,1.0
2021-11-16,0.009579673802983413,0.009579673802983493,1.0
2021-11-17,-0.007028711371688368,-0.007028711371688402,1.0
2021-11-18,0.002831442288437458,0.0028314422884375755,1.0
2021-11-19,-0.0017646195443621338,-0.0017646195443622472,1.0
2021-11-22,-0.016969996126804388,-0.016969996126804464,1.0
2021-11-23,-0.005214990876811432,-0.0052149908768114525,1.0
2021-11-24,0.004880894550243875,0.004880894550243829,1.0
2021-11-26,-0.028962273531910387,-0.028962273531910332,1.0
2021-11-29,0.027232363083520505,0.02723236308352059,1.0
2021-11-30,-0.014607703693529372,-0.01460770369352941,1.0
2021-12-01,-0.005307570508697679,-0.005307570508697602,1.0
2021-12-02,0.001472132733859599,0.0014721327338595813,1.0
2021-12-03,-0.009002674812866207,-0.00900267481286625,1.0
2021-12-06,0.003893424607712914,0.00389342460771283,1.0
2021-12-07,0.03730367790517919,0.03730367790517918,1.0
2021-12-08,0.0024925440270111565,0.0024925440270111144,1.0
2021-12-09,-0.020067459603895887,-0.02006745960389588,1.0
2021-12-10,0.0030807911303667446,0.0030807911303668686,1.0
2021-12-13,-0.015356862300912044,-0.015356862300912062,1.0
2021-12-14,-0.008623798459265308,-0.008623798459265336,1.0
2021-12-15,0.024986029843163227,0.02498602984316329,1.0
2021-12-16,-0.030696944130626513,-0.03069694413062652,1.0
2021-12-17,-0.0005588653867723004,-0.0005588653867723344,1.0
2021-12-20,-0.012301988339153525,-0.012301988339153457,1.0
2021-12-21,0.02943956499916589,0.028410382794058255,0.0
2021-12-22,0.011182386244434017,0.0,0.0
2021-12-23,0.008158129387971336,-0.0009992504996875734,1.0
2021-12-27,0.017442795449052362,0.01744279544905245,1.0
2021-12-28,-0.009013683651280413,-0.009013683651280519,1.0
2021-12-29,0.002231969553704749,0.0022319695537047733,1.0
2021-12-30,-0.0023161645171585477,-0.00231616451715847,1.0
2021-12-31,-0.0033927253311003547,-0.003392725331100395,1.0
2022-01-03,0.010213112270197833,0.009203151711205771,0.0
2022-01-04,-0.0039021244055238435,0.0,0.0
2022-01-05,-0.027243567235597954,0.0,0.0
2022-01-06,0.0036609617150225038,0.0,0.0
2022-01-07,-0.014955331388954995,0.0,0.0
2022-01-10,-0.0048137872025094675,0.0,0.0
2022-01-11,0.017116016126999423,0.0,0.0
2022-01-12,0.0032926091624294607,0.0,0.0
2022-01-13,-0.018231681834855018,0.0,0.0
2022-01-14,0.013370766433278503,0.0,0.0
2022-01-18,-0.030053462242405904,0.0,0.0
2022-01-19,-0.016436379238495058,0.0,0.0
2022-01-20,-0.015174788322977806,0.0,0.0
2022-01-21,-0.01950480779142727,0.0,0.0
2022-01-24,0.0035806426742261976,0.0,0.0
2022-01-25,-0.025371651533097284,0.0,0.0
2022-01-26,0.0038641576052547144,0.0,0.0
2022-01-27,-0.03261759461726543,0.0,0.0
2022-01-28,0.015916284382418544,0.0,0.0
2022-01-31,0.03978568330469967,0.0,0.0
2022-02-01,0.004758152390264669,0.0,0.0
2022-02-02,0.011641856582192744,0.0,0.0
2022-02-03,-0.03257293529864158,0.0,0.0
2022-02-04,0.009677549554203857,0.0,0.0
2022-02-07,-0.0019966684881915775,0.0,0.0
2022-02-08,0.018607272803886854,0.0,0.0
2022-02-09,0.024945944332630976,0.0,0.0
2022-02-10,-0.01916457878119049,0.0,0.0
2022-02-11,-0.025595880013127292,0.0,0.0
2022-02-14,-0.005414044239824278,0.0,0.0
2022-02-15,0.036491994236334424,0.0,0.0
2022-02-16,0.006418997616123523,0.0,0.0
2022-02-17,-0.025512150151933533,0.0,0.0
2022-02-18,-0.01150336320448464,0.0,0.0
2022-02-22,-0.010834685034648017,0.0,0.0
2022-02-23,-0.017038543902781367,0.0,0.0
2022-02-24,0.024143641679723826,0.0,0.0
2022-02-25,0.018738578464797317,0.0,0.0
2022-02-28,-0.0017798941803969237,0.0,0.0
2022-03-01,-0.021200625993584743,0.0,0.0
2022-03-02,0.017611117261935982,0.0,0.0
2022-03-03,-0.017306333395139983,0.0,0.0
2022-03-04,-0.023077156252689912,0.0,0.0
2022-03-07,-0.03688333362647633,0.0,0.0
2022-03-08,0.0034422426400313455,0.0,0.0
2022-03-09,0.03709230005723407,0.0,0.0
2022-03-10,-0.012404282615967377,0.0,0.0
2022-03-11,-0.02114267380130941,0.0,0.0
2022-03-14,-0.020530553078812352,0.0,0.0
2022-03-15,0.026855965018934613,0.0,0.0
2022-03-16,0.044227025263585906,0.0,0.0
2022-03-17,0.008959551003336896,0.0,0.0
2022-03-18,0.019172452847020516,0.0,0.0
2022-03-21,-0.003564334832453442,0.0,0.0
2022-03-22,0.01172498618689577,0.0,0.0
2022-03-23,-0.013455620165357285,-0.0009992504996876018,1.0
2022-03-24,0.022731905494903115,0.02273190549490302,1.0
2022-03-25,-0.002729555943230433,-0.0027295559432303036,1.0
2022-03-28,0.002737026811029164,0.002737026811029129,1.0
2022-03-29,0.017742113630997647,0.017742113630997734,1.0
2022-03-30,-0.016666704960859535,-0.01666670496085953,1.0
2022-03-31,-0.015195655553509768,-0.015195655553509713,1.0
2022-04-01,-0.00415419180619947,-0.005149788652941342,0.0
2022-04-04,0.012713426522665605,0.0,0.0
2022-04-05,-0.03236561035385843,0.0,0.0
2022-04-06,-0.017433673581443876,0.0,0.0
2022-04-07,0.0006190291116070501,0.0,0.0
2022-04-08,-0.015051607288863456,0.0,0.0
2022-04-11,-0.015909720302562658,0.0,0.0
2022-04-12,-0.004467101275046237,0.0,0.0
2022-04-13,0.01880377802864408,0.0,0.0
2022-04-14,-0.017198067049553956,0.0,0.0
2022-04-18,-0.0002135462186365622,0.0,0.0
2022-04-19,0.016008549817286388,0.0,0.0
2022-04-20,-0.0002102264104004714,0.0,0.0
2022-04-21,-0.019751912597318455,0.0,0.0
2022-04-22,-0.016934698262951686,0.0,0.0
2022-04-25,0.012429187629342753,0.0,0.0
2022-04-26,-0.032521988524102596,0.0,0.0
2022-04-27,-0.0006679505319663326,0.0,0.0
2022-04-28,0.029850760890484773,0.0,0.0
2022-04-29,-0.025740578224715427,0.0,0.0
2022-05-02,0.016429608694571662,0.0,0.0
2022-05-03,0.005897576922277548,0.0,0.0
2022-05-04,0.03409339422201163,0.0,0.0
2022-05-05,-0.04409895483347959,0.0,0.0
2022-05-06,-0.009885876791903003,0.0,0.0
2022-05-09,-0.04348784481672752,0.0,0.0
2022-05-10,0.010902219903784927,0.0,0.0
2022-05-11,-0.023864096614111818,0.0,0.0
2022-05-12,0.006817222793934485,0.0,0.0
2022-05-13,0.03712365313123045,0.0,0.0
2022-05-16,-0.009005293769178468,0.0,0.0
2022-05-17,0.03157670936254786,0.0,0.0
2022-05-18,-0.033472774614438205,0.0,0.0
2022-05-19,0.004784379116955728,0.0,0.0
2022-05-20,-0.002040568226043704,0.0,0.0
2022-05-23,0.012042976526133842,0.0,0.0
2022-05-24,-0.013920347292397106,0.0,0.0
2022-05-25,0.010929178124712724,0.0,0.0
2022-05-26,0.027477456589105165,0.0,0.0
2022-05-27,0.025865584945833575,0.0,0.0
2022-05-31,-0.007051107093264619,0.0,0.0
2022-06-01,-0.007746763385137245,0.0,0.0
2022-06-02,0.026458186785837112,0.0,0.0
2022-06-03,-0.019226644873687304,0.0,0.0
2022-06-06,0.002369723962254211,0.0,0.0
2022-06-07,0.010315698523839512,0.0,0.0
2022-06-08,-0.015315897291453662,0.0,0.0
2022-06-09,-0.02786759433703978,0.0,0.0
2022-06-10,-0.027555572771261083,0.0,0.0
2022-06-13,-0.046389590076842846,0.0,0.0
2022-06-14,0.0,0.0,0.0
2022-06-15,0.018212592270335337,0.0,0.0
2022-06-16,-0.0442456726519318,0.0,0.0
2022-06-17,0.005417117879855882,0.0,0.0
2022-06-21,0.022287562717704157,0.0,0.0
2022-06-22,-0.01027733971109468,0.0,0.0
2022-06-23,0.0026750810135733882,0.0,0.0
2022-06-24,0.03250052336757814,0.0,0.0
2022-06-27,-0.0039933562158998015,0.0,0.0
2022-06-28,-0.01768855517593526,0.0,0.0
2022-06-29,-0.012244978684507468,0.0,0.0
2022-06-30,-0.01434131820802731,0.0,0.0
2022-07-01,-0.015536548514471393,0.0,0.0
2022-07-05,-0.0020036700057178836,0.0,0.0
2022-07-06,0.005020030980397383,0.0,0.0
2022-07-07,0.03221775536064797,0.0,0.0
2022-07-08,0.0026614886292659623,0.0,0.0
2022-07-11,-0.0243725512094376,0.0,0.0
2022-07-12,-0.005441667189973298,0.0,0.0
2022-07-13,0.0007460066180624558,0.0,0.0
2022-07-14,-0.0017396152652598973,0.0,0.0
2022-07-15,0.018670819458086463,0.0,0.0
2022-07-18,-0.0021996742937732128,0.0,0.0
2022-07-19,0.03306414930527635,0.0,0.0
2022-07-20,0.017781098265448714,0.0,0.0
2022-07-21,0.016771436000328155,0.0,0.0
2022-07-22,-0.0164947946082179,-0.0009992504996875471,1.0
2022-07-25,-0.0039600537078982034,-0.003960053707898195,1.0
2022-07-26,-0.01613687667422592,-0.017120493831770854,0.0
2022-07-27,0.03422885773556228,0.0,0.0
2022-07-28,0.010112832471108613,0.0,0.0
2022-07-29,0.00864617712860638,0.0,0.0
2022-08-01,-0.003158227162908034,0.0,0.0
2022-08-02,-0.004751989533718026,0.0,0.0
2022-08-03,0.025011213061929993,0.0,0.0
2022-08-04,0.0035491760740371525,0.0,0.0
2022-08-05,-0.005967997977564088,0.0,0.0
2022-08-08,-0.007560645776843122,0.0,0.0
2022-08-09,-0.027336069980852695,-0.0009992504996876148,1.0
2022-08-10,0.03179004680984354,0.03179004680984354,1.0
2022-08-11,-0.002009348767008312,-0.0020093487670083147,1.0
2022-08-12,0.019910668533110076,0.019910668533110194,1.0
2022-08-15,0.004167356236116859,0.004167356236116872,1.0
2022-08-16,0.001965722507331513,0.0019657225073314737,1.0
2022-08-17,-0.02092830600321116,-0.020928306003211036,1.0
2022-08-18,0.010910239602961225,0.009899582090918062,0.0
2022-08-19,-0.02444903101351048,-0.0009992504996874639,1.0
2022-08-22,-0.027545831700321544,-0.028518042755079034,0.0
2022-08-23,0.003482900194434757,0.0,0.0
2022-08-24,0.003470443408717161,0.0,0.0
2022-08-25,0.023518628896756155,0.0,0.0
2022-08-26,-0.04077492245315972,0.0,0.0
2022-08-29,-0.010803332176950509,0.0,0.0
2022-08-30,-0.008546889035939143,0.0,0.0
2022-08-31,-0.007423404598373207,0.0,0.0
2022-09-01,-0.01881794008508586,0.0,0.0
2022-09-02,-0.009097400778977693,0.0,0.0
2022-09-06,-0.015632729888933494,0.0,0.0
2022-09-07,0.012855745923369577,0.0,0.0
2022-09-08,0.00746672651325242,0.0,0.0
2022-09-09,0.023962284312947668,0.0,0.0
2022-09-12,0.008926590458148809,0.0,0.0
2022-09-13,-0.046389345717325,0.0,0.0
2022-09-14,0.005014796623633799,0.0,0.0
2022-09-15,-0.011976013421236886,0.0,0.0
2022-09-16,-0.006565453199063098,0.0,0.0
2022-09-19,0.0043211278347981,0.0,0.0
2022-09-20,-0.014426659729106839,0.0,0.0
2022-09-21,-0.009067249362233909,0.0,0.0
2022-09-22,-0.015901860868566264,0.0,0.0
2022-09-23,-0.021192137371629616,0.0,0.0
2022-09-26,-0.009472298347901753,0.0,0.0
2022-09-27,0.0013662339178379668,0.0,0.0
2022-09-28,0.018280829200105764,0.0,0.0
2022-09-29,-0.02331182535821008,0.0,0.0
2022-09-30,-0.008779012074614623,0.0,0.0
2022-10-03,0.028784817098174154,0.0,0.0
2022-10-04,0.040624241016778306,0.0,0.0
2022-10-05,-0.0007755568376386357,0.0,0.0
2022-10-06,-0.005950926047614824,0.0,0.0
2022-10-07,-0.039302318589159,0.0,0.0
2022-10-10,-0.018693958771812347,0.0,0.0
2022-10-11,-0.02595269787848098,0.0,0.0
2022-10-12,-0.008503659379081263,0.0,0.0
2022-10-13,0.023156435944102993,0.0,0.0
2022-10-14,-0.034087689777815955,0.0,0.0
2022-10-17,0.030951399261961665,0.0,0.0
2022-10-18,0.006172909394805748,0.0,0.0
2022-10-19,-0.004461836050223211,0.0,0.0
2022-10-20,0.004761857798284641,0.0,0.0
2022-10-21,0.023139055016107024,0.0,0.0
2022-10-24,-0.0005447889492569136,0.0,0.0
2022-10-25,0.01826598617569819,0.0,0.0
2022-10-26,-0.0002675480712707179,0.0,0.0
2022-10-27,-0.01446184502045178,0.0,0.0
2022-10-28,0.02391309816339371,0.0,0.0
2022-10-31,-0.012208138156828308,0.0,0.0
2022-11-01,0.0040301078830025094,0.0,0.0
2022-11-02,-0.02408348197981236,0.0,0.0
2022-11-03,-0.013161404422612821,0.0,0.0
2022-11-04,0.027785496612481975,0.0,0.0
2022-11-07,0.017031548202489866,0.0,0.0
2022-11-08,0.013556484563667315,0.0,0.0
2022-11-09,-0.02386563581053036,0.0,0.0
2022-11-10,0.07845259672891336,0.0,0.0
2022-11-11,0.02267076224635578,0.0,0.0
2022-11-14,-0.006821226918814038,-0.0009992504996877234,1.0
2022-11-15,0.019867651199839242,0.019867651199839187,1.0
2022-11-16,-0.022366384252013427,-0.022366384252013427,1.0
2022-11-17,0.0017219655320774852,0.0017219655320774823,1.0
2022-11-18,0.004174616524506014,0.0041746165245059065,1.0
2022-11-21,-0.01076031253860854,-0.010760312538608425,1.0
2022-11-22,0.0163164256393038,0.016316425639303835,1.0
2022-11-23,0.010216378481188615,0.010216378481188625,1.0
2022-11-25,-0.0028893367451867658,-0.0028893367451866383,1.0
2022-11-28,-0.019802191127480384,-0.019802191127480443,1.0
2022-11-29,-0.0004927732118501504,-0.0004927732118502032,1.0
2022-11-30,0.039684485261293645,0.03968448526129375,1.0
2022-12-01,0.0037931139267859404,0.0037931139267859395,1.0
2022-12-02,-0.0023614692386256797,-0.0023614692386256216,1.0
2022-12-05,-0.015861842576623375,-0.01586184257662341,1.0
2022-12-06,-0.017320005610951372,-0.017320005610951365,1.0
2022-12-07,-0.0022033652258958147,-0.002203365225895808,1.0
2022-12-08,0.018645729108746067,0.018645729108746185,1.0
2022-12-09,-0.006262277422367513,-0.0062622774223675395,1.0
2022-12-12,0.010422105883050037,0.009411936382693512,0.0
2022-12-13,0.014871673070099956,0.0,0.0
2022-12-14,-0.0070908305501221625,0.0,0.0
2022-12-15,-0.037133720360293054,-0.0009992504996875786,1.0
2022-12-16,-0.005933450178686184,-0.0059334501786861595,1.0
2022-12-19,-0.01492152587472828,-0.0149215258747283,1.0
2022-12-20,0.0015148948682137675,0.0005136303520693409,0.0
2022-12-21,0.013360233368542307,0.0,0.0
2022-12-22,-0.023383351455270818,0.0,0.0
2022-12-23,0.0012734653472927793,0.0,0.0
2022-12-27,-0.01093839629496196,0.0,0.0
2022-12-28,-0.013039313605305969,-0.0009992504996876436,1.0
2022-12-29,0.029242784742971928,0.02924278474297196,1.0
2022-12-30,-0.005834598497989063,-0.005834598497989077,1.0
2023-01-03,0.001020523411939589,0.001020523411939553,1.0
2023-01-04,0.017333727344206906,0.016316647950294822,0.0
2023-01-05,-0.014783165140528243,-0.0009992504996876245,1.0
2023-01-06,0.027467049090987405,0.02746704909098741,1.0
2023-01-09,0.011138665873840159,0.011138665873840123,1.0
2023-01-10,0.007098881720488226,0.007098881720488317,1.0
2023-01-11,0.011424340760005869,0.011424340760005817,1.0
2023-01-12,0.00961313181989798,0.009613131819898117,1.0
2023-01-13,0.008331411249444809,0.0083314112494448,1.0
2023-01-17,0.0035409692792858216,0.0035409692792857423,1.0
2023-01-18,-0.012232257402942759,-0.012232257402942752,1.0
2023-01-19,-0.013336586916271043,-0.013336586916271011,1.0
2023-01-20,0.020275140496595512,0.020275140496595463,1.0
2023-01-23,0.03122777394687626,0.03122777394687627,1.0
2023-01-24,-0.003211787769281771,-0.0032117877692817063,1.0
2023-01-25,0.0034524125312642706,0.003452412531264222,1.0
2023-01-26,0.010550452899699136,0.010550452899699159,1.0
2023-01-27,-0.00045390673448830743,-0.00045390673448830087,1.0
2023-01-30,-0.016575791794857575,-0.01657579179485759,1.0
2023-01-31,0.010159421300633076,0.010159421300633145,1.0
2023-02-01,0.034742694855521616,0.034742694855521596,1.0
2023-02-02,0.017450833074141636,0.017450833074141678,1.0
2023-02-03,-0.013243576922199907,-0.013243576922199966,1.0
2023-02-06,-0.009020727039237286,-0.009020727039237371,1.0
2023-02-07,0.02064824398051779,0.02064824398051783,1.0
2023-02-08,-0.011311833202919286,-0.011311833202919336,1.0
2023-02-09,-0.0033004037195610847,-0.0033004037195611597,1.0
2023-02-10,-0.005739265211929245,-0.00573926521192921,1.0
2023-02-13,0.01043493232767112,0.010434932327671263,1.0
2023-02-14,0.010107837057175884,0.010107837057175809,1.0
2023-02-15,0.006743363272724512,0.006743363272724366,1.0
2023-02-16,-0.014909155160956256,-0.01490915516095607,1.0
2023-02-17,-0.01184462033730671,-0.011844620337306738,1.0
2023-02-21,-0.022863758949849267,-0.022863758949849322,1.0
2023-02-22,-0.003180234771380075,-0.0031802347713800394,1.0
2023-02-23,0.015952894482211155,0.015952894482211093,1.0
2023-02-24,-0.020188693399929236,-0.02018869339992922,1.0
2023-02-27,0.005952393328018557,0.005952393328018708,1.0
2023-02-28,-0.000682764439349115,-0.0006827644393491173,1.0
2023-03-01,0.002504970239709081,0.002504970239708975,1.0
2023-03-02,0.005679484000965962,0.0056794840009658475,1.0
2023-03-03,0.013553051740004651,0.013553051740004693,1.0
2023-03-06,-0.008468894397403837,-0.008468894397403852,1.0
2023-03-07,-0.013935731730197354,-0.013935731730197166,1.0
2023-03-08,0.01390460966863949,0.013904609668639517,1.0
2023-03-09,-0.01618705930059061,-0.016187059300590587,1.0
2023-03-10,-0.015767637849982363,-0.01576763784998244,1.0
2023-03-13,-0.0023217007188883754,-0.0023217007188883454,1.0
2023-03-14,0.01582485552431412,0.015824855524314053,1.0
2023-03-15,-0.017869362776115394,-0.017869362776115446,1.0
2023-03-16,0.029624400173155374,0.029624400173155426,1.0
2023-03-17,-0.003624672498047876,-0.0036246724980478298,1.0
2023-03-20,0.009549737794971147,0.009549737794971125,1.0
2023-03-21,0.011486386139714533,0.011486386139714458,1.0
2023-03-22,-0.0115552624101104,-0.011555262410110366,1.0
2023-03-23,0.019183060599475832,0.019183060599475738,1.0
2023-03-24,-0.010186077398444016,-0.010186077398444083,1.0
2023-03-27,-0.0008948571504147074,-0.0008948571504146617,1.0
2023-03-28,-0.005597844418208431,-0.005597844418208462,1.0
2023-03-29,0.021166420169872024,0.021166420169871896,1.0
2023-03-30,0.010363888049742087,0.010363888049742188,1.0
2023-03-31,0.015277085223729836,0.015277085223729918,1.0
2023-04-03,-0.0025794583916823877,-0.002579458391682442,1.0
2023-04-04,-0.004741350130007205,-0.004741350130007183,1.0
2023-04-05,-0.016457471834911863,-0.016457471834911818,1.0
2023-04-06,0.000440205772986868,0.0004402057729867546,1.0
2023-04-10,0.008142868877008214,0.008142868877008127,1.0
2023-04-11,-0.003711140994105744,-0.003711140994105708,1.0
2023-04-12,-0.00985969313405255,-0.009859693134052503,1.0
2023-04-13,0.010400669818067643,0.010400669818067663,1.0
2023-04-14,-0.003942321536407389,-0.003942321536407491,1.0
2023-04-17,-0.001978962474587065,-0.001978962474587052,1.0
2023-04-18,0.000881514454336374,-0.00011911683973935535,0.0
2023-04-19,-0.009465331609335381,-0.000999250499687747,1.0
2023-04-20,-0.006222065037881919,-0.006222065037881782,1.0
2023-04-21,-0.0055904212654577234,-0.005590421265457753,1.0
2023-04-24,-0.004047816920126457,-0.004047816920126358,1.0
2023-04-25,-0.026642528325161452,-0.026642528325161438,1.0
2023-04-26,0.0016238721827366298,0.0006224987165221567,0.0
2023-04-27,0.011810988046074167,0.0,0.0
2023-04-28,0.000686500053133754,0.0,0.0
2023-05-01,0.00457448887677292,0.0,0.0
2023-05-02,-0.005464228333330934,0.0,0.0
2023-05-03,-0.0034340078665109353,0.0,0.0
2023-05-04,-0.002297408357861852,0.0,0.0
2023-05-05,0.018420318270444103,0.0,0.0
2023-05-08,-0.0013565048564798676,0.0,0.0
2023-05-09,-0.006791915766931389,-0.0009992504996875217,1.0
2023-05-10,0.01185332735956357,0.011853327359563516,1.0
2023-05-11,-0.0038297687586440476,-0.0038297687586441114,1.0
2023-05-12,-0.0033921623660267963,-0.003392162366026712,1.0
2023-05-15,0.019968290842800274,0.01996829084280028,1.0
2023-05-16,0.0022248320152749024,0.002224832015274884,1.0
2023-05-17,0.019089908558670432,0.019089908558670484,1.0
2023-05-18,0.01698959426733926,0.016989594267339436,1.0
2023-05-19,-0.0025700665164886116,-0.0025700665164887855,1.0
2023-05-22,0.010951477411022648,0.010951477411022842,1.0
2023-05-23,-0.012319781216812431,-0.012319781216812436,1.0
2023-05-24,-0.01612901585312576,-0.016129015853125817,1.0
2023-05-25,0.023825270495012596,0.023825270495012603,1.0
2023-05-26,0.03736118620926887,0.0373611862092688,1.0
2023-05-30,0.005145085806722127,0.00514508580672236,1.0
2023-05-31,-0.01412786455403836,-0.014127864554038388,1.0
2023-06-01,0.01806860916295494,0.01806860916295503,1.0
2023-06-02,-0.002243928151847152,-0.0022439281518469604,1.0
2023-06-05,-0.005724816685073075,-0.005724816685073064,1.0
2023-06-06,0.010898308496936293,0.010898308496936168,1.0
2023-06-07,-0.00895015361880891,-0.008950153618808743,1.0
2023-06-08,0.014367898383409239,0.014367898383409123,1.0
2023-06-09,0.0026305014716421216,0.0026305014716420166,1.0
2023-06-12,0.015943556645310775,0.015943556645310896,1.0
2023-06-13,0.013309473703660313,0.013309473703660162,1.0
2023-06-14,0.0005879864100193366,0.0005879864100192745,1.0
2023-06-15,0.0033307114717231467,0.003330711471723089,1.0
2023-06-16,-0.009958963979595836,-0.009958963979595949,1.0
2023-06-20,-0.012426013423695315,-0.012426013423695273,1.0
2023-06-21,-0.0169383218196133,-0.01693832181961326,1.0
2023-06-22,0.0012218157243415462,0.0012218157243415958,1.0
2023-06-23,-0.013832239460993767,-0.013832239460993722,1.0
2023-06-26,0.004331896044875272,0.004331896044875076,1.0
2023-06-27,0.020948754762704747,0.020948754762704698,1.0
2023-06-28,0.0036209420998047914,0.003620942099804895,1.0
2023-06-29,0.0020043767676696245,0.0020043767676696162,1.0
2023-06-30,0.012402591708404964,0.012402591708404727,1.0
2023-07-03,0.00553248981229193,0.00553248981229207,1.0
2023-07-05,-0.009039109369260223,-0.009039109369260109,1.0
2023-07-06,-0.01566537112649624,-0.01566537112649627,1.0
2023-07-07,0.004431995492526264,0.0044319954925261295,1.0
2023-07-10,0.011632458346803709,0.011632458346803877,1.0
2023-07-11,0.003568771773825974,0.0035687717738258577,1.0
2023-07-12,0.01600150985483184,0.01600150985483185,1.0
2023-07-13,0.020221633160151464,0.020221633160151506,1.0
2023-07-14,-0.015056162297455655,-0.015056162297455584,1.0
2023-07-17,0.014318725145064493,0.014318725145064362,1.0
2023-07-18,0.004578555332929168,0.004578555332929036,1.0
2023-07-19,-0.007406065210464274,-0.0074060652104641946,1.0
2023-07-20,-0.025827348481127554,-0.025827348481127693,1.0
2023-07-21,0.002160177076149683,0.0021601770761495945,1.0
2023-07-24,0.003135358969171387,0.0031353589691714427,1.0
2023-07-25,0.012697776333888688,0.0126977763338886,1.0
2023-07-26,-0.00462962962962965,-0.004629629629629544,1.0
2023-07-27,0.001550514584170548,0.0015505145841706281,1.0
2023-07-28,0.019349830068790208,0.01934983006879029,1.0
2023-07-31,0.006074460614928556,0.006074460614928462,1.0
2023-08-01,0.008490536855712882,0.008490536855712983,1.0
2023-08-02,-0.0312441891392512,-0.031244189139251168,1.0
2023-08-03,-0.006566361387529418,-0.006566361387529523,1.0
2023-08-04,-0.0005830795496598595,-0.0005830795496598419,1.0
2023-08-07,0.0,0.0,1.0
2023-08-08,-0.020229652787639774,-0.020229652787639746,1.0
2023-08-09,-0.012110302213916735,-0.012110302213916598,1.0
2023-08-10,-0.004622229048665605,-0.005617357975174234,0.0
2023-08-11,-0.003634180922582164,0.0,0.0
2023-08-14,0.012360845092459716,0.0,0.0
2023-08-15,-0.013410703695822646,0.0,0.0
2023-08-16,-0.021911174329604766,0.0,0.0
2023-08-17,-0.00497830117653808,0.0,0.0
2023-08-18,0.00187634667254577,0.0,0.0
2023-08-21,0.015397409610918178,0.0,0.0
2023-08-22,-0.000819739091750038,-0.0009992504996875152,1.0
2023-08-23,0.018662731486091655,0.01866273148609154,1.0
2023-08-24,-0.020736958051799537,-0.021715976277987253,0.0
2023-08-25,0.005962275778129467,0.0,0.0
2023-08-28,0.012058044843337612,0.0,0.0
2023-08-29,0.01878041881069925,0.0,0.0
2023-08-30,0.0029729967729541507,0.0,0.0
2023-08-31,0.0037552290852131964,-0.0009992504996875562,1.0
2023-09-01,0.008072127654814798,0.008072127654814753,1.0
2023-09-05,0.001953246780371787,0.0019532467803717317,1.0
2023-09-06,-0.0017543955110405074,-0.0017543955110404562,1.0
2023-09-07,-0.01991788861167998,-0.019917888611680062,1.0
2023-09-08,-0.005578786901526245,-0.006572959509321367,0.0
2023-09-11,0.004808654996077966,0.0,0.0
2023-09-12,-0.007577378339670204,0.0,0.0
2023-09-13,0.003214814324467463,0.0,0.0
2023-09-14,0.0040056208298897555,0.0,0.0
2023-09-15,-0.017753744380243575,0.0,0.0
2023-09-18,-0.00020336301911760835,0.0,0.0
2023-09-19,-0.005484171912561786,0.0,0.0
2023-09-20,-0.011124144816963222,0.0,0.0
2023-09-21,-0.015330276107702878,0.0,0.0
2023-09-22,0.0046285361603923825,0.0,0.0
2023-09-25,0.001675260090942432,0.0,0.0
2023-09-26,-0.016725894100970473,0.0,0.0
2023-09-27,0.010206278372246302,0.0,0.0
2023-09-28,0.008840370475149184,0.0,0.0
2023-09-29,0.000834566100456513,0.0,0.0
2023-10-02,-0.001459293244156168,0.0,0.0
2023-10-03,-0.01691044631876404,0.0,0.0
2023-10-04,0.005946174200637699,0.0,0.0
2023-10-05,-0.002322126807668523,0.0,0.0
2023-10-06,0.019255155043398586,0.0,0.0
2023-10-09,-0.002076142362466782,0.0,0.0
2023-10-10,0.014146226270472795,0.0,0.0
2023-10-11,0.003692417883643051,0.0,0.0
2023-10-12,-0.004087548929422646,-0.000999250499687515,1.0
2023-10-13,-0.018263826449247178,-0.01826382644924718,1.0
2023-10-16,0.008779060954776652,0.008779060954776622,1.0
2023-10-17,-0.004558524469184699,-0.004558524469184764,1.0
2023-10-18,-0.021232341161325996,-0.022210864128249866,0.0
2023-10-19,-0.01212246003793005,0.0,0.0
2023-10-20,-0.016146298685977722,0.0,0.0
2023-10-23,-0.005032853180373276,0.0,0.0
2023-10-24,0.007477469361823363,0.0,0.0
2023-10-25,-0.02357565498103198,0.0,0.0
2023-10-26,-0.0033534515892089667,0.0,0.0
2023-10-27,0.005832365712621579,0.0,0.0
2023-10-30,-0.0015612446284136716,0.0,0.0
2023-10-31,0.0017867694485187435,0.0,0.0
2023-11-01,0.011371387814813394,0.0,0.0
2023-11-02,0.02072293275327919,0.0,0.0
2023-11-03,0.019006586741029174,0.0,0.0
2023-11-06,-0.002755436141691492,0.0,0.0
2023-11-07,0.002763049548278218,0.0,0.0
2023-11-08,0.0016955827116862388,0.0,0.0
2023-11-09,-0.0029622677455106716,0.0,0.0
2023-11-10,0.01994906857956602,0.0,0.0
2023-11-13,-0.0004161951202324987,0.0,0.0
2023-11-14,0.03517901026707548,0.0,0.0
2023-11-15,-0.0010053498325782728,-0.0009992504996875738,1.0
2023-11-16,-0.005837528347560572,-0.005837528347560736,1.0
2023-11-17,0.008908934838811167,0.008908934838811383,1.0
2023-11-20,0.009833284038563095,0.009833284038563253,1.0
2023-11-21,-0.00834654512622135,-0.008346545126221476,1.0
2023-11-22,0.004809552997027566,0.004809552997027537,1.0
2023-11-24,0.00019958215174264993,0.00019958215174262139,1.0
2023-11-27,-0.0023929447210698784,-0.002392944721069891,1.0
2023-11-28,-0.00019986427092788528,-0.00019986427092772623,1.0
2023-11-29,0.008796491151906727,0.008796491151906647,1.0
2023-11-30,-0.001189044293317565,-0.0011890442933175306,1.0
2023-12-01,0.01646827355019509,0.016468273550194906,1.0
2023-12-04,-0.008003255136055154,-0.008003255136055008,1.0
2023-12-05,-0.005706272619193209,-0.005706272619193285,1.0
2023-12-06,-0.00217698506960895,-0.0021769850696091234,1.0
2023-12-07,0.013288415388474917,0.013288415388475082,1.0
2023-12-08,0.005676192200606334,0.00467076742745372,0.0
2023-12-11,0.013818734926275278,-0.0009992504996876028,1.0
2023-12-12,0.0021115625299350516,0.002111562529935042,1.0
2023-12-13,0.012452249980326346,0.012452249980326294,1.0
2023-12-14,0.01665084192050159,0.01665084192050168,1.0
2023-12-15,-0.003908486725655358,-0.0039084867256552165,1.0
2023-12-18,-0.0011209144024940665,-0.0011209144024940504,1.0
2023-12-19,0.004863357471951657,0.004863357471951611,1.0
2023-12-20,-0.018056620855835925,-0.018056620855836106,1.0
2023-12-21,0.02180100759504544,0.02180100759504556,1.0
2023-12-22,0.0033393988413041864,0.003339398841304151,1.0
2023-12-26,0.010355081265368549,0.010355081265368559,1.0
2023-12-27,0.0032628955177582686,0.0032628955177582673,1.0
2023-12-28,-0.0009134623978834799,-0.0009134623978834372,1.0
2023-12-29,-0.006583801366615405,-0.006583801366615484,1.0
2024-01-02,-0.020434375374401625,-0.020434375374401653,1.0
2024-01-03,-0.012967568062117962,-0.012967568062117941,1.0
2024-01-04,-0.003998576508849161,-0.0039985765088490655,1.0
2024-01-05,-0.0024850258433859462,-0.002485025843386136,1.0
2024-01-08,0.024338804255040314,0.024338804255040324,1.0
2024-01-09,-0.0016838272122965403,-0.0016838272122966936,1.0
2024-01-10,0.0014990642216274885,0.0014990642216275287,1.0
2024-01-11,0.0026199482952540265,0.0026199482952541163,1.0
2024-01-12,-0.00018668666950538704,-0.0001866866695055575,1.0
2024-01-16,-0.0031733893478436137,-0.003173389347843553,1.0
2024-01-17,-0.009737864659679296,-0.009737864659679263,1.0
2024-01-18,0.020234350121446587,0.020234350121446684,1.0
2024-01-19,0.01835029820975498,0.01835029820975493,1.0
2024-01-22,0.010557158639808994,0.01055715863980877,1.0
2024-01-23,0.0027017461823297673,0.0027017461823298514,1.0
2024-01-24,0.0034130376604579737,0.003413037660457956,1.0
2024-01-25,-0.0005370602766442412,-0.0005370602766440979,1.0
2024-01-26,-0.01020969853719278,-0.01020969853719294,1.0
2024-01-29,0.007600411934777673,0.007600411934777777,1.0
2024-01-30,-0.006645134015626275,-0.006645134015626263,1.0
2024-01-31,-0.009582368306468192,-0.009582368306468194,1.0
2024-02-01,0.006754380939141047,0.006754380939140964,1.0
2024-02-02,0.005439673405298384,0.005439673405298333,1.0
2024-02-05,0.00036078170215714245,0.00036078170215710634,1.0
2024-02-06,0.0007210915213367031,0.0007210915213365099,1.0
2024-02-07,0.005944841738548812,0.0059448417385487996,1.0
2024-02-08,0.01450568232667826,0.01450568232667851,1.0
2024-02-09,0.01659312935297641,0.016593129352976303,1.0
2024-02-12,0.005209202918360578,0.00520920291836058,1.0
2024-02-13,-0.026602121447494853,-0.026602121447494912,1.0
2024-02-14,0.021118169522054364,0.02111816952205438,1.0
2024-02-15,0.0060825133301734,0.006082513330173618,1.0
2024-02-16,-0.0010363874687092656,-0.0010363874687093616,1.0
2024-02-20,-0.008645973489651348,-0.008645973489651246,1.0
2024-02-21,-0.005756184762021999,-0.005756184762022177,1.0
2024-02-22,0.028421026180840192,0.028421026180840143,1.0
2024-02-23,-0.005288242036377122,-0.005288242036376983,1.0
2024-02-26,0.011147274288584752,0.011147274288584873,1.0
2024-02-27,0.0020353574071676483,0.002035357407167678,1.0
2024-02-28,-0.0033853498237873536,-0.0033853498237874004,1.0
2024-02-29,0.011718890976675223,0.011718890976675209,1.0
2024-03-01,0.021655067466052058,0.02165506746605229,1.0
2024-03-04,0.009201525753520956,0.009201525753520836,1.0
2024-03-05,-0.01872357517563661,-0.01872357517563667,1.0
2024-03-06,0.021071824582685084,0.02107182458268493,1.0
2024-03-07,0.02063702964537306,0.020637029645372982,1.0
2024-03-08,-0.01671718811799261,-0.016717188117992696,1.0
2024-03-11,-0.011334121337721714,-0.011334121337721657,1.0
2024-03-12,0.016377287438824162,0.01637728743882412,1.0
2024-03-13,-0.009184655251149865,-0.009184655251149943,1.0
2024-03-14,-0.012522207432294152,-0.01252220743229417,1.0
2024-03-15,-0.0023057655481916184,-0.0023057655481915134,1.0
2024-03-18,-0.0026411953608604932,-0.0026411953608604776,1.0
2024-03-19,-0.008606389983539353,-0.008606389983539355,1.0
2024-03-20,0.015067145335106114,0.015067145335106053,1.0
2024-03-21,0.008566726607557307,0.008566726607557298,1.0
2024-03-22,-0.003920402673273871,-0.003920402673273909,1.0
2024-03-25,0.006231676415646925,0.006231676415647043,1.0
2024-03-26,-0.004400382047291873,-0.004400382047291909,1.0
2024-03-27,0.010476378250609875,0.010476378250609661,1.0
2024-03-28,-0.005831798688329504,-0.0058317986883293935,1.0
2024-04-01,-0.00032587519037508006,-0.0003258751903750063,1.0
2024-04-02,-0.012550953303018364,-0.012550953303018302,1.0
2024-04-03,0.003961691077350338,0.003961691077350198,1.0
2024-04-04,-0.011344780291074663,-0.011344780291074778,1.0
2024-04-05,0.0009976560443207827,0.0009976560443208079,1.0
2024-04-08,0.0041535901468678915,0.004153590146867818,1.0
2024-04-09,0.0034746302670587426,0.003474630267058778,1.0
2024-04-10,-0.01121199532831918,-0.011211995328319268,1.0
2024-04-11,0.011339129596380948,0.0113391295963811,1.0
2024-04-12,-0.028689379153561623,-0.028689379153561675,1.0
2024-04-15,-0.01697496047098712,-0.016974960470987035,1.0
2024-04-16,-0.0022448470724495406,-0.002244847072449614,1.0
2024-04-17,-0.01817247989984283,-0.019154061963062928,0.0
2024-04-18,-0.007579748716289525,0.0,0.0
2024-04-19,-0.019005277593771464,0.0,0.0
2024-04-22,0.015390269999251638,0.0,0.0
2024-04-23,0.013551989268256293,0.0,0.0
2024-04-24,0.005629751415135997,0.0,0.0
2024-04-25,0.003499110305325903,0.0,0.0
2024-04-26,0.01830533691566516,0.0,0.0
2024-04-29,0.006505798311891686,0.0,0.0
2024-04-30,-0.017860213964781213,0.0,0.0
2024-05-01,-0.01160384759192612,0.0,0.0
2024-05-02,0.018398495326990894,0.0,0.0
2024-05-03,0.017549858714233313,0.0,0.0
2024-05-06,0.013189150852750187,0.0,0.0
2024-05-07,-0.005841045783611998,0.0,0.0
2024-05-08,-0.0025182099165410587,0.0,0.0
2024-05-09,0.0023563154190986424,0.0,0.0
2024-05-10,-0.0006716878393737691,0.0,0.0
2024-05-13,0.004368183471976206,0.0,0.0
2024-05-14,0.015222508454407535,0.0,0.0
2024-05-15,0.01911356418810284,0.0,0.0
2024-05-16,-0.005820546611020938,-0.000999250499687533,1.0
2024-05-17,0.0016262596586964495,0.0016262596586964163,1.0
2024-05-20,0.014288115660351819,0.013274081116720302,0.0
2024-05-21,-0.005282667092098459,-0.000999250499687453,1.0
2024-05-22,0.004345147504718261,0.0043451475047183155,1.0
2024-05-23,-0.006569524968620621,-0.00656952496862066,1.0
2024-05-24,0.01677420371178462,0.01677420371178458,1.0
2024-05-28,0.007455598925304896,0.007455598925304999,1.0
2024-05-29,-0.01952451460147897,-0.019524514601478967,1.0
2024-05-30,-0.003372329282535391,-0.003372329282535431,1.0
2024-05-31,-0.004028370262316505,-0.004028370262316536,1.0
2024-06-03,0.005500757754220986,0.005500757754221008,1.0
2024-06-04,-0.004988018383817905,-0.004988018383817904,1.0
2024-06-05,0.027166859638060314,0.027166859638060238,1.0
2024-06-06,-0.004722860970764797,-0.0047228609707647435,1.0
2024-06-07,-0.007118155535894455,-0.0071181555358944765,1.0
2024-06-10,0.00892155663708083,0.008921556637080831,1.0
2024-06-11,-0.003789599557215806,-0.0037895995572159277,1.0
2024-06-12,0.01775223630644307,0.017752236306443004,1.0
2024-06-13,-0.008721234807642642,-0.00872123480764268,1.0
2024-06-14,-0.005656004932462544,-0.005656004932462522,1.0
2024-06-17,0.009322331713180976,0.009322331713181111,1.0
2024-06-18,0.006574668682616247,0.006574668682616144,1.0
2024-06-20,-0.015085512357185693,-0.01508551235718567,1.0
2024-06-21,-0.005842448400866673,-0.005842448400866668,1.0
2024-06-24,-0.00889444656490801,-0.008894446564908091,1.0
2024-06-25,0.004326917086914905,0.004326917086914814,1.0
2024-06-26,-0.006418900406646055,-0.006418900406645979,1.0
2024-06-27,0.007572033925422383,0.007572033925422389,1.0
2024-06-28,0.003997462098834781,0.003997462098834832,1.0
2024-07-01,-0.002388989634397376,-0.0023889896343973803,1.0
2024-07-02,0.009578593607705743,0.009578593607705655,1.0
2024-07-03,0.009961952581871714,0.009961952581871743,1.0
2024-07-05,0.004540667260837239,0.0045406672608371374,1.0
2024-07-08,0.007792935226036191,0.0077929352260363485,1.0
2024-07-09,-0.0012372231801972555,-0.0012372231801971204,1.0
2024-07-10,0.018426839234559678,0.018426839234559636,1.0
2024-07-11,-0.011403550947825747,-0.011403550947825854,1.0
2024-07-12,0.012765225447507689,0.01276522544750765,1.0
2024-07-15,0.0021262208234562596,0.0021262208234563503,1.0
2024-07-16,0.012274661303692369,0.012274661303692428,1.0
2024-07-17,-0.03667671399533301,-0.03667671399533302,1.0
2024-07-18,-0.01289825425998481,-0.012898254259984867,1.0
2024-07-19,-0.017159964003736983,-0.017159964003736934,1.0
2024-07-22,0.021624143135920537,0.021624143135920416,1.0
2024-07-23,-0.0031356734727971958,-0.0031356734727970327,1.0
2024-07-24,-0.03334389114190872,-0.033343891141908825,1.0
2024-07-25,-0.016107981837349072,-0.017091627882507232,0.0
2024-07-26,0.014221885212386098,0.0,0.0
2024-07-29,-0.0057068613906979815,0.0,0.0
2024-07-30,-0.01607070930722454,0.0,0.0
2024-07-31,0.03283339570870436,0.0,0.0
2024-08-01,-0.04098776709768637,0.0,0.0
2024-08-02,-0.045095016131995846,0.0,0.0
2024-08-05,-0.025021976792781286,0.0,0.0
2024-08-06,0.009578770183349405,0.0,0.0
2024-08-07,-0.0066236251064581975,0.0,0.0
2024-08-08,0.04126861430862672,0.0,0.0
2024-08-09,-0.0024229828915125484,0.0,0.0
2024-08-12,0.00138797282997416,0.0,0.0
2024-08-13,0.029106017603760526,0.0,0.0
2024-08-14,-0.0063973133067407595,0.0,0.0
2024-08-15,0.030498228415467565,0.0,0.0
2024-08-16,0.005919084501270433,0.0,0.0
2024-08-19,0.011604980865349557,0.0,0.0
2024-08-20,-0.008078828942631677,-0.0009992504996876577,1.0
2024-08-21,0.014171788473754887,0.014171788473755024,1.0
2024-08-22,-0.01702547707233626,-0.017025477072336332,1.0
2024-08-23,0.017973949996608285,0.017973949996608483,1.0
2024-08-26,-0.012680567835396395,-0.012680567835396379,1.0
2024-08-27,0.007966212450355226,0.007966212450355226,1.0
2024-08-28,-0.013387076947583676,-0.013387076947583794,1.0
2024-08-29,0.00801049050709568,0.007002732019211351,0.0
2024-08-30,0.01167689584553755,0.0,0.0
2024-09-03,-0.04680995052084069,0.0,0.0
2024-09-04,-0.003195363392598627,0.0,0.0
2024-09-05,-0.002193403062025312,0.0,0.0
2024-09-06,-0.026716180170132886,0.0,0.0
2024-09-09,0.007296730175582411,0.0,0.0
2024-09-10,0.0031044404870517184,0.0,0.0
2024-09-11,0.02665055515349679,0.0,0.0
2024-09-12,0.002009750164587709,0.0,0.0
2024-09-13,0.012034119747435845,0.0,0.0
2024-09-16,-0.003468303118308369,0.0,0.0
2024-09-17,0.002320184866113628,0.0,0.0
2024-09-18,-0.010581924385831165,0.0,0.0
2024-09-19,0.030581487157446574,0.0,0.0
2024-09-20,-0.007783252102549043,-0.0009992504996874307,1.0
2024-09-23,0.005066225873660235,0.005066225873660119,1.0
2024-09-24,0.008455226068570632,0.00845522606857055,1.0
2024-09-25,-0.0029400805530078733,-0.0029400805530078373,1.0
2024-09-26,0.027867773162759013,0.027867773162758985,1.0
2024-09-27,-0.0059899174644737485,-0.005989917464473688,1.0
2024-09-30,-0.01046628463661381,-0.010466284636613846,1.0
2024-10-01,-0.010576924095150875,-0.010576924095150856,1.0
2024-10-02,0.007936545910861348,0.00793654591086137,1.0
2024-10-03,-0.007070545174898468,-0.007070545174898495,1.0
2024-10-04,0.012137941446598743,0.011126056539637498,0.0
2024-10-07,-0.0025583061604200763,0.0,0.0
2024-10-08,0.002885523096086251,0.0,0.0
2024-10-09,0.005754255221191551,0.0,0.0
2024-10-10,-0.004449967014286682,0.0,0.0
2024-10-11,0.01596422972039324,0.0,0.0
2024-10-14,0.008485302163756314,0.0,0.0
2024-10-15,-0.02415090550376131,-0.0009992504996875916,1.0
2024-10-16,0.005109384178510146,0.00510938417851005,1.0
2024-10-17,0.001588511933073855,0.001588511933073802,1.0
2024-10-18,0.010467883835507896,0.010467883835507806,1.0
2024-10-21,0.0025115075426980216,0.002511507542698138,1.0
2024-10-22,-0.004383960071371762,-0.004383960071371825,1.0
2024-10-23,-0.01100809838430239,-0.011008098384302393,1.0
2024-10-24,0.005883336751218771,0.00588333675121888,1.0
2024-10-25,0.0042681365233481205,0.0042681365233480035,1.0
2024-10-28,0.014481303421320035,0.01448130342132006,1.0
2024-10-29,0.007292532935269769,0.007292532935269761,1.0
2024-10-30,-0.015865787322961178,-0.0158657873229613,1.0
2024-10-31,-0.02519945717132621,-0.0251994571713262,1.0
2024-11-01,-0.0025690487635575687,-0.0025690487635575093,1.0
2024-11-04,-0.005473266306245783,-0.005473266306245759,1.0
2024-11-05,0.009226169728655309,0.009226169728655325,1.0
2024-11-06,0.02437865901977032,0.024378659019770304,1.0
2024-11-07,0.040551143796945466,0.040551143796945424,1.0
2024-11-08,0.002557836440238326,0.0025578364402382933,1.0
2024-11-11,0.0039020456337726106,0.0039020456337727884,1.0
2024-11-12,-0.011959904387707887,-0.011959904387708022,1.0
2024-11-13,0.0015131579102141135,0.0015131579102142033,1.0
2024-11-14,-0.006496490018545242,-0.006496490018545269,1.0
2024-11-15,-0.01840009731673231,-0.018400097316732394,1.0
2024-11-18,-0.002478764245337217,-0.0024787642453372337,1.0
2024-11-19,0.014443151663777298,0.014443151663777425,1.0
2024-11-20,0.009032680986263752,0.009032680986263551,1.0
2024-11-21,0.013503102164426295,0.013503102164426531,1.0
2024-11-22,0.024700570492101726,0.024700570492101566,1.0
2024-11-25,0.016070181918166337,0.016070181918166396,1.0
2024-11-26,-0.021567202641569083,-0.021567202641569062,1.0
2024-11-27,0.00426135682094686,0.004261356820946974,1.0
2024-11-29,0.031460318067008775,0.031460318067008664,1.0
2024-12-02,0.0015607535333941325,0.001560753533393987,1.0
2024-12-03,0.002691055409270282,0.0026910554092702626,1.0
2024-12-04,0.010736100986535657,0.010736100986535648,1.0
2024-12-05,0.00880508843713912,0.008805088437139239,1.0
2024-12-06,0.04419498559421098,0.04419498559421093,1.0
2024-12-09,-0.014594718535069773,-0.014594718535069683,1.0
2024-12-10,0.018715668237060834,0.018715668237060744,1.0
2024-12-11,0.010441352110916347,0.010441352110916256,1.0
2024-12-12,-0.02563779250841669,-0.0256377925084167,1.0
2024-12-13,0.042287521373515435,0.042287521373515644,1.0
2024-12-16,0.0637559327491759,0.06375593274917585,1.0
2024-12-17,0.04710007794697413,0.047100077946974114,1.0
2024-12-18,-0.028908490665683795,-0.028908490665683927,1.0
2024-12-19,-0.0763275699226369,-0.07632756992263684,1.0
2024-12-20,0.04628074193342124,0.0462807419334213,1.0
2024-12-23,0.012444513580631034,0.012444513580631091,1.0
2024-12-24,0.005719847619580998,0.005719847619580918,1.0
2024-12-26,0.016335820558553316,0.016335820558553343,1.0
2024-12-27,-0.004826094099625422,-0.004826094099625341,1.0
2024-12-30,-0.01856064742070984,-0.018560647420709866,1.0
2024-12-31,-0.009882894424736777,-0.009882894424736688,1.0
2025-01-02,0.015526724480679821,0.01552672448067973,1.0
2025-01-03,0.01419736406700367,0.014197364067003792,1.0
2025-01-06,0.02237379849130816,0.022373798491308286,1.0
2025-01-07,-0.01299019315996286,-0.0129901931599629,1.0
2025-01-08,-0.046122765776436814,-0.04612276577643682,1.0
2025-01-10,-0.019763829616945006,-0.019763829616945162,1.0
2025-01-13,-0.019908599794152604,-0.019908599794152437,1.0
2025-01-14,0.019795468100490154,0.019795468100490224,1.0
2025-01-15,0.025247437918801685,0.02524743791880169,1.0
2025-01-16,0.0056922144312527845,0.005692214431252978,1.0
2025-01-17,0.00750594881183364,0.007505948811833541,1.0
2025-01-21,0.0322422597973131,0.03224225979731312,1.0
2025-01-22,0.00863711923016175,0.008637119230161697,1.0
2025-01-23,-0.0028152699146863913,-0.002815269914686434,1.0
2025-01-24,-0.009528315186619785,-0.00952831518661969,1.0
2025-01-27,-0.03990500587140833,-0.03990500587140837,1.0
2025-01-28,0.007174526927318903,0.007174526927318795,1.0
2025-01-29,-0.0022106802931216585,-0.0022106802931215735,1.0
2025-01-30,0.01070913800297002,0.01070913800296986,1.0
2025-01-31,0.0025575162097264403,0.0025575162097263324,1.0
2025-02-03,-0.005223603596769433,-0.00522360359676952,1.0
2025-02-04,0.01843936490605036,0.018439364906050405,1.0
2025-02-05,0.008992919320485626,0.008992919320485798,1.0
2025-02-06,0.0,0.0,1.0
2025-02-07,-0.010932845915349931,-0.010932845915350056,1.0
2025-02-10,0.007208991894573469,0.007208991894573579,1.0
2025-02-11,-0.008230957115487603,-0.008230957115487707,1.0
2025-02-12,0.004690683476770818,0.004690683476770807,1.0
2025-02-13,0.013169019918996883,0.013169019918997023,1.0
2025-02-14,-0.0016541801639349263,-0.0016541801639349005,1.0
2025-02-18,0.008403284866126182,0.008403284866126124,1.0
2025-02-19,0.0017604396367756348,0.0017604396367757735,1.0
2025-02-20,0.004100928860750974,0.004100928860750971,1.0
2025-02-21,-0.023337303560316602,-0.023337303560316602,1.0
2025-02-24,-0.018040616000211562,-0.01804061600021158,1.0
2025-02-25,-0.016668676390707016,-0.01666867639070708,1.0
2025-02-26,0.00767142524077169,0.007671425240771757,1.0
2025-02-27,-0.03720524393955249,-0.037205243939552456,1.0
2025-02-28,0.005994028457445344,0.004988285927495116,0.0
2025-03-03,-0.019776923853294548,0.0,0.0
2025-03-04,0.004268159643575631,0.0,0.0
2025-03-05,0.026271722598904867,0.0,0.0
2025-03-06,-0.028987487637686216,0.0,0.0
2025-03-07,0.01486178157691942,0.0,0.0
2025-03-10,-0.04469627758337902,0.0,0.0
2025-03-11,-0.001599585205296683,0.0,0.0
2025-03-12,0.014018639254761656,0.0,0.0
2025-03-13,-0.0018432293738603889,0.0,0.0
2025-03-14,0.041023451134402755,0.0,0.0
2025-03-17,0.020780594267776564,0.0,0.0
2025-03-18,-0.009433935886952849,0.0,0.0
2025-03-19,0.0022557531145568355,0.0,0.0
2025-03-20,-0.019880163342996027,0.0,0.0
2025-03-21,-0.005995558940641632,0.0,0.0
2025-03-24,0.023357162778856688,0.0,0.0
2025-03-25,0.0008779083086964956,0.0,0.0
2025-03-26,-0.021869967683201708,0.0,0.0
2025-03-27,-0.008471518058824956,0.0,0.0
2025-03-28,-0.026925645761937678,0.0,0.0
2025-03-31,-0.008513846485740051,0.0,0.0
2025-04-01,0.004830415423214829,0.0,0.0
2025-04-02,0.006542703431394958,0.0,0.0
2025-04-03,-0.060095405823358594,0.0,0.0
2025-04-04,-0.07043046663745434,0.0,0.0
2025-04-07,0.004706909520960645,0.0,0.0
2025-04-08,-0.027656139295313742,0.0,0.0
2025-04-09,0.12402867660745676,0.0,0.0
2025-04-10,-0.040929081533068734,0.0,0.0
2025-04-11,0.02018440615622996,0.0,0.0
2025-04-14,0.006783479255953573,0.0,0.0
2025-04-15,0.004772761993219854,0.0,0.0
2025-04-16,-0.0252866022484608,0.0,0.0
2025-04-17,0.0032966548263961837,0.0,0.0
2025-04-21,-0.014428738943763952,0.0,0.0
2025-04-22,0.013770313870257622,0.0,0.0
2025-04-23,0.028309890828235096,0.0,0.0
2025-04-24,0.03225803322462095,0.0,0.0
2025-04-25,0.010506522252800243,0.0,0.0
2025-04-28,0.0026659673423392594,0.0,0.0
2025-04-29,-0.003855431023626621,0.0,0.0
2025-04-30,0.0005340201454495652,0.0,0.0
2025-05-01,0.006402339914618915,0.0,0.0
2025-05-02,0.03260459055144649,-0.000999250499687595,1.0
2025-05-05,-0.0037224135901675615,-0.0037224135901676135,1.0
2025-05-06,-0.011723779236545218,-0.011723779236545169,1.0
2025-05-07,0.006127064358781853,0.00612706435878188,1.0
2025-05-08,0.03303951373581415,0.03303951373581418,1.0
2025-05-09,0.0050171488605879055,0.005017148860587882,1.0
2025-05-12,0.03606630739856431,0.03606630739856433,1.0
2025-05-13,0.006986214406810021,0.006986214406809945,1.0
2025-05-14,0.004425870516861163,0.004425870516861288,1.0
2025-05-15,-0.0004764365170265572,-0.0004764365170265611,1.0
2025-05-16,0.010008458216245408,0.010008458216245455,1.0
2025-05-19,0.0010615683101238282,0.0010615683101239271,1.0
2025-05-20,0.018501247246357044,0.018501247246357055,1.0
2025-05-21,-0.02047910040085721,-0.02047910040085731,1.0
2025-05-22,0.0266949203755229,0.026694920375523037,1.0
2025-05-23,-0.009549128628077996,-0.009549128628078116,1.0
2025-05-27,0.015216923480031896,0.015216923480031962,1.0
2025-05-28,-0.012929147868791735,-0.012929147868791657,1.0
2025-05-29,-0.00927334214917086,-0.009273342149170838,1.0
2025-05-30,-0.008891885440315273,-0.008891885440315403,1.0
2025-06-02,0.01404790241843723,0.014047902418437296,1.0
2025-06-03,0.010942941651932658,0.010942941651932638,1.0
2025-06-04,0.008521482904413125,0.008521482904413138,1.0
2025-06-05,-0.012445777910463529,-0.012445777910463474,1.0
2025-06-06,0.020118046955284408,0.02011804695528446,1.0
2025-06-09,0.01008718718214796,0.010087187182147923,1.0
2025-06-10,0.003927327736682473,0.003927327736682569,1.0
2025-06-11,-0.003017753899054787,-0.003017753899054905,1.0
2025-06-12,-0.0003364850710385614,-0.0003364850710385706,1.0
2025-06-13,-0.017943072981072894,-0.01794307298107287,1.0
2025-06-16,0.018727759424692847,0.018727759424692732,1.0
2025-06-17,-0.009864286231916153,-0.00986428623191616,1.0
2025-06-18,0.0036226532723273586,0.0036226532723274587,1.0
2025-06-20,-0.009024204889665266,-0.009024204889665332,1.0
2025-06-23,0.0034148825028412766,0.003414882502841261,1.0
2025-06-24,0.022915576427567252,0.022915576427567363,1.0
2025-06-25,0.0012901111565686296,0.0012901111565686268,1.0
2025-06-26,0.00922030424462661,0.009220304244626568,1.0
2025-06-27,0.0012108317247609968,0.0012108317247610488,1.0
2025-06-30,0.009454698769976622,0.009454698769976549,1.0
2025-07-01,-0.004465231537928327,-0.0044652315379283235,1.0
2025-07-02,0.0148779249030222,0.014877924903022137,1.0
2025-07-03,0.008407958876798238,0.008407958876798322,1.0
2025-07-07,-0.012934241226073229,-0.012934241226073248,1.0
2025-07-08,0.0075807389586253215,0.0075807389586253745,1.0
2025-07-09,0.005373943550997851,0.005373943550997777,1.0
2025-07-10,-0.001069010679282778,-0.0010690106792828503,1.0
2025-07-11,-0.013805723334161302,-0.013805723334161388,1.0
2025-07-14,0.0016278713994175575,0.00162787139941754,1.0
2025-07-15,0.0020584741299884968,0.0020584741299884838,1.0
2025-07-16,0.01113636219299119,0.011136362192991219,1.0
2025-07-17,0.016253047885521177,0.01625304788552121,1.0
2025-07-18,-0.0006312182047819581,-0.000631218204781961,1.0
2025-07-21,-0.0010528846916717516,-0.0010528846916716826,1.0
2025-07-22,-0.010961248781784838,-0.010961248781784842,1.0
2025-07-23,0.010336698789302323,0.010336698789302266,1.0
2025-07-24,-0.011707495937506973,-0.011707495937506923,1.0
2025-07-25,0.001067185241598434,0.0010671852415985322,1.0
2025-07-28,-0.00042632015259191913,-0.0004263201525920149,1.0
2025-07-29,-0.003413005013088055,-0.003413005013088072,1.0
2025-07-30,0.001498282731758005,0.0014982827317580058,1.0
2025-07-31,-0.016670279993607484,-0.01667027999360759,1.0
2025-08-01,-0.017061573081119996,-0.017061573081119972,1.0
2025-08-04,0.02001115101074724,0.02001115101074726,1.0
2025-08-05,0.00281800578278002,0.0028180057827800593,1.0
2025-08-06,-0.002594061351267607,-0.002594061351267547,1.0
2025-08-07,0.0029259404153403334,0.002925940415340215,1.0
2025-08-08,0.002377097821187224,0.002377097821187177,1.0
2025-08-11,-0.0007545518672554818,-0.0007545518672554584,1.0
2025-08-12,0.02146706537400833,0.021467065374008155,1.0
2025-08-13,0.006125254783631018,0.006125254783631123,1.0
2025-08-14,-0.006717658763767731,-0.006717658763767778,1.0
2025-08-15,-0.006868940305346127,-0.006868940305346182,1.0
2025-08-18,0.003511350765988741,0.0035113507659888495,1.0
2025-08-19,-0.016329076112454932,-0.01632907611245495,1.0
2025-08-20,-0.008515597279414422,-0.00851559727941438,1.0
2025-08-21,-0.004131355371429946,-0.004131355371430031,1.0
2025-08-22,0.02707418385608218,0.027074183856082342,1.0
2025-08-25,-0.0049957909729905214,-0.004995790972990589,1.0
2025-08-26,0.00865302408759705,0.008653024087597003,1.0
2025-08-27,0.006036766740836086,0.006036766740835953,1.0
2025-08-28,0.014317204631782099,0.014317204631782267,1.0
2025-08-29,-0.016398381820118657,-0.016398381820118667,1.0
2025-09-02,-0.01160698761466794,-0.011606987614668069,1.0
2025-09-03,-0.002775751674972793,-0.002775751674972674,1.0
2025-09-04,0.00813605275344731,0.008136052753447094,1.0
2025-09-05,0.011681024361614556,0.011681024361614596,1.0
2025-09-08,0.011021354116977466,0.011021354116977368,1.0
2025-09-09,0.006540756922061686,0.006540756922061753,1.0
2025-09-10,0.005879231689193576,0.005879231689193482,1.0
2025-09-11,0.015381524497066978,0.015381524497067043,1.0
2025-09-12,0.004140553075423048,0.004140553075422951,1.0
2025-09-15,0.009152060150193542,0.009152060150193599,1.0
2025-09-16,0.004086314585757478,0.004086314585757516,1.0
2025-09-17,0.007940376447549191,0.007940376447549155,1.0
2025-09-18,0.026883221319593975,0.02688322131959402,1.0
2025-09-19,0.00872655205139794,0.008726552051398042,1.0
2025-09-22,0.010457286695414458,0.010457286695414264,1.0
2025-09-23,9.409231168366894e-05,9.409231168375874e-05,1.0
2025-09-24,-0.00415799448383003,-0.004157994483830059,1.0
2025-09-25,-0.00634363757668166,-0.006343637576681686,1.0
2025-09-26,-0.00323946087752891,-0.003239460877528933,1.0
2025-09-29,-0.0015296060973121195,-0.0015296060973119588,1.0
2025-09-30,0.0044041145133266735,0.004404114513326454,1.0
2025-10-01,0.01668096709563538,0.016680967095635442,1.0
2025-10-02,0.022876388062168296,0.02287638806216848,1.0
2025-10-03,0.010082531349670631,0.010082531349670663,1.0
2025-10-06,0.02141551278676257,0.021415512786762597,1.0
2025-10-07,-0.015458342125383329,-0.015458342125383447,1.0
2025-10-08,0.012362358830863673,0.012362358830863777,1.0
2025-10-09,-0.00017829967818072667,-0.00017829967818087852,1.0
2025-10-10,-0.05384689314809776,-0.05384689314809778,1.0
2025-10-13,0.054555823817026505,0.05455582381702657,1.0
2025-10-14,-0.007147952389519152,-0.007147952389519126,1.0
2025-10-15,0.011519117044425098,0.011519117044425077,1.0
2025-10-16,-0.016637059317540115,-0.016637059317540167,1.0
2025-10-17,-0.004795066026431538,-0.004795066026431465,1.0
2025-10-20,0.00909086065550202,0.009090860655502025,1.0
2025-10-21,-0.007117091349772786,-0.007117091349772616,1.0
2025-10-22,-0.027039182948405682,-0.027039182948405894,1.0
2025-10-23,0.02844346128897235,0.02844346128897258,1.0
2025-10-24,0.010065271617307303,0.010065271617307364,1.0
2025-10-27,0.020199244046195775,0.020199244046195636,1.0
2025-10-28,-0.007303733867007889,-0.007303733867007845,1.0
2025-10-29,0.014005936178561162,0.014005936178561103,1.0
2025-10-30,-0.006381695572661217,-0.006381695572661178,1.0
2025-10-31,0.012669304852845453,0.012669304852845616,1.0
2025-11-03,-0.010165080810526583,-0.01016508081052675,1.0
2025-11-04,-0.03686472189080692,-0.03686472189080686,1.0
2025-11-05,0.018864498223518655,0.018864498223518777,1.0
2025-11-06,-0.01234345562680994,-0.012343455626810038,1.0
2025-11-07,-0.0016302103546117497,-0.0016302103546118087,1.0
2025-11-10,0.02158926746200307,0.02158926746200305,1.0
2025-11-11,-0.013052661678227495,-0.013052661678227403,1.0
2025-11-12,-0.0037787029485052415,-0.0037787029485053165,1.0
2025-11-13,-0.03585301448665945,-0.03585301448665956,1.0
2025-11-14,0.0014050456538714506,0.0014050456538715265,1.0
2025-11-17,-0.016462391882423377,-0.017445683606138813,0.0
2025-11-18,-0.010746640597670387,0.0,0.0
2025-11-19,0.005287464898440453,0.0,0.0
2025-11-20,-0.04026003370403042,0.0,0.0
2025-11-21,0.010761265897132555,0.0,0.0
2025-11-24,0.03253151429631784,0.0,0.0
2025-11-25,0.00611031506705495,0.0,0.0
2025-11-26,0.014234160859130984,0.0,0.0
2025-11-28,0.014876531670277915,0.0,0.0
2025-12-01,-0.006729920698210101,0.0,0.0
2025-12-02,0.01856317962133569,0.0,0.0
2025-12-03,0.020594160706016496,0.0,0.0
2025-12-04,0.00874992133656649,0.0,0.0
2025-12-05,0.002212888757991305,0.0,0.0
2025-12-08,0.00680019336113169,-0.0009992504996875502,1.0
2025-12-09,0.003508902233716249,0.0035089022337163873,1.0
2025-12-10,0.009527790422314553,0.009527790422314468,1.0
2025-12-11,-0.0029438168861497527,-0.002943816886149759,1.0
2025-12-12,-0.0329136259326791,-0.032913625932679165,1.0
2025-12-15,-0.008979906249662384,-0.009970678588389197,0.0
2025-12-16,-0.0037151942914760427,-0.0009992504996875955,1.0
2025-12-17,-0.02546608546561835,-0.026440375746674075,0.0
2025-12-18,0.016425591314954024,0.0,0.0
2025-12-19,0.020475604779852663,-0.0009992504996874842,1.0
2025-12-22,0.013586515701988988,0.01257318258291597,0.0
2025-12-23,-0.006568985402163441,0.0,0.0
2025-12-24,0.0004467266266641179,0.0,0.0
2025-12-26,-0.004019226496230988,0.0,0.0
2025-12-29,-0.005357266347449152,0.0,0.0
2025-12-30,0.002172511620055273,0.0,0.0
2025-12-31,-0.009484159962658834,0.0,0.0
2026-01-02,0.024803828531361427,0.0,0.0
2026-01-05,0.0202883928776465,0.0,0.0
2026-01-06,0.02066977085785182,-0.0009992504996874803,1.0
2026-01-07,-0.006323232166781545,-0.006323232166781554,1.0
2026-01-08,-0.0134146914142792,-0.01341469141427913,1.0
2026-01-09,0.015776167040177702,0.01577616704017774,1.0
2026-01-12,0.010554274384903639,0.0105542743849035,1.0
2026-01-13,-0.003820957103189082,-0.0038209571031891294,1.0
2026-01-14,-0.00017047750001419892,-0.00017047750001419142,1.0
2026-01-15,0.007416904730895846,0.007416904730895839,1.0
2026-01-16,0.0022001362199552954,0.0022001362199554394,1.0
2026-01-20,-0.019336270395838073,-0.019336270395838046,1.0
2026-01-21,0.015240283286081402,0.015240283286081461,1.0
2026-01-22,0.012212635067706534,0.012212635067706513,1.0
2026-01-23,-0.005529877226029933,-0.0055298772260299,1.0
2026-01-26,-0.006234859847665697,-0.0062348598476657325,1.0
2026-01-27,0.017210785135359785,0.017210785135359903,1.0
2026-01-28,0.006834423869097828,0.006834423869097846,1.0
2026-01-29,-0.01415567272507856,-0.014155672725078564,1.0
2026-01-30,-0.026870355869850315,-0.0268703558698503,1.0
2026-02-02,0.00733456291822665,0.007334562918226567,1.0
2026-02-03,-0.015418874207369315,-0.01541887420736932,1.0
2026-02-04,-0.024882601751274325,-0.024882601751274325,1.0
2026-02-05,-0.01739831032483863,-0.018380666364091296,0.0
2026-02-06,0.051484647341334844,0.0,0.0
2026-02-09,0.019516419982618327,0.0,0.0
2026-02-10,0.00016940894688732833,0.0,0.0
2026-02-11,0.00863813268549074,-0.0009992504996875,1.0
2026-02-12,-0.027791777289681185,-0.02779177728968122,1.0
2026-02-13,0.012263640307411894,0.012263640307411927,1.0
2026-02-17,-0.00921422810026018,-0.00921422810026014,1.0
2026-02-18,0.007147114566534274,0.0071471145665342,1.0
2026-02-19,-0.0011969499872963585,-0.0011969499872963713,1.0
2026-02-20,0.003937699002027895,0.003937699002027888,1.0
2026-02-23,-0.016967969227615676,-0.016967969227615558,1.0
2026-02-24,0.010235075023107276,0.010235075023107209,1.0
2026-02-25,0.01657080962735935,0.016570809627359386,1.0
2026-02-26,-0.004560776929186661,-0.004560776929186676,1.0
2026-02-27,-0.012217946503921495,-0.01221794650392153,1.0
2026-03-02,0.0018896834682879948,0.0018896834682879454,1.0
2026-03-03,-0.036694018678000484,-0.03669401867800046,1.0
2026-03-04,0.01272694274680397,0.011714468985792889,0.0
2026-03-05,-0.01757626839612192,0.0,0.0
2026-03-06,-0.019679758198559494,0.0,0.0
2026-03-09,0.019436068077540725,0.0,0.0
2026-03-10,0.0022377842759457867,0.0,0.0
2026-03-11,0.004376126854722884,0.0,0.0
2026-03-12,-0.026676166290032777,0.0,0.0
2026-03-13,-0.0008221653014667263,0.0,0.0
2026-03-16,0.018195078188231184,0.0,0.0
2026-03-17,0.0026042214486239335,0.0,0.0
2026-03-18,-0.007254897576965624,0.0,0.0
2026-03-19,0.003699034250004063,0.0,0.0
2026-03-20,-0.02678652858290398,-0.0009992504996875686,1.0
2026-03-23,0.021982190276606417,0.021982190276606486,1.0
2026-03-24,0.00018068448809449578,0.00018068448809441774,1.0
2026-03-25,0.010629657397901449,0.01062965739790132,1.0
2026-03-26,-0.034402472227034964,-0.03536782835542593,0.0
2026-03-27,-0.02514379899013741,0.0,0.0
2026-03-30,-0.027695716476682897,0.0,0.0
2026-03-31,0.05031321443014791,0.0,0.0
2026-04-01,0.018546057181408226,0.0,0.0
2026-04-02,0.0061304724789064124,0.0,0.0
2026-04-06,0.005820281123168236,0.0,0.0
2026-04-07,-0.0011753395344465956,-0.0009992504996875443,1.0
2026-04-08,0.04851997940891595,0.04747172155950192,0.0
2026-04-09,0.0026762689943495843,-0.0009992504996875966,1.0
2026-04-10,0.004735681845391415,0.004735681845391372,1.0
2026-04-13,0.022795432755026823,0.022795432755026927,1.0
2026-04-14,0.022706313883785523,0.022706313883785405,1.0
2026-04-15,0.010896308233006913,0.010896308233006951,1.0
2026-04-16,0.014425794416977,0.014425794416977002,1.0
2026-04-17,0.0217304586620668,0.02173045866206682,1.0
2026-04-20,0.0058643551196218,0.005864355119621849,1.0
2026-04-21,-0.004741831750895487,-0.004741831750895482,1.0
2026-04-22,0.017339676957933925,0.017339676957933856,1.0
2026-04-23,-0.003838850209279432,-0.003838850209279416,1.0
2026-04-24,0.023429766586110734,0.023429766586110703,1.0
2026-04-27,-0.006777665152771117,-0.0067776651527710835,1.0
2026-04-28,-0.022063931025312233,-0.02206393102531221,1.0
2026-04-29,0.00744308220765566,0.007443082207655564,1.0
2026-04-30,0.031476018608619594,0.03147601860861974,1.0
2026-05-01,0.008505678630517544,0.008505678630517627,1.0
2026-05-04,0.003846900199597769,0.003846900199597677,1.0
2026-05-05,0.025646729667157198,0.02564672966715746,1.0
2026-05-06,0.03226273720276307,0.032262737202762876,1.0
2026-05-07,-0.01761096450691635,-0.01761096450691627,1.0
2026-05-08,0.026783824990734395,0.026783824990734204,1.0
2026-05-11,0.020081404264826963,0.02008140426482698,1.0
2026-05-12,-0.025977669245520585,-0.025977669245520703,1.0
2026-05-13,0.01951669042825155,0.019516690428251514,1.0
2026-05-14,0.007425634260306957,0.007425634260307024,1.0
2026-05-15,-0.03245883322650489,-0.03245883322650496,1.0
2026-05-18,-0.007757894047734748,-0.007757894047734603,1.0
2026-05-19,-0.00943860447432332,-0.009438604474323454,1.0
2026-05-20,0.034203175533401575,0.03420317553340172,1.0
2026-05-21,0.026746502399509486,0.026746502399509566,1.0
2026-05-22,0.02752293295431274,0.027522932954312605,1.0
2026-05-26,0.033759040494882875,0.03375904049488308,1.0
2026-05-27,-0.013302165182629277,-0.013302165182629356,1.0
2026-05-28,0.016292870064610998,0.016292870064610925,1.0
2026-05-29,0.004337970596175245,0.0043379705961753045,1.0
2026-06-01,0.01953054901455742,0.01953054901455764,1.0
2026-06-02,0.03616375495829405,0.03616375495829389,1.0
2026-06-03,-0.005925605764218855,-0.005925605764218764,1.0
2026-06-04,-0.007570253205331778,-0.007570253205331838,1.0
2026-06-05,-0.08234734494675211,-0.08234734494675215,1.0
2026-06-08,0.032465076049023045,0.03246507604902298,1.0
2026-06-09,-0.01895527327169433,-0.01895527327169435,1.0
2026-06-10,-0.02429722485981156,-0.024297224859811596,1.0
2026-06-11,0.055434067695801614,0.055434067695801774,1.0
2026-06-12,0.01217374473769417,0.01217374473769421,1.0
2026-06-15,0.04184749127185272,0.041847491271852576,1.0
2026-06-16,-0.03433502587526582,-0.03433502587526577,1.0
2026-06-17,0.0010474575348926596,0.0010474575348926195,1.0
2026-06-18,0.03397975977472267,0.03397975977472279,1.0
2026-06-22,0.0037507321941070426,0.0037507321941070487,1.0
2026-06-23,-0.031198166193697197,-0.03119816619369712,1.0
2026-06-24,-0.019500738448185118,-0.019500738448185048,1.0
2026-06-25,0.002189049487891337,0.0021890494878912216,1.0
2026-06-26,-0.02664761135024707,-0.026647611350247107,1.0
2026-06-29,0.03103159376351705,0.03103159376351708,1.0
2026-06-30,0.028418658563709842,0.028418658563709683,1.0
2026-07-01,-0.030354324737044136,-0.030354324737043973,1.0
2026-07-02,-0.03336244593164406,-0.03336244593164411,1.0
2026-07-06,0.012450846141944805,0.012450846141944855,1.0
2026-07-07,-0.03504527049318373,-0.03504527049318372,1.0
2026-07-08,0.006801390778753635,0.006801390778753628,1.0
2026-07-09,0.0203318809414037,0.02033188094140369,1.0
2026-07-10,-0.007135059175657932,-0.007135059175657887,1.0
2026-07-13,-0.03521943803989036,-0.03521943803989037,1.0
2026-07-14,0.0055697120882707285,0.005569712088270666,1.0
2026-07-15,-0.012879583290777208,-0.013866456927382222,0.0
2026-07-16,-0.03400491841815989,-0.0009992504996877178,1.0
2026-07-17,-0.008398025672427978,-0.009389379746261963,0.0
2026-07-20,-0.003599437276702644,0.0,0.0
2026-07-21,0.02847424032032908,0.0,0.0
2026-07-22,-0.002548177149486297,0.0,0.0
2026-07-23,-0.009390257781914602,0.0,0.0
2026-07-24,-0.027253169597762472,0.0,0.0
2026-07-27,0.008885183180343148,0.0,0.0
2026-07-28,-0.028125093413524538,0.0,0.0
2026-07-29,-0.0336158054021819,0.0,0.0
2026-07-30,0.06102528289824094,0.0,0.0
2026-07-31,0.006699522713955242,0.0,0.0
2026-08-03,0.03355749057301116,0.0,0.0
2026-08-04,0.04760602810083281,-0.0009992504996876048,1.0
2026-08-05,-0.019288602623303563,-0.01928860262330354,1.0
2026-08-06,-0.005000333158267978,-0.005000333158268041,1.0
2026-08-07,0.028276582550373908,0.02827658255037383,1.0
2026-08-10,-0.011533906087561552,-0.011533906087561406,1.0
2026-08-11,0.008635967528931587,0.008635967528931558,1.0
2026-08-12,0.02516341203039052,0.025163412030390405,1.0
2026-08-13,0.008861994639147497,0.008861994639147613,1.0
2026-08-14,0.002780488338014031,0.0027804883380140462,1.0
2026-08-17,-0.002898840357760557,-0.0028988403577606577,1.0
2026-08-18,-0.038301068187648446,-0.03830106818764853,1.0
2026-08-19,-0.01288119854370362,-0.012881198543703535,1.0
2026-08-20,-0.0066578233984806445,-0.006657823398480567,1.0
2026-08-21,0.008512053459552638,0.008512053459552768,1.0
2026-08-24,-0.023459776113717634,-0.023459776113717724,1.0
2026-08-25,0.012590116889479974,0.01259011688947994,1.0
2026-08-26,-6.716904587034112e-05,-6.716904587029927e-05,1.0
2026-08-27,0.014652579490338935,0.014652579490338902,1.0
2026-08-28,-0.018084405110302293,-0.018084405110302362,1.0
2026-08-31,-0.0019562939138784152,-0.0019562939138785674,1.0
2026-09-01,-0.022847130357183665,-0.022847130357183564,1.0
2026-09-02,0.001106787058785974,0.0011067870587858995,1.0
2026-09-03,0.009673838693070369,0.009673838693070497,1.0
2026-09-04,0.012113390129927959,0.011101529768145641,0.0
2026-09-08,0.006896972100405074,0.0,0.0
2026-09-09,-0.007387060141644364,0.0,0.0
2026-09-10,-0.014883966257832615,0.0,0.0
2026-09-11,0.01236183071134489,0.0,0.0
2026-09-14,-0.03127329253487465,-0.000999250499687771,1.0
2026-09-15,-0.00042013375258109775,-0.00042013375258094634,1.0
2026-09-16,0.0037129915138056635,0.0037129915138056063,1.0
2026-09-17,0.024289848885880705,0.024289848885880556,1.0
2026-09-18,0.007086755419280388,0.007086755419280636,1.0
2026-09-21,0.03552337977679265,0.03552337977679255,1.0
2026-09-22,0.00908261861752302,0.009082618617523061,1.0
2026-09-23,-0.009839894948093453,-0.009839894948093408,1.0
2026-09-24,0.00013121858223286154,0.0001312185822327033,1.0
2026-09-25,0.008198334032873733,0.008198334032873828,1.0
2026-09-28,-0.01535259297170577,-0.01535259297170585,1.0
2026-09-29,0.0033694140114919335,0.0033694140114919682,1.0
2026-09-30,-0.0016461447819702268,-0.0016461447819701813,1.0
2026-10-01,0.010750593162548672,0.01075059316254865,1.0
2026-10-02,0.018336036271411116,0.01833603627141112,1.0
2026-10-05,0.0021786258055205288,0.0021786258055206003,1.0
2026-10-06,0.0063299586432166155,0.006329958643216431,1.0
2026-10-07,-0.018743229936350136,-0.018743229936350095,1.0
