Date,SMH.L_BnH,SMH.L_Strategy,SMH.L_Position
2021-01-04,,0.0,0.0
2021-01-05,0.0066547539921497645,0.0,0.0
2021-01-06,0.011804981829864003,0.0,0.0
2021-01-07,0.022167793095019483,0.0,0.0
2021-01-08,-0.009017245862614431,0.0,0.0
2021-01-11,0.00737156636602232,0.0,0.0
2021-01-12,0.03361539529135671,0.0,0.0
2021-01-13,-0.022345179627930256,0.0,0.0
2021-01-14,0.04118578301390108,0.0,0.0
2021-01-15,-0.015431408614948072,0.0,0.0
2021-01-18,0.00022079771300043127,0.0,0.0
2021-01-19,0.01875962146013399,0.0,0.0
2021-01-20,0.008557202319527724,0.0,0.0
2021-01-21,0.013210135532985001,0.0,0.0
2021-01-22,-0.002543967278840542,0.0,0.0
2021-01-25,-0.022316668524693162,0.0,0.0
2021-01-26,-0.014565177585767697,0.0,0.0
2021-01-27,-0.03860577827731548,0.0,0.0
2021-01-28,0.006424937299964739,0.0,0.0
2021-01-29,-0.002964000599775418,0.0,0.0
2021-02-01,0.012462885647098965,0.0,0.0
2021-02-02,0.018633470803156804,0.0,0.0
2021-02-03,-0.006208398864082976,0.0,0.0
2021-02-04,-0.005354704716725944,0.0,0.0
2021-02-05,-0.0002243637465151327,0.0,0.0
2021-02-08,0.017949276251699064,0.0,0.0
2021-02-09,0.012122531408613746,0.0,0.0
2021-02-10,-0.0015243836588729742,0.0,0.0
2021-02-11,0.022791756126936402,0.0,0.0
2021-02-12,0.026548649530477864,0.0,0.0
2021-02-15,0.009140059139694623,0.0,0.0
2021-02-16,-0.005866686936334964,0.0,0.0
2021-02-17,-0.02712491165257158,0.0,0.0
2021-02-18,-0.007768472357673639,0.0,0.0
2021-02-19,0.03389107394367774,0.0,0.0
2021-02-22,-0.027593398547771653,0.0,0.0
2021-02-23,-0.03093665022366887,0.0,0.0
2021-02-24,0.007265562403309778,0.0,0.0
2021-02-25,0.007759552835766792,0.0,0.0
2021-02-26,-0.01117014195340471,0.0,0.0
2021-03-01,0.020399216978791657,0.0,0.0
2021-03-02,-0.012252787816322774,0.0,0.0
2021-03-03,-0.014254680807805897,0.0,0.0
2021-03-04,-0.04647311242589991,0.0,0.0
2021-03-05,-0.0466543054808608,0.0,0.0
2021-03-08,0.030479686493488423,0.0,0.0
2021-03-09,0.015908537171945403,-0.0009992504996874777,1.0
2021-03-10,0.006147764585608728,0.0061477645856086545,1.0
2021-03-11,0.02305741352612345,0.023057413526123387,1.0
2021-03-12,-0.023777334473128575,-0.023777334473128596,1.0
2021-03-15,0.018700251621191377,0.018700251621191377,1.0
2021-03-16,0.032068009417050236,0.0320680094170503,1.0
2021-03-17,-0.013834015271186106,-0.013834015271186141,1.0
2021-03-18,-0.0020040114204782356,-0.002004011420478182,1.0
2021-03-19,-0.0099285965607806,-0.009928596560780585,1.0
2021-03-22,0.029408457581425962,0.029408457581425997,1.0
2021-03-23,-0.022000898892318155,-0.022000898892318124,1.0
2021-03-24,-0.0023502975720081087,-0.002350297572008143,1.0
2021-03-25,-0.021987874106944028,-0.021987874106943937,1.0
2021-03-26,0.03441156216446917,0.034411562164469084,1.0
2021-03-29,0.00022174143932951473,0.00022174143932956442,1.0
2021-03-30,0.0006652460090736945,0.000665246009073702,1.0
2021-03-31,0.02016396689285771,0.020163966892857727,1.0
2021-04-01,0.030191124283397874,0.03019112428339796,1.0
2021-04-06,0.021083702162466134,0.021083702162465977,1.0
2021-04-07,-0.01651867090686454,-0.01651867090686445,1.0
2021-04-08,0.017425949984138045,0.01742594998413811,1.0
2021-04-09,-0.0024762470935171255,-0.002476247093517054,1.0
2021-04-12,-0.008481585563051786,-0.008481585563051796,1.0
2021-04-13,-0.004590052562118752,-0.00459005256211876,1.0
2021-04-14,0.003563235944347376,0.0035632359443474254,1.0
2021-04-15,0.000626540907010309,0.0006265409070104291,1.0
2021-04-16,0.00563557626014588,0.005635576260146005,1.0
2021-04-19,-0.026670814430735268,-0.02667081443073529,1.0
2021-04-20,-0.017166015509495702,-0.017166015509495727,1.0
2021-04-21,0.016814960366959175,0.016814960366959075,1.0
2021-04-22,0.0014936454137881583,0.0014936454137882689,1.0
2021-04-23,0.003621991349126663,0.0036219913491267854,1.0
2021-04-26,0.018363266890411456,0.018363266890411487,1.0
2021-04-27,-0.006358146704489753,-0.0063581467044897325,1.0
2021-04-28,-0.012902584006170725,-0.012902584006170689,1.0
2021-04-29,0.002125447193197516,0.0021254471931974874,1.0
2021-04-30,-0.012195137737670225,-0.012195137737670132,1.0
2021-05-04,-0.04637680755833418,-0.04637680755833413,1.0
2021-05-05,0.028481354577799767,0.027453130343560613,0.0
2021-05-06,-0.0074430856023739445,-0.0009992504996875948,1.0
2021-05-07,0.025584469420119715,0.02558446942011976,1.0
2021-05-10,-0.03204304684874837,-0.0320430468487483,1.0
2021-05-11,-0.022439421444057528,-0.02243942144405749,1.0
2021-05-12,-0.024090940302068486,-0.02506660538450155,0.0
2021-05-13,0.0033768156125062454,0.0,0.0
2021-05-14,0.026575385449556954,0.0,0.0
2021-05-17,-0.008930600539266975,0.0,0.0
2021-05-18,0.011520499114008542,0.0,0.0
2021-05-19,-0.01262971067577523,0.0,0.0
2021-05-20,0.03768847811524334,0.0,0.0
2021-05-21,-0.0008804956033158229,-0.0009992504996875248,1.0
2021-05-24,0.021150013161084003,0.021150013161083978,1.0
2021-05-25,0.003667788333099775,0.0036677883330998528,1.0
2021-05-26,-0.0017197297993865046,-0.0017197297993863797,1.0
2021-05-27,0.011197253943599383,0.011197253943599399,1.0
2021-05-28,0.012350976200220298,0.012350976200220274,1.0
2021-06-01,-0.001262123940587001,-0.0012621239405869622,1.0
2021-06-02,0.009477690970471686,0.009477690970471672,1.0
2021-06-03,-0.015439217061446353,-0.015439217061446298,1.0
2021-06-04,0.01907187014346534,0.01907187014346541,1.0
2021-06-07,-0.009565379143545383,-0.009565379143545305,1.0
2021-06-08,-0.005458789216877036,-0.0054587892168770635,1.0
2021-06-09,0.002005514520693419,0.002005514520693437,1.0
2021-06-10,0.005161675573520652,0.00516167557352066,1.0
2021-06-11,0.0031440270123108682,0.003144027012310815,1.0
2021-06-14,0.008357662057679294,0.008357662057679122,1.0
2021-06-15,0.0035226272183006557,0.0035226272183006666,1.0
2021-06-16,0.0,0.0,1.0
2021-06-17,0.009498225925542503,0.009498225925542697,1.0
2021-06-18,-0.029862939306597447,-0.02986293930659739,1.0
2021-06-21,-0.0039005138541149398,-0.0039005138541150803,1.0
2021-06-22,0.012805578493261915,0.012805578493262075,1.0
2021-06-23,0.0037617619836107785,0.0037617619836107187,1.0
2021-06-24,0.014782488386736459,0.014782488386736469,1.0
2021-06-25,0.0045136930330278435,0.004513693033027726,1.0
2021-06-28,0.012459163026108389,0.012459163026108363,1.0
2021-06-29,0.007262469488962919,0.007262469488962996,1.0
2021-06-30,-0.002303258116641227,-0.0023032581166412967,1.0
2021-07-01,-0.009535250169944165,-0.009535250169944089,1.0
2021-07-02,0.005370883437959106,0.005370883437959193,1.0
2021-07-05,0.004132684869397885,0.004132684869397804,1.0
2021-07-06,-0.0030114740362030545,-0.0030114740362030927,1.0
2021-07-07,-0.01349170702786917,-0.01349170702786922,1.0
2021-07-08,-0.0113288484621491,-0.011328848462149137,1.0
2021-07-09,0.012490957470478126,0.01249095747047824,1.0
2021-07-12,0.010399639315090692,0.010399639315090638,1.0
2021-07-13,0.007366330657656128,0.007366330657656197,1.0
2021-07-14,-0.003005139199190987,-0.0030051391991910083,1.0
2021-07-15,-0.017582638616127633,-0.017582638616127605,1.0
2021-07-16,-0.020965386049864976,-0.020965386049864906,1.0
2021-07-19,-0.009923791333157905,-0.009923791333158051,1.0
2021-07-20,0.003903806196955184,0.003903806196955367,1.0
2021-07-21,0.026484462455641955,0.02648446245564175,1.0
2021-07-22,0.0006143666336972942,0.000614366633697333,1.0
2021-07-23,0.007264903919828702,0.007264903919828743,1.0
2021-07-26,0.0020316633815733454,0.002031663381573295,1.0
2021-07-27,-0.027777756292819644,-0.027777756292819682,1.0
2021-07-28,0.02367045471270246,0.02367045471270239,1.0
2021-07-29,0.016400128760121202,0.016400128760121223,1.0
2021-07-30,0.0024052702616321753,0.0024052702616321293,1.0
2021-08-02,0.02399521702088836,0.02399521702088834,1.0
2021-08-03,-0.012009331668900614,-0.012009331668900614,1.0
2021-08-04,0.02016010343223984,0.020160103432239746,1.0
2021-08-05,0.0015498985518931363,0.0015498985518931415,1.0
2021-08-06,-0.0033852256135725733,-0.0033852256135725725,1.0
2021-08-09,-0.0035908651329046304,-0.0035908651329046273,1.0
2021-08-10,-0.015096868121227902,-0.015096868121228004,1.0
2021-08-11,-0.006724686379607214,-0.006724686379607137,1.0
2021-08-12,-0.003285561758595179,-0.0032855617585951305,1.0
2021-08-13,0.004195366760410213,0.004195366760410122,1.0
2021-08-16,-0.008455172430541613,-0.008455172430541624,1.0
2021-08-17,-0.012740736749380477,-0.012740736749380374,1.0
2021-08-18,-0.0015242507905388614,-0.0015242507905389674,1.0
2021-08-19,-0.004885033039874198,-0.004885033039874101,1.0
2021-08-20,0.005318104714182592,0.005318104714182396,1.0
2021-08-23,0.023092538887014902,0.023092538887014964,1.0
2021-08-24,0.006860917206920947,0.006860917206920993,1.0
2021-08-25,0.011554396052364746,0.011554396052364786,1.0
2021-08-26,-0.004295640340674867,-0.004295640340674913,1.0
2021-08-27,0.016962480568382787,0.0169624805683828,1.0
2021-08-31,-0.0008677590264739576,-0.0008677590264739376,1.0
2021-09-01,0.004535378106339083,0.004535378106339073,1.0
2021-09-02,0.0015370188708423438,0.0015370188708422007,1.0
2021-09-03,0.005946624827202651,0.005946624827202529,1.0
2021-09-06,0.007246397369691904,0.0072463973696920165,1.0
2021-09-07,-0.01211661100617445,-0.012116611006174376,1.0
2021-09-08,-0.013894183018032358,-0.01389418301803229,1.0
2021-09-09,0.00806524314570356,0.008065243145703565,1.0
2021-09-10,0.011181836186585192,0.011181836186585126,1.0
2021-09-13,-0.0070543169971925,-0.007054316997192466,1.0
2021-09-14,0.01334484774172573,0.013344847741725686,1.0
2021-09-15,-0.00672673323864359,-0.00672673323864363,1.0
2021-09-16,-0.002003043607478272,-0.0020030436074781684,1.0
2021-09-17,-0.008314968364955044,-0.008314968364954996,1.0
2021-09-20,-0.023323108601737697,-0.02332310860173783,1.0
2021-09-21,0.006512765797906495,0.00651276579790638,1.0
2021-09-22,0.010098027248008679,0.01009802724800863,1.0
2021-09-23,0.016500093155182416,0.016500093155182336,1.0
2021-09-24,-0.005347132340669414,-0.0053471323406694814,1.0
2021-09-27,-0.001631930228793932,-0.0016319302287940002,1.0
2021-09-28,-0.03375002054067755,-0.033750020540677564,1.0
2021-09-29,-0.018807835902341585,-0.018807835902341544,1.0
2021-09-30,0.006085177316494272,0.0050793436604721414,0.0
2021-10-01,-0.014112842132594228,0.0,0.0
2021-10-04,-0.01687118071975613,0.0,0.0
2021-10-05,0.01653662311656512,0.0,0.0
2021-10-06,-0.010435816097398298,0.0,0.0
2021-10-07,0.03391231118589744,0.0,0.0
2021-10-08,-0.016299972534179696,-0.0009992504996876085,1.0
2021-10-11,0.003862938322741538,0.002859326350153384,0.0
2021-10-12,-0.02278481012658229,0.0,0.0
2021-10-13,0.008704625263115329,0.0,0.0
2021-10-14,0.023834060114050537,0.0,0.0
2021-10-15,0.011940545537669323,-0.0009992504996875313,1.0
2021-10-18,0.004362939494928719,0.0043629394949288415,1.0
2021-10-19,0.010958639552953287,0.010958639552953137,1.0
2021-10-20,0.003222674083371846,0.0032226740833718273,1.0
2021-10-21,-0.000876121525786755,-0.000876121525786717,1.0
2021-10-22,0.0012665359917283237,0.001266535991728329,1.0
2021-10-25,0.0036002992961758906,0.0036002992961758837,1.0
2021-10-26,0.002520866179649861,0.002520866179649866,1.0
2021-10-27,-0.0029013834364666202,-0.002901383436466704,1.0
2021-10-28,0.0069835230975667795,0.006983523097566883,1.0
2021-10-29,0.0023116727458580844,0.0023116727458580943,1.0
2021-11-01,0.00893715478565249,0.008937154785652632,1.0
2021-11-02,0.015239532400002309,0.015239532400002304,1.0
2021-11-03,0.003471270844302543,0.0034712708443024993,1.0
2021-11-04,0.03749067100368553,0.0374906710036856,1.0
2021-11-05,0.023880341504263214,0.02388034150426333,1.0
2021-11-08,0.010825521015717987,0.010825521015717982,1.0
2021-11-09,0.0046147042780875225,0.004614704278087551,1.0
2021-11-10,-0.016987338630003235,-0.01698733863000325,1.0
2021-11-11,0.0017633978210684909,0.0017633978210685934,1.0
2021-11-12,0.012233755994080386,0.01223375599408046,1.0
2021-11-15,-0.0006086400619426113,-0.0006086400619427089,1.0
2021-11-16,0.004611090725938238,0.004611090725938139,1.0
2021-11-17,0.009526270568046558,0.009526270568046653,1.0
2021-11-18,0.010980516279041508,0.01098051627904149,1.0
2021-11-19,0.0070428667102353515,0.007042866710235389,1.0
2021-11-22,0.00783620073124669,0.007836200731246787,1.0
2021-11-23,-0.03611737875411691,-0.03611737875411693,1.0
2021-11-24,0.0075462116373776755,0.0075462116373776885,1.0
2021-11-25,0.014462746408549387,0.014462746408549294,1.0
2021-11-26,-0.03615066733896499,-0.036150667338964916,1.0
2021-11-29,0.025532677224222367,0.025532677224222373,1.0
2021-11-30,-0.0018029422030806375,-0.001802942203080706,1.0
2021-12-01,0.028640250513443766,0.02864025051344387,1.0
2021-12-02,-0.04280932426847284,-0.0428093242684728,1.0
2021-12-03,-0.0011356121505968764,-0.0011356121505969121,1.0
2021-12-06,-0.018189784510801,-0.018189784510800912,1.0
2021-12-07,0.061726200341912785,0.061726200341912625,1.0
2021-12-08,-0.0029362288849140716,-0.002936228884914019,1.0
2021-12-09,-0.003954574898925811,-0.003954574898925766,1.0
2021-12-10,-0.01757048699036101,-0.01757048699036105,1.0
2021-12-13,-0.010318181824145567,-0.010318181824145574,1.0
2021-12-14,-0.021633344020672407,-0.021633344020672414,1.0
2021-12-15,0.007992198925502736,0.007992198925502656,1.0
2021-12-16,0.01770764222542809,0.01770764222542806,1.0
2021-12-17,-0.01298476492026479,-0.012984764920264895,1.0
2021-12-20,-0.024907879508022424,-0.024907879508022458,1.0
2021-12-21,0.02356541409777324,0.023565414097773282,1.0
2021-12-22,0.022495584270146418,0.0224955842701466,1.0
2021-12-23,0.019250583121518616,0.019250583121518658,1.0
2021-12-24,-0.006408112529582399,-0.006408112529582488,1.0
2021-12-29,0.01782082627950987,0.017820826279509865,1.0
2021-12-30,-8.339282997227304e-05,-8.339282997220808e-05,1.0
2021-12-31,-0.010756282099931513,-0.010756282099931498,1.0
2022-01-04,-0.004551592366026758,-0.004551592366026827,1.0
2022-01-05,0.011007646643134139,0.011007646643134235,1.0
2022-01-06,-0.0214405791898874,-0.021440579189887458,1.0
2022-01-07,-0.018401180793148897,-0.01840118079314881,1.0
2022-01-10,-0.02511121127827909,-0.025111211278279113,1.0
2022-01-11,0.030677044808790965,0.02964662543324324,0.0
2022-01-12,0.013450217637023476,0.0,0.0
2022-01-13,0.016182887018002967,0.0,0.0
2022-01-14,-0.01592517176262609,0.0,0.0
2022-01-17,0.011901698593647536,0.0,0.0
2022-01-18,-0.0343543539356036,0.0,0.0
2022-01-19,-0.02996850434655529,0.0,0.0
2022-01-20,0.0021680713620639835,0.0,0.0
2022-01-21,-0.02343614608165201,0.0,0.0
2022-01-24,-0.05778101087720433,0.0,0.0
2022-01-25,0.004898119034397297,0.0,0.0
2022-01-26,0.0253460560314982,0.0,0.0
2022-01-27,-0.03384671561384822,0.0,0.0
2022-01-28,-0.023617412527177195,0.0,0.0
2022-01-31,0.04777260436860886,0.0,0.0
2022-02-01,0.0165448368204153,0.0,0.0
2022-02-02,0.017411017530064354,0.0,0.0
2022-02-03,-0.008742511545384524,0.0,0.0
2022-02-04,-0.028241715936557887,0.0,0.0
2022-02-07,0.020083053366646286,0.0,0.0
2022-02-08,0.003312810876158423,0.0,0.0
2022-02-09,0.029339628399543072,0.0,0.0
2022-02-10,0.004307590670644013,0.0,0.0
2022-02-11,-0.035225411077312585,0.0,0.0
2022-02-14,-0.024687860198779887,0.0,0.0
2022-02-15,0.026670545860940642,0.0,0.0
2022-02-16,-0.0001889691323030407,0.0,0.0
2022-02-17,-0.009070286448309095,0.0,0.0
2022-02-18,-0.03222728205504233,0.0,0.0
2022-02-21,-0.01596061819292638,0.0,0.0
2022-02-22,0.017020470808818855,0.0,0.0
2022-02-23,-0.0058082689176008895,0.0,0.0
2022-02-24,-0.029507830384934985,0.0,0.0
2022-02-25,0.05560653840887464,0.0,0.0
2022-02-28,0.0047361092992999065,0.0,0.0
2022-03-01,-0.022222199388268637,0.0,0.0
2022-03-02,0.007870947034256837,0.0,0.0
2022-03-03,-0.011323737157980629,0.0,0.0
2022-03-04,-0.030213246400821014,0.0,0.0
2022-03-07,-0.018326237318131877,0.0,0.0
2022-03-08,-0.029661902765651615,0.0,0.0
2022-03-09,0.048738833977977514,0.0,0.0
2022-03-10,-0.027721169430948378,0.0,0.0
2022-03-11,0.005450698477456051,0.0,0.0
2022-03-14,-0.03002499278977666,0.0,0.0
2022-03-15,0.021711055709257687,0.0,0.0
2022-03-16,0.0489164911140747,0.0,0.0
2022-03-17,0.004914229949540161,0.0,0.0
2022-03-18,0.024151755210031434,0.0,0.0
2022-03-21,0.010134485360477008,0.0,0.0
2022-03-22,0.006366930439884788,0.0,0.0
2022-03-23,-0.004409500439209402,0.0,0.0
2022-03-24,0.014635053284554944,0.0,0.0
2022-03-25,0.0018979368271925257,-0.0009992504996875744,1.0
2022-03-28,-0.004735745324195739,-0.004735745324195872,1.0
2022-03-29,0.027026991705393355,0.027026991705393254,1.0
2022-03-30,-0.0005559447703087361,-0.0005559447703086947,1.0
2022-03-31,-0.022065615056092946,-0.022065615056092898,1.0
2022-04-01,-0.0350777821376842,-0.03507778213768423,1.0
2022-04-04,0.016997478656734843,0.015980735427447736,0.0
2022-04-05,-0.03304034129802014,0.0,0.0
2022-04-06,-0.031071966177899535,0.0,0.0
2022-04-07,-0.00907408591824499,0.0,0.0
2022-04-08,-0.002497376353592373,0.0,0.0
2022-04-11,-0.029313556652432404,0.0,0.0
2022-04-12,0.011929076560418084,0.0,0.0
2022-04-13,0.010195401944944615,0.0,0.0
2022-04-14,-0.017346525212733943,0.0,0.0
2022-04-19,0.014229183841714788,0.0,0.0
2022-04-20,0.0070674910060868346,0.0,0.0
2022-04-21,-0.0024091688906746622,0.0,0.0
2022-04-22,-0.03013434671946036,0.0,0.0
2022-04-25,-0.02132728334011036,0.0,0.0
2022-04-26,-0.020243382745196215,0.0,0.0
2022-04-27,-0.011742135250206176,0.0,0.0
2022-04-28,0.024905750435031626,0.0,0.0
2022-04-29,0.009474958006862932,0.0,0.0
2022-05-03,0.005079495327669603,0.0,0.0
2022-05-04,-0.015271362787446563,0.0,0.0
2022-05-05,0.012830542911068221,0.0,0.0
2022-05-06,-0.006609368607503496,0.0,0.0
2022-05-09,-0.052672432733706476,0.0,0.0
2022-05-10,0.0012876110260870988,0.0,0.0
2022-05-11,0.01753565564584547,0.0,0.0
2022-05-12,-0.0249310448773008,0.0,0.0
2022-05-13,0.040650369230500916,0.0,0.0
2022-05-16,-0.00883150794827936,0.0,0.0
2022-05-17,0.038268202411303465,0.0,0.0
2022-05-18,-0.018263791878778468,0.0,0.0
2022-05-19,-0.014793226999488263,0.0,0.0
2022-05-20,-0.02786946280941527,0.0,0.0
2022-05-23,0.021998563931175497,0.0,0.0
2022-05-24,-0.027020758872338013,0.0,0.0
2022-05-25,0.00976693538330431,0.0,0.0
2022-05-26,0.04008859735786974,0.0,0.0
2022-05-27,0.034733876460740554,0.0,0.0
2022-05-30,0.02772068468096034,0.0,0.0
2022-05-31,-0.026024666793783013,0.0,0.0
2022-06-01,-0.0060580395196684345,0.0,0.0
2022-06-06,0.007836321748217578,0.0,0.0
2022-06-07,-0.011015082720022606,0.0,0.0
2022-06-08,0.004149347519330382,0.0,0.0
2022-06-09,-0.020334958299252248,0.0,0.0
2022-06-10,-0.05450101267958163,0.0,0.0
2022-06-13,-0.04954216019704227,0.0,0.0
2022-06-14,-0.002099779778504396,0.0,0.0
2022-06-15,0.011511329306063134,0.0,0.0
2022-06-16,-0.043857067795553095,0.0,0.0
2022-06-17,-0.004505029662815074,0.0,0.0
2022-06-20,0.012496145284142557,0.0,0.0
2022-06-21,0.02620756611686903,0.0,0.0
2022-06-22,-0.010145999726806854,0.0,0.0
2022-06-23,-0.015400028228759743,0.0,0.0
2022-06-24,0.0336685012096245,0.0,0.0
2022-06-27,0.01375586799029449,0.0,0.0
2022-06-28,-0.022049911250750176,0.0,0.0
2022-06-29,-0.03191283435783221,0.0,0.0
2022-06-30,-0.001177252796927264,0.0,0.0
2022-07-01,-0.0498129502253668,0.0,0.0
2022-07-04,-0.003559677656955862,0.0,0.0
2022-07-05,-0.016075825649652264,0.0,0.0
2022-07-06,0.026130509111425004,0.0,0.0
2022-07-07,0.0421916400192075,0.0,0.0
2022-07-08,0.017489719302848483,0.0,0.0
2022-07-11,-0.023963645820606838,0.0,0.0
2022-07-12,0.005438700070658609,0.0,0.0
2022-07-13,-0.003966805784913596,0.0,0.0
2022-07-14,-0.0018619684895818667,0.0,0.0
2022-07-15,0.042335963375111474,0.0,0.0
2022-07-18,0.024857072119777834,0.0,0.0
2022-07-19,0.015401458726187256,0.0,0.0
2022-07-20,0.02734973359992332,0.0,0.0
2022-07-21,0.010927720042895661,-0.000999250499687616,1.0
2022-07-22,-0.009199579470857255,-0.009199579470857177,1.0
2022-07-25,-0.00998143655754935,-0.010971207616350901,0.0
2022-07-26,-0.01242678956699561,0.0,0.0
2022-07-27,0.025166225075295534,0.0,0.0
2022-07-28,0.018642897162723937,0.0,0.0
2022-07-29,-0.0012504332025139453,-0.0009992504996875191,1.0
2022-08-01,0.0243569243658337,0.024356924365833744,1.0
2022-08-02,-0.006666649712456563,-0.006666649712456605,1.0
2022-08-03,0.009955250273578686,0.009955250273578648,1.0
2022-08-04,0.01495180485582348,0.014951804855823493,1.0
2022-08-05,-0.01222176728548241,-0.01222176728548235,1.0
2022-08-08,-0.008174965656345012,-0.008174965656345052,1.0
2022-08-09,-0.033749151486907714,-0.03374915148690757,1.0
2022-08-10,0.02847263654989196,0.02744442103150123,0.0
2022-08-11,0.01737273482578261,-0.0009992504996875983,1.0
2022-08-12,0.007711849768920143,0.00771184976892019,1.0
2022-08-15,0.004482300505556758,0.0044823005055568445,1.0
2022-08-16,-0.003047440005081836,-0.003047440005081845,1.0
2022-08-17,-0.030567636124517406,-0.030567636124517336,1.0
2022-08-18,0.027026957364917115,0.026000187164291685,0.0
2022-08-19,-0.027521870513443236,0.0,0.0
2022-08-22,-0.032585402075704484,0.0,0.0
2022-08-23,0.004195811160220941,0.0,0.0
2022-08-24,-0.003598017349256577,0.0,0.0
2022-08-25,0.01956901962767299,0.0,0.0
2022-08-26,-0.021821044891487063,0.0,0.0
2022-08-30,-0.055360959368262574,0.0,0.0
2022-08-31,-0.009396569394713006,0.0,0.0
2022-09-01,-0.04083878010061237,0.0,0.0
2022-09-02,0.03726835349011948,0.0,0.0
2022-09-05,-0.02037335144459551,0.0,0.0
2022-09-06,-0.007786011929478365,0.0,0.0
2022-09-07,-0.0015488221654973433,0.0,0.0
2022-09-08,0.02337123375080008,0.0,0.0
2022-09-09,0.024656471011808456,0.0,0.0
2022-09-12,0.0036981682964245532,0.0,0.0
2022-09-13,-0.0471137143382957,0.0,0.0
2022-09-14,-0.005774361324366262,0.0,0.0
2022-09-15,-0.017112627925585322,0.0,0.0
2022-09-16,-0.009180108791524533,0.0,0.0
2022-09-20,0.011714552998442374,0.0,0.0
2022-09-21,0.010842072336297193,0.0,0.0
2022-09-22,-0.04915132119599086,0.0,0.0
2022-09-23,-0.022505712280695866,0.0,0.0
2022-09-26,-0.0021847267862762365,0.0,0.0
2022-09-27,0.002245621354251881,0.0,0.0
2022-09-28,0.0035850933198027235,0.0,0.0
2022-09-29,-0.027238270806877907,0.0,0.0
2022-09-30,0.010844680332496859,0.0,0.0
2022-10-03,0.008571213273768974,0.0,0.0
2022-10-04,0.04615036644646486,0.0,0.0
2022-10-05,-0.011190025309207874,0.0,0.0
2022-10-06,0.02638741199655925,0.0,0.0
2022-10-07,-0.05857405542766314,0.0,0.0
2022-10-10,-0.05000002684893878,0.0,0.0
2022-10-11,-0.025545268046811453,0.0,0.0
2022-10-12,-0.00018248643039953105,0.0,0.0
2022-10-13,0.020197149164690842,0.0,0.0
2022-10-14,-0.01771024906992591,0.0,0.0
2022-10-17,0.0034602753214345583,0.0,0.0
2022-10-18,-0.00919542776358706,0.0,0.0
2022-10-19,0.019538386234947636,0.0,0.0
2022-10-20,0.028865753519793813,0.0,0.0
2022-10-21,-0.010069868022135053,0.0,0.0
2022-10-24,0.02275528493817025,0.0,0.0
2022-10-25,0.029435498683310968,0.0,0.0
2022-10-26,0.005808114082157534,0.0,0.0
2022-10-27,-0.016657475879877093,0.0,0.0
2022-10-28,0.011180229915757955,0.0,0.0
2022-10-31,-0.003518071775864162,0.0,0.0
2022-11-01,0.005491817532836674,0.0,0.0
2022-11-02,-0.0039013319443410577,0.0,0.0
2022-11-03,-0.03412962180966228,-0.0009992504996875285,1.0
2022-11-04,0.024213592988187482,0.023189635448597683,0.0
2022-11-07,0.020926465943238437,-0.0009992504996876313,1.0
2022-11-08,0.04143810130323344,0.04143810130323323,1.0
2022-11-09,-0.022447948425795672,-0.02244794842579561,1.0
2022-11-10,0.06339440370629879,0.06339440370629897,1.0
2022-11-11,0.035589981920107316,0.03558998192010727,1.0
2022-11-14,0.023347738862261602,0.023347738862261585,1.0
2022-11-15,0.027764403107606084,0.02776440310760618,1.0
2022-11-16,-0.03699790402232361,-0.03699790402232373,1.0
2022-11-17,-0.005854320527445278,-0.005854320527445278,1.0
2022-11-18,0.0057661784858942244,0.005766178485894352,1.0
2022-11-21,-0.013783908716038518,-0.013783908716038504,1.0
2022-11-22,0.01521339987813719,0.015213399878137145,1.0
2022-11-23,0.0271685633259251,0.027168563325925207,1.0
2022-11-24,0.005811950033844049,0.00581195003384403,1.0
2022-11-25,-0.014622705761074384,-0.01462270576107435,1.0
2022-11-28,-0.018669191050416867,-0.018669191050416683,1.0
2022-11-29,-0.018902476240948984,-0.018902476240948936,1.0
2022-11-30,0.008079571790376772,0.008079571790376659,1.0
2022-12-01,0.047842231267742896,0.04784223126774286,1.0
2022-12-02,-0.015297752417089638,-0.015297752417089585,1.0
2022-12-05,0.0011950104416396101,0.001195010441639677,1.0
2022-12-06,-0.022081624505564612,-0.022081624505564692,1.0
2022-12-07,-0.014524623910334267,-0.01452462391033431,1.0
2022-12-08,0.02514241804566364,0.025142418045663733,1.0
2022-12-09,0.012685793093429654,0.012685793093429697,1.0
2022-12-12,-0.015151475157364258,-0.015151475157364255,1.0
2022-12-13,0.04663838076065474,0.046638380760654734,1.0
2022-12-14,-0.006712984037170022,-0.006712984037170053,1.0
2022-12-15,-0.052668336741313326,-0.05266833674131325,1.0
2022-12-16,-0.018401010345758917,-0.018401010345758927,1.0
2022-12-19,-0.0043606782746196115,-0.004360678274619608,1.0
2022-12-20,-0.011075373396807864,-0.011075373396807945,1.0
2022-12-21,0.024485895047466677,0.023461665273893092,0.0
2022-12-22,-0.04571428950528922,-0.0009992504996876117,1.0
2022-12-23,0.009841144325759554,0.008831555641719845,0.0
2022-12-28,-0.03021545644829715,0.0,0.0
2022-12-29,0.02759459188389113,0.0,0.0
2022-12-30,-0.01071034452675701,0.0,0.0
2023-01-03,0.0018828083951667463,0.0,0.0
2023-01-04,0.0209856141346918,0.0,0.0
2023-01-05,-0.005573226123400277,0.0,0.0
2023-01-06,0.019898249238467836,0.0,0.0
2023-01-09,0.05779893165016903,-0.000999250499687629,1.0
2023-01-10,-0.019182659412575687,-0.01918265941257558,1.0
2023-01-11,0.011904802727972008,0.011904802727971857,1.0
2023-01-12,0.02004799649176081,0.020047996491760825,1.0
2023-01-13,0.002589163440538167,0.0025891634405380997,1.0
2023-01-16,0.006221372979316575,0.006221372979316672,1.0
2023-01-17,0.0027997883848789318,0.00279978838487897,1.0
2023-01-18,0.005816658973072375,0.005816658973072476,1.0
2023-01-19,-0.03041865927905485,-0.03041865927905501,1.0
2023-01-20,0.010855254835241412,0.010855254835241296,1.0
2023-01-23,0.05440170788961707,0.05440170788961711,1.0
2023-01-24,0.006379403520519578,0.006379403520519588,1.0
2023-01-25,-0.015346944856751144,-0.015346944856751213,1.0
2023-01-26,0.014230880090373876,0.014230880090373883,1.0
2023-01-27,0.005456546181709099,0.005456546181709013,1.0
2023-01-30,-0.01162922849829362,-0.011629228498293499,1.0
2023-01-31,-0.0002240771351982307,-0.00022407713519827317,1.0
2023-02-01,0.023537306045606776,0.023537306045606735,1.0
2023-02-02,0.043692486608666536,0.04369248660866638,1.0
2023-02-03,0.007344503153579263,0.007344503153579289,1.0
2023-02-06,-0.02614313176109484,-0.026143131761094854,1.0
2023-02-07,-0.0038502739075033654,-0.003850273907503326,1.0
2023-02-08,0.00794500610499016,0.007945006104990148,1.0
2023-02-09,0.011291065391991095,0.011291065391990911,1.0
2023-02-10,-0.031704255938777126,-0.031704255938777154,1.0
2023-02-13,0.014032425881050692,0.014032425881050728,1.0
2023-02-14,0.004934553512647932,0.004934553512647855,1.0
2023-02-15,0.003202423684676603,0.003202423684676597,1.0
2023-02-16,-0.001170468253057888,-0.0011704682530577584,1.0
2023-02-17,-0.027804416043298752,-0.027804416043298807,1.0
2023-02-20,0.0006574354283290784,0.0006574354283291875,1.0
2023-02-21,-0.015330721972815042,-0.015330721972815015,1.0
2023-02-22,-0.014568478483868219,-0.014568478483868373,1.0
2023-02-23,0.019072366885965586,0.01907236688596551,1.0
2023-02-24,-0.00996679396968625,-0.00996679396968617,1.0
2023-02-27,0.010961920702600603,0.01096192070260056,1.0
2023-02-28,0.001106507043092897,0.00110650704309296,1.0
2023-03-01,-0.003978786438937232,-0.0039787864389372145,1.0
2023-03-02,-0.009320949197563322,-0.0093209491975632,1.0
2023-03-03,0.021169348291777856,0.02116934829177776,1.0
2023-03-06,0.023801669546204662,0.02380166954620451,1.0
2023-03-07,-0.025176757727888743,-0.02517675772788866,1.0
2023-03-08,0.015166555832638373,0.015166555832638366,1.0
2023-03-09,0.013424248423716811,0.01342424842371696,1.0
2023-03-10,-0.016344394501880632,-0.016344394501880768,1.0
2023-03-13,-0.020851413235938643,-0.020851413235938723,1.0
2023-03-14,0.02728481571154262,0.027284815711542565,1.0
2023-03-15,-0.02353703563516929,-0.023537035635169297,1.0
2023-03-16,0.04223794329615482,0.04223794329615478,1.0
2023-03-17,0.013155079945546877,0.01315507994554692,1.0
2023-03-20,-0.0012565732626390602,-0.0012565732626390077,1.0
2023-03-21,0.003145345569267821,0.0031453455692677223,1.0
2023-03-22,0.015050192692446673,0.015050192692446588,1.0
2023-03-23,0.02038710534950794,0.020387105349507963,1.0
2023-03-24,-0.03027245253473354,-0.030272452534733554,1.0
2023-03-27,-0.001248648481714687,-0.0012486484817148477,1.0
2023-03-28,-0.017086965635373597,-0.017086965635373635,1.0
2023-03-29,0.029043943179204668,0.029043943179204616,1.0
2023-03-30,0.025133856262775645,0.025133856262775683,1.0
2023-03-31,-0.0004018618115135819,-0.00040186181151359335,1.0
2023-04-03,-0.0051266799258197215,-0.005126679925819748,1.0
2023-04-04,-0.0017176737076745052,-0.0017176737076746032,1.0
2023-04-05,-0.028340110984520828,-0.028340110984520744,1.0
2023-04-06,0.00020829836527513912,0.00020829836527514058,1.0
2023-04-11,0.01312228890107403,0.013122288901073899,1.0
2023-04-12,-0.01377463358044162,-0.013774633580441719,1.0
2023-04-13,-0.0022931125193319524,-0.0022931125193319055,1.0
2023-04-14,0.0006268027353595329,0.0006268027353595402,1.0
2023-04-17,-0.01064936997354482,-0.010649369973544917,1.0
2023-04-18,0.012663538636449534,0.012663538636449518,1.0
2023-04-19,-0.014589428295497364,-0.014589428295497319,1.0
2023-04-20,0.008037247841081285,0.008037247841081332,1.0
2023-04-21,-0.007973165533609827,-0.007973165533609744,1.0
2023-04-24,-0.009517702196710554,-0.009517702196710715,1.0
2023-04-25,-0.017403425358522906,-0.01740342535852285,1.0
2023-04-26,-0.000325967398617677,-0.0013253915127108455,0.0
2023-04-27,-0.007391307664954105,0.0,0.0
2023-04-28,0.01653528407004634,0.0,0.0
2023-05-02,0.0020466962001950417,-0.0009992504996875888,1.0
2023-05-03,-0.0045151385089479135,-0.004515138508947786,1.0
2023-05-04,-0.007127387079809644,-0.007127387079809601,1.0
2023-05-05,0.018055209795896587,0.018055209795896504,1.0
2023-05-09,-0.002991439998519807,-0.002991439998519699,1.0
2023-05-10,0.013930594256419848,0.013930594256419857,1.0
2023-05-11,-0.015218795176564992,-0.015218795176565058,1.0
2023-05-12,0.0,0.0,1.0
2023-05-15,0.01223437847086073,0.012234378470860736,1.0
2023-05-16,0.022900802259310238,0.022900802259310266,1.0
2023-05-17,0.008602758838943458,0.0086027588389435,1.0
2023-05-18,0.039872623370237115,0.03987262337023707,1.0
2023-05-19,-0.005435349723173388,-0.005435349723173439,1.0
2023-05-22,-0.00019869478525114115,-0.00019869478525115576,1.0
2023-05-23,-0.0006956836902550778,-0.0006956836902550669,1.0
2023-05-24,-0.028543039875440934,-0.028543039875440906,1.0
2023-05-25,0.0690007969155626,0.06900079691556249,1.0
2023-05-26,0.051905748553797926,0.05190574855379806,1.0
2023-05-30,0.032046653221224464,0.03204665322122431,1.0
2023-05-31,-0.0379322779517095,-0.03793227795170954,1.0
2023-06-01,0.013203763741445051,0.013203763741445136,1.0
2023-06-02,0.002171926368955024,0.0021719263689550824,1.0
2023-06-05,-0.009662269419045133,-0.009662269419045121,1.0
2023-06-06,0.0026443049181108513,0.00264430491811086,1.0
2023-06-07,0.006093108171368877,0.006093108171368782,1.0
2023-06-08,-0.0029828636884464688,-0.002982863688446499,1.0
2023-06-09,0.008431552850813429,0.008431552850813515,1.0
2023-06-12,0.0200485090374678,0.020048509037467868,1.0
2023-06-13,0.023620662143496673,0.02362066214349675,1.0
2023-06-14,0.005855005241513611,0.005855005241513522,1.0
2023-06-15,0.0003424149600397275,0.0003424149600397756,1.0
2023-06-16,-0.0046209217243450285,-0.004620921724345076,1.0
2023-06-19,-0.005502058040986357,-0.005502058040986346,1.0
2023-06-20,-0.008990326009541083,-0.00899032600954104,1.0
2023-06-21,-0.02058618826689096,-0.0205861882668909,1.0
2023-06-22,0.0023156585238439664,0.00231565852384394,1.0
2023-06-23,-0.019548645457076574,-0.019548645457076633,1.0
2023-06-26,0.016494538559213012,0.016494538559212953,1.0
2023-06-27,-0.0018723850482373905,-0.0018723850482373337,1.0
2023-06-28,0.014917426028264513,0.01491742602826447,1.0
2023-06-29,-0.00035205874459065534,-0.0003520587445905103,1.0
2023-06-30,0.01021303058649603,0.010213030586496077,1.0
2023-07-03,0.0008715223634554459,0.0008715223634552649,1.0
2023-07-04,0.007662878011797325,0.0076628780117972625,1.0
2023-07-05,-0.01157970923910967,-0.011579709239109625,1.0
2023-07-06,-0.02762717353204358,-0.027627173532043633,1.0
2023-07-07,0.015284993073042097,0.015284993073042222,1.0
2023-07-10,0.006907534466391585,0.006907534466391645,1.0
2023-07-11,-0.00844326394229955,-0.00844326394229949,1.0
2023-07-12,0.02696470616578117,0.026964706165781217,1.0
2023-07-13,0.014164790179127973,0.014164790179128051,1.0
2023-07-14,0.02060976159668626,0.02060976159668637,1.0
2023-07-17,-0.009011967912741725,-0.009011967912741758,1.0
2023-07-18,-0.005894278924260532,-0.005894278924260507,1.0
2023-07-19,0.013383041366492598,0.013383041366492718,1.0
2023-07-20,-0.0295887741021974,-0.02958877410219746,1.0
2023-07-21,-0.0034453189589668254,-0.0034453189589667512,1.0
2023-07-24,-0.00518581235909199,-0.005185812359092033,1.0
2023-07-25,0.02241530725680052,0.022415307256800517,1.0
2023-07-26,-0.021923876821584365,-0.02192387682158445,1.0
2023-07-27,0.03701131357693521,0.03701131357693529,1.0
2023-07-28,0.006032181777994028,0.006032181777994177,1.0
2023-07-31,-0.0014157075812214481,-0.001415707581221531,1.0
2023-08-01,-0.0015845420365564467,-0.0015845420365564388,1.0
2023-08-02,-0.02873373209431085,-0.028733732094310818,1.0
2023-08-03,-0.01023393923201632,-0.010233939232016301,1.0
2023-08-04,0.008775759565281538,0.008775759565281616,1.0
2023-08-07,-0.002928478401026058,-0.002928478401026051,1.0
2023-08-08,-0.016845236192565727,-0.01684523619256579,1.0
2023-08-09,-0.010631746862569846,-0.011620867773643887,0.0
2023-08-10,0.007460070858510859,0.0,0.0
2023-08-11,-0.03314529315329107,0.0,0.0
2023-08-14,0.017231941870802903,0.0,0.0
2023-08-15,0.002151096750255377,0.0,0.0
2023-08-16,-0.008317684692627059,0.0,0.0
2023-08-17,-0.018578622020395508,0.0,0.0
2023-08-18,-0.0076272912459323106,0.0,0.0
2023-08-21,0.020464849784149308,0.0,0.0
2023-08-22,0.018511805553728555,-0.000999250499687522,1.0
2023-08-23,0.010245915429138774,0.01024591542913882,1.0
2023-08-24,-0.017902802630072157,-0.01790280263007219,1.0
2023-08-25,-0.015445413175969813,-0.01544541317596977,1.0
2023-08-29,0.04232031571943362,0.04127825598379327,0.0
2023-08-30,0.005250249217099157,-0.0009992504996875536,1.0
2023-08-31,0.007747209356953277,0.00774720935695322,1.0
2023-09-01,-0.0016411403431020322,-0.0016411403431019866,1.0
2023-09-04,0.0033742808744587904,0.003374280874458742,1.0
2023-09-05,0.00025867706287052705,0.0002586770628706552,1.0
2023-09-06,-0.010000031569908363,-0.010000031569908457,1.0
2023-09-07,-0.028822689517115863,-0.028822689517115974,1.0
2023-09-08,0.00457277989610394,0.004572779896104022,1.0
2023-09-11,-0.009639430758921153,-0.009639430758921144,1.0
2023-09-12,0.0059481224545334666,0.005948122454533562,1.0
2023-09-13,0.007704717695663277,0.00770471769566317,1.0
2023-09-14,0.001955846237046144,0.0019558462370461386,1.0
2023-09-15,-0.02644184390623927,-0.026441843906239257,1.0
2023-09-18,-0.001640542318384619,-0.00263865218620186,0.0
2023-09-19,-0.007303296011242022,0.0,0.0
2023-09-20,0.0007357166877537402,0.0,0.0
2023-09-21,-0.028303637563795947,0.0,0.0
2023-09-22,0.007754867707493895,0.0,0.0
2023-09-25,-0.0030967925039478983,0.0,0.0
2023-09-26,-0.01176692046031469,0.0,0.0
2023-09-27,0.004096021065209676,0.0,0.0
2023-09-28,0.020017008895290456,0.0,0.0
2023-09-29,0.008463575990709016,0.0,0.0
2023-10-02,0.004703515030850092,-0.0009992504996874617,1.0
2023-10-03,-0.018909538661854408,-0.01890953866185445,1.0
2023-10-04,0.004491049487917564,0.004491049487917663,1.0
2023-10-05,-0.0049366503007058915,-0.004936650300705944,1.0
2023-10-06,0.018253270755587803,0.01723527204815,0.0
2023-10-09,-0.0020224418383152365,-0.0009992504996876024,1.0
2023-10-10,0.027818757741136846,0.027818757741137037,1.0
2023-10-11,-0.0007169907666413344,-0.0007169907666413059,1.0
2023-10-12,0.020000030107027778,0.020000030107027736,1.0
2023-10-13,-0.02382842375693972,-0.023828423756939717,1.0
2023-10-16,0.004323575675081459,0.004323575675081554,1.0
2023-10-17,-0.008251104654218078,-0.008251104654218149,1.0
2023-10-18,-0.015373526401582072,-0.015373526401582068,1.0
2023-10-19,-0.0020205142988436453,-0.003018244289673368,0.0
2023-10-20,-0.02190322844285364,0.0,0.0
2023-10-23,0.0036695464257421317,0.0,0.0
2023-10-24,-0.001124919089221743,0.0,0.0
2023-10-25,-0.01539182865017652,0.0,0.0
2023-10-26,-0.021065738601869666,0.0,0.0
2023-10-27,0.012074055793682037,0.0,0.0
2023-10-30,-0.01548971110770525,0.0,0.0
2023-10-31,0.009674561184939812,0.0,0.0
2023-11-01,0.019454143845987204,0.0,0.0
2023-11-02,0.03446308924631314,0.0,0.0
2023-11-03,0.02367843110070611,-0.0009992504996874547,1.0
2023-11-06,0.0010758718450514237,0.0010758718450514415,1.0
2023-11-07,0.010209558949130448,0.010209558949130507,1.0
2023-11-08,-0.0021277082151667237,-0.0021277082151667163,1.0
2023-11-09,0.01616915186833401,0.016169151868334137,1.0
2023-11-10,0.009617119513287475,0.009617119513287519,1.0
2023-11-13,0.005888468006655545,0.005888468006655628,1.0
2023-11-14,0.028236903201534602,0.028236903201534498,1.0
2023-11-15,0.009879439727529027,0.00987943972752894,1.0
2023-11-16,-0.006632424420007554,-0.006632424420007612,1.0
2023-11-17,0.006676707175724994,0.006676707175725131,1.0
2023-11-20,0.012435748348899045,0.012435748348899016,1.0
2023-11-21,-0.009335075041016161,-0.009335075041016237,1.0
2023-11-22,0.004298203245475474,0.004298203245475521,1.0
2023-11-23,-0.001316902568801459,-0.0013169025688014536,1.0
2023-11-24,-0.0028020137477493545,-0.00280201374774929,1.0
2023-11-27,0.002479364064114087,0.0024793640641140734,1.0
2023-11-28,-0.0069250119221079265,-0.00692501192210789,1.0
2023-11-29,0.010708956710374196,0.010708956710374291,1.0
2023-11-30,-0.016344951653137874,-0.01634495165313783,1.0
2023-12-01,0.00734800632699506,0.007348006326995043,1.0
2023-12-04,-0.020308330244010353,-0.02030833024401026,1.0
2023-12-05,0.015145112772247726,0.015145112772247787,1.0
2023-12-06,-0.00750126271626661,-0.007501262716266635,1.0
2023-12-07,0.005542459040697834,0.005542459040697938,1.0
2023-12-08,0.012694206610812442,0.01269420661081247,1.0
2023-12-11,0.025894766075633013,0.025894766075632875,1.0
2023-12-12,0.016881016465938092,0.016881016465938148,1.0
2023-12-13,0.005059283712635976,0.005059283712635884,1.0
2023-12-14,0.02831529118135845,0.02831529118135843,1.0
2023-12-15,0.01713316613323923,0.017133166133239338,1.0
2023-12-18,-0.012633424046902264,-0.012633424046902335,1.0
2023-12-19,0.0031987673966751284,0.0031987673966751874,1.0
2023-12-20,0.0,0.0,1.0
2023-12-21,-0.0018220884523217906,-0.0018220884523217939,1.0
2023-12-22,0.003194388367760981,0.0031943883677609903,1.0
2023-12-27,0.017892348139179504,0.01789234813917948,1.0
2023-12-28,0.002383489775894976,0.0023834897758949324,1.0
2023-12-29,-7.42644278493021e-05,-7.42644278492357e-05,1.0
2024-01-02,-0.035149072816293536,-0.03514907281629361,1.0
2024-01-03,-0.024953773530136947,-0.024953773530136898,1.0
2024-01-04,-0.00015795136893692607,-0.0001579513689369118,1.0
2024-01-05,0.002528043057317353,0.002528043057317384,1.0
2024-01-08,0.019858129336212116,0.01985812933621189,1.0
2024-01-09,0.0038633905661726864,0.003863390566172867,1.0
2024-01-10,-0.0015393853991755302,-0.0015393853991755742,1.0
2024-01-11,-0.006167152669052989,-0.006167152669052986,1.0
2024-01-12,0.009928628587315691,0.009928628587315703,1.0
2024-01-15,0.004761984566121313,0.004761984566121196,1.0
2024-01-16,0.01482943796058045,0.014829437960580595,1.0
2024-01-17,-0.014763419223983165,-0.014763419223983252,1.0
2024-01-18,0.03990826528220759,0.03990826528220768,1.0
2024-01-19,0.01970293038965787,0.019702930389657775,1.0
2024-01-22,0.022783011763789496,0.022783011763789583,1.0
2024-01-23,-0.0015508333551147446,-0.0015508333551146917,1.0
2024-01-24,0.03657164612321284,0.03657164612321287,1.0
2024-01-25,0.007764605181710849,0.007764605181710713,1.0
2024-01-26,-0.02879162998325102,-0.028791629983251014,1.0
2024-01-29,-0.008489918208853808,-0.0084899182088539,1.0
2024-01-30,0.006878235652127529,0.00687823565212744,1.0
2024-01-31,-0.02453648478827708,-0.024536484788277087,1.0
2024-02-01,0.0011433732979702071,0.0011433732979701152,1.0
2024-02-02,0.021127703969485045,0.021127703969485014,1.0
2024-02-05,0.010764774019313972,0.010764774019313944,1.0
2024-02-06,-0.004425998358466687,-0.004425998358466602,1.0
2024-02-07,0.013059110421966613,0.013059110421966533,1.0
2024-02-08,0.024410296544068233,0.024410296544068306,1.0
2024-02-09,0.010040161052746077,0.010040161052746199,1.0
2024-02-12,0.019218086630691467,0.01921808663069129,1.0
2024-02-13,-0.030299112936565842,-0.030299112936565738,1.0
2024-02-14,0.007643820533149048,0.007643820533149066,1.0
2024-02-15,0.006521132123365803,0.006521132123365875,1.0
2024-02-16,0.007404537991874349,0.00740453799187433,1.0
2024-02-19,-0.010631384197831162,-0.010631384197831134,1.0
2024-02-20,-0.027991518801174897,-0.027991518801174866,1.0
2024-02-21,-0.0006823450887657456,-0.0006823450887657741,1.0
2024-02-22,0.061595220718942745,0.0615952207189427,1.0
2024-02-23,-0.00887691253836409,-0.008876912538364068,1.0
2024-02-26,0.010773647730933478,0.010773647730933426,1.0
2024-02-27,-0.0003853397667014091,-0.00038533976670130634,1.0
2024-02-28,-0.009763547566689623,-0.009763547566689642,1.0
2024-02-29,0.008043527535798622,0.008043527535798642,1.0
2024-03-01,0.043629337487704145,0.043629337487704103,1.0
2024-03-04,0.02466395474561711,0.024663954745617177,1.0
2024-03-05,-0.02166320257186538,-0.02166320257186531,1.0
2024-03-06,0.025956459424132383,0.025956459424132244,1.0
2024-03-07,0.030575484121208474,0.03057548412120869,1.0
2024-03-08,-0.017335636028780632,-0.01733563602878067,1.0
2024-03-11,-0.032322942897603624,-0.032322942897603645,1.0
2024-03-12,0.010767126113709002,0.01076712611370908,1.0
2024-03-13,-0.0183997610607749,-0.018399761060774972,1.0
2024-03-14,-0.005672698301229517,-0.0056726983012294575,1.0
2024-03-15,-0.010914018149500326,-0.010914018149500394,1.0
2024-03-18,0.0035109564802116022,0.0035109564802116625,1.0
2024-03-19,-0.012995138465457301,-0.01299513846545737,1.0
2024-03-20,0.002025619273788637,0.00202561927378866,1.0
2024-03-21,0.05672770407087713,0.05672770407087724,1.0
2024-03-22,-0.01602099889609121,-0.0160209988960913,1.0
2024-03-25,0.002308563851355361,0.002308563851355271,1.0
2024-03-26,-0.0056976752682104115,-0.005697675268210312,1.0
2024-03-27,-0.007559072696449731,-0.007559072696449684,1.0
2024-03-28,0.006633917756815544,0.006633917756815579,1.0
2024-04-02,-0.006346158859743545,-0.006346158859743518,1.0
2024-04-03,0.01492267249581647,0.014922672495816573,1.0
2024-04-04,-0.0003025537028206182,-0.00030255370282063215,1.0
2024-04-05,-0.02009446374342927,-0.020094463743429263,1.0
2024-04-08,0.005064900278767492,0.005064900278767424,1.0
2024-04-09,-0.008112139345601288,-0.008112139345601208,1.0
2024-04-10,0.002974045876581455,0.0029740458765815697,1.0
2024-04-11,0.0019767238434502676,0.0019767238434501735,1.0
2024-04-12,-0.008323001665390573,-0.008323001665390638,1.0
2024-04-15,0.0016785141649178215,0.0006770860703814534,0.0
2024-04-16,-0.013406085332545392,0.0,0.0
2024-04-17,-0.0200050817832087,0.0,0.0
2024-04-18,-0.01938634161077102,0.0,0.0
2024-04-19,-0.03338564433175817,0.0,0.0
2024-04-22,-0.013815579671730416,0.0,0.0
2024-04-23,0.03179511769030419,0.0,0.0
2024-04-24,0.012046572769342845,0.0,0.0
2024-04-25,-0.0013152502397293375,-0.000999250499687464,1.0
2024-04-26,0.030686182295403874,0.030686182295403815,1.0
2024-04-29,-0.00038332198412993623,-0.00038332198413013643,1.0
2024-04-30,-0.00025571100092713905,-0.00025571100092716453,1.0
2024-05-01,-0.041810467732323664,-0.041810467732323574,1.0
2024-05-02,0.009474233538059762,0.008465011673080244,0.0
2024-05-03,0.031989400133950685,-0.0009992504996875244,1.0
2024-05-07,0.023696663012075625,0.02369666301207561,1.0
2024-05-08,-0.011886848974069775,-0.011886848974069846,1.0
2024-05-09,0.004178825198855041,0.00417882519885505,1.0
2024-05-10,0.013871354751438636,0.013871354751438613,1.0
2024-05-13,-0.0015547263386527232,-0.0015547263386526998,1.0
2024-05-14,0.0067891393159253965,0.006789139315925339,1.0
2024-05-15,0.027344705429567018,0.02734470542956697,1.0
2024-05-16,0.015054799691406107,0.015054799691405937,1.0
2024-05-17,-0.01115332765805832,-0.01115332765805835,1.0
2024-05-20,0.013678990510402222,0.013678990510402328,1.0
2024-05-21,-0.0047348663587153395,-0.004734866358715391,1.0
2024-05-22,0.0112987265408373,0.011298726540837469,1.0
2024-05-23,0.013642287178202483,0.013642287178202352,1.0
2024-05-24,0.007773502146038336,0.007773502146038341,1.0
2024-05-28,0.01462119081444091,0.014621190814440917,1.0
2024-05-29,-0.014410492257415197,-0.014410492257415225,1.0
2024-05-30,-0.010476671145693284,-0.010476671145693372,1.0
2024-05-31,-0.027923141148330832,-0.027923141148330822,1.0
2024-06-03,0.019030476119858974,0.01903047611985904,1.0
2024-06-04,-0.007869370140338172,-0.00786937014033831,1.0
2024-06-05,0.04640698605772653,0.04640698605772657,1.0
2024-06-06,0.002602142307068789,0.0026021423070688226,1.0
2024-06-07,-0.00022573089416555447,-0.00022573089416546782,1.0
2024-06-10,0.01241533287884189,0.012415332878841792,1.0
2024-06-11,-0.004905182017627019,-0.00490518201762697,1.0
2024-06-12,0.03293742708547809,0.03293742708547818,1.0
2024-06-13,0.00943603877850907,0.009436038778509123,1.0
2024-06-14,-0.0033308000387904935,-0.0033308000387905403,1.0
2024-06-17,0.013475635739682357,0.013475635739682301,1.0
2024-06-18,0.0227635287843877,0.0227635287843878,1.0
2024-06-19,0.008944363980275982,0.008944363980276168,1.0
2024-06-20,-0.009895877366588812,-0.009895877366588927,1.0
2024-06-21,-0.031129676191190336,-0.031129676191190354,1.0
2024-06-24,-0.022351109566175476,-0.02235110956617544,1.0
2024-06-25,0.0016486468559020473,0.0016486468559020482,1.0
2024-06-26,-0.006803414198108593,-0.006803414198108521,1.0
2024-06-27,-0.0033145845174797905,-0.003314584517479781,1.0
2024-06-28,0.019177512188129242,0.019177512188129086,1.0
2024-07-01,-0.013813402640165395,-0.01381340264016531,1.0
2024-07-02,0.010036436312855779,0.010036436312855682,1.0
2024-07-03,0.025223820838693456,0.025223820838693622,1.0
2024-07-04,0.00575142101435433,0.00575142101435442,1.0
2024-07-05,0.0018002559398064832,0.0018002559398064384,1.0
2024-07-08,0.014164947028532326,0.014164947028532132,1.0
2024-07-09,-0.0020846838914651,-0.0020846838914650246,1.0
2024-07-10,0.01880095145102345,0.018800951451023326,1.0
2024-07-11,-0.02040186431301072,-0.02040186431301077,1.0
2024-07-12,0.014965989110446998,0.0149659891104471,1.0
2024-07-15,-0.0010312033414512367,-0.0010312033414513805,1.0
2024-07-16,-0.011354237255433941,-0.01135423725543386,1.0
2024-07-17,-0.04687824097926441,-0.04687824097926434,1.0
2024-07-18,-0.04403553765084012,-0.044035537650840326,1.0
2024-07-19,-0.001833345237415629,-0.0028312623505145984,0.0
2024-07-22,0.00654344726013556,0.0,0.0
2024-07-23,0.01722173963246809,0.0,0.0
2024-07-24,-0.03879357539815875,0.0,0.0
2024-07-25,-0.029044738080751253,0.0,0.0
2024-07-26,0.0015618078585881712,0.0,0.0
2024-07-29,-0.0006597133664846266,0.0,0.0
2024-07-30,-0.023945300223511046,0.0,0.0
2024-07-31,0.04931138897293552,0.0,0.0
2024-08-01,-0.030938700726567236,0.0,0.0
2024-08-02,-0.07594628847358964,0.0,0.0
2024-08-05,-0.02093974645768859,0.0,0.0
2024-08-06,0.018847797194552873,0.0,0.0
2024-08-07,0.01810544780000778,0.0,0.0
2024-08-08,-0.00012889351065903387,0.0,0.0
2024-08-09,0.006573039828607463,0.0,0.0
2024-08-12,0.00921896587413773,0.0,0.0
2024-08-13,0.025881767615146378,0.0,0.0
2024-08-14,0.015087821067205631,0.0,0.0
2024-08-15,0.033991238465978624,0.0,0.0
2024-08-16,-0.00011785243203465967,-0.0009992504996876586,1.0
2024-08-19,0.005302815755427792,0.005302815755427941,1.0
2024-08-20,0.007619288998718554,0.007619288998718524,1.0
2024-08-21,0.0044206288676731376,0.00442062886767308,1.0
2024-08-22,-0.006138508243881957,-0.006138508243881889,1.0
2024-08-23,-0.00023303395449636444,-0.00023303395449645003,1.0
2024-08-27,-0.0208649131183698,-0.020864913118369747,1.0
2024-08-28,-0.01666668483189171,-0.01764977231373108,0.0
2024-08-29,0.024818439341740328,0.0,0.0
2024-08-30,-0.011222735505164616,0.0,0.0
2024-09-02,0.014934289672351664,0.0,0.0
2024-09-03,-0.05721013284217813,-0.0009992504996874957,1.0
2024-09-04,-0.017105695840060275,-0.01808834442064429,0.0
2024-09-05,-0.010543722283840595,0.0,0.0
2024-09-06,-0.04082681127352017,0.0,0.0
2024-09-09,0.010708112187945096,0.0,0.0
2024-09-10,0.005429691711240414,0.0,0.0
2024-09-11,0.014620661711311822,0.0,0.0
2024-09-12,0.043100087594919234,0.0,0.0
2024-09-13,0.01754827241923973,0.0,0.0
2024-09-16,-0.013820998694809905,0.0,0.0
2024-09-17,0.01314653632762397,0.0,0.0
2024-09-18,-0.004835405320795072,0.0,0.0
2024-09-19,0.0345039715647264,0.0,0.0
2024-09-20,-0.0262782297808567,-0.0009992504996874049,1.0
2024-09-23,0.010013429001537899,0.009003668075893572,0.0
2024-09-24,0.01257406513165571,0.0,0.0
2024-09-25,0.013432835820895495,-0.0009992504996876063,1.0
2024-09-26,0.021855709654593047,0.021855709654593176,1.0
2024-09-27,-0.007609865520160963,-0.007609865520161016,1.0
2024-09-30,-0.010805162175824945,-0.010805162175825039,1.0
2024-10-01,-0.024312892995814295,-0.024312892995814267,1.0
2024-10-02,0.02347414175280993,0.022450923479592617,0.0
2024-10-03,0.0005881328361814209,-0.000999250499687574,1.0
2024-10-04,0.0017632717340663184,0.001763271734066239,1.0
2024-10-07,0.011734334495140386,0.011734334495140348,1.0
2024-10-08,0.007190850248313785,0.007190850248313799,1.0
2024-10-09,0.010939712318046357,0.010939712318046232,1.0
2024-10-10,-0.0014807751687240245,-0.001480775168723921,1.0
2024-10-11,0.0042207974187824515,0.0042207974187826024,1.0
2024-10-14,0.016585244856507142,0.016585244856506903,1.0
2024-10-15,-0.047156121593915135,-0.047156121593915086,1.0
2024-10-16,-0.012900181979900838,-0.01290018197990091,1.0
2024-10-17,0.02471191489014557,0.024711914890145657,1.0
2024-10-18,-0.00962320963541663,-0.009623209635416682,1.0
2024-10-21,-0.01322872017841814,-0.01322872017841808,1.0
2024-10-22,0.0045082127095810165,0.0035039556239244217,0.0
2024-10-23,-0.004015546772685896,0.0,0.0
2024-10-24,0.001067192410014739,0.0,0.0
2024-10-25,0.02191422073261351,0.0,0.0
2024-10-28,-0.011823306859353955,0.0,0.0
2024-10-29,0.010909094488865456,0.0,0.0
2024-10-30,-0.014388464369674225,0.0,0.0
2024-10-31,-0.03755594949042762,0.0,0.0
2024-11-01,0.017492358473098157,0.0,0.0
2024-11-04,-0.002464556748047131,0.0,0.0
2024-11-05,0.006929853428271571,0.0,0.0
2024-11-06,0.012686984079905983,0.0,0.0
2024-11-07,0.031556531730111415,-0.0009992504996875124,1.0
2024-11-08,-0.004010065066638369,-0.004010065066638355,1.0
2024-11-11,-0.023812259145948422,-0.0238122591459484,1.0
2024-11-12,-0.008602443456081521,-0.008602443456081492,1.0
2024-11-13,-0.01307498526129336,-0.01406166354477844,0.0
2024-11-14,0.007587677852279873,0.0,0.0
2024-11-15,-0.034664133384354034,0.0,0.0
2024-11-18,0.004581415396242461,0.0,0.0
2024-11-19,-0.0007395237350538153,0.0,0.0
2024-11-20,-0.012828431225388792,0.0,0.0
2024-11-21,0.01874297167161809,0.0,0.0
2024-11-22,-0.00134920412116446,0.0,0.0
2024-11-25,0.01179070383274472,0.0,0.0
2024-11-26,-0.015294908337517121,0.0,0.0
2024-11-27,-0.024038517154992056,0.0,0.0
2024-11-28,0.024630600261926094,0.0,0.0
2024-11-29,0.008505852917279233,0.0,0.0
2024-12-02,0.018701855823929803,0.0,0.0
2024-12-03,0.00012001603875666511,0.0,0.0
2024-12-04,0.014037170850202063,0.0,0.0
2024-12-05,-0.008636958785290583,-0.0009992504996874764,1.0
2024-12-06,-0.00763813560873039,-0.007638135608730306,1.0
2024-12-09,-0.003367393555726239,-0.0043637770040189285,0.0
2024-12-10,-0.023168887832805463,0.0,0.0
2024-12-11,0.014700463079289738,0.0,0.0
2024-12-12,-0.0047479838391328855,0.0,0.0
2024-12-13,0.025810405019591087,0.0,0.0
2024-12-16,0.020987385206544085,-0.0009992504996874042,1.0
2024-12-17,-0.002803147459296773,-0.0028031474592967766,1.0
2024-12-18,0.00749589377180282,0.007495893771802769,1.0
2024-12-19,-0.04998832353139693,-0.04998832353139693,1.0
2024-12-20,0.010523746910244602,0.009513475794271127,0.0
2024-12-23,0.01235161807277696,0.0,0.0
2024-12-24,0.01423447922399923,-0.000999250499687539,1.0
2024-12-27,-0.007783979891295312,-0.007783979891295356,1.0
2024-12-30,-0.01307498526129336,-0.01307498526129343,1.0
2024-12-31,0.005660619385921439,0.00465521018169062,0.0
2025-01-02,-0.000598838943207336,0.0,0.0
2025-01-03,0.010904777655939002,0.0,0.0
2025-01-06,0.05049789124477244,-0.0009992504996876874,1.0
2025-01-07,-0.014443764037693763,-0.014443764037693726,1.0
2025-01-08,-0.019235089835381913,-0.019235089835381854,1.0
2025-01-09,-0.0022180998515447525,-0.002218099851544851,1.0
2025-01-10,-0.021528067637835213,-0.0215280676378352,1.0
2025-01-13,-0.0108812156235919,-0.011870087128272177,0.0
2025-01-14,0.004956431656969462,0.0,0.0
2025-01-15,0.02213405543219249,0.0,0.0
2025-01-16,0.02624450624340713,-0.0009992504996876642,1.0
2025-01-17,0.0050458997340034895,0.0050458997340035675,1.0
2025-01-20,0.014034725758782729,0.014034725758782625,1.0
2025-01-21,0.0,0.0,1.0
2025-01-22,0.024530215346028283,0.024530215346028308,1.0
2025-01-23,-0.01735312221962837,-0.017353122219628384,1.0
2025-01-24,-0.0016765566539882482,-0.0016765566539882323,1.0
2025-01-27,-0.09326020890635289,-0.093260208906353,1.0
2025-01-28,-0.011482903194294458,-0.01247117316182592,0.0
2025-01-29,0.01886088161725641,0.0,0.0
2025-01-30,0.02231212089779744,0.0,0.0
2025-01-31,0.026262171212800167,0.0,0.0
2025-02-03,-0.03306849463080708,-0.0009992504996876581,1.0
2025-02-04,0.0050755065733572025,0.004070682335660582,0.0
2025-02-05,0.008536721174748907,0.0,0.0
2025-02-06,0.004411096312559204,0.0,0.0
2025-02-07,-0.009139426030461806,0.0,0.0
2025-02-10,0.01413512527222216,0.0,0.0
2025-02-11,0.0074414980648049855,-0.0009992504996874346,1.0
2025-02-12,-0.015593877556314584,-0.015593877556314625,1.0
2025-02-13,0.019533103948684127,0.018513825728011565,0.0
2025-02-14,0.00023369477590562404,-0.0009992504996876664,1.0
2025-02-17,0.00735806158851271,0.007358061588512728,1.0
2025-02-18,0.0015072145323822284,0.001507214532382196,1.0
2025-02-19,0.007987988693516135,0.007987988693516052,1.0
2025-02-20,-0.0008039473420186072,-0.0008039473420186965,1.0
2025-02-21,-0.0073563148235452624,-0.007356314823545242,1.0
2025-02-24,-0.023274688768234464,-0.02327468876823443,1.0
2025-02-25,-0.03698868018527268,-0.03795145075225747,0.0
2025-02-26,0.02671424448193238,0.0,0.0
2025-02-27,-0.028057601012861588,0.0,0.0
2025-02-28,-0.02689366359282186,0.0,0.0
2025-03-03,0.0013945311128518156,0.0,0.0
2025-03-04,-0.04279019299693232,0.0,0.0
2025-03-05,0.014019277212499182,0.0,0.0
2025-03-06,0.0033911848498748842,0.0,0.0
2025-03-07,-0.020798108251319558,0.0,0.0
2025-03-10,-0.006239230177601973,0.0,0.0
2025-03-11,-0.015362029341473016,0.0,0.0
2025-03-12,0.03256005366556125,0.0,0.0
2025-03-13,-0.008671707486750502,0.0,0.0
2025-03-14,0.0218688083845886,0.0,0.0
2025-03-17,0.0070039030637412125,0.0,0.0
2025-03-18,-0.0007727660879109921,0.0,0.0
2025-03-19,0.0041247703953537496,0.0,0.0
2025-03-20,-0.0033376396808425524,0.0,0.0
2025-03-21,-0.007084016693477024,0.0,0.0
2025-03-24,0.02866787934689441,0.0,0.0
2025-03-25,-0.007061855818880303,0.0,0.0
2025-03-26,-0.028321003150104773,0.0,0.0
2025-03-27,-0.022742196374088253,0.0,0.0
2025-03-28,-0.02768489752254355,0.0,0.0
2025-03-31,-0.01898208131150869,0.0,0.0
2025-04-01,0.016825532156154344,0.0,0.0
2025-04-02,0.007997819331257983,0.0,0.0
2025-04-03,-0.06566341344128179,0.0,0.0
2025-04-04,-0.07862375558772139,0.0,0.0
2025-04-07,-0.011918004073779076,0.0,0.0
2025-04-08,0.04969437637061924,0.0,0.0
2025-04-09,-0.046575720195827786,0.0,0.0
2025-04-10,0.07311584879528077,0.0,0.0
2025-04-11,0.0020964269572858463,0.0,0.0
2025-04-14,0.030932452950735767,0.0,0.0
2025-04-15,0.007682255337120525,0.0,0.0
2025-04-16,-0.03337168882121344,0.0,0.0
2025-04-17,-0.018749919107978408,0.0,0.0
2025-04-22,-0.004246265831513774,0.0,0.0
2025-04-23,0.04766976970523995,0.0,0.0
2025-04-24,0.03270824204178968,0.0,0.0
2025-04-25,0.009572076244542371,0.0,0.0
2025-04-28,-0.007808108603769792,0.0,0.0
2025-04-29,0.009274817295523485,0.0,0.0
2025-04-30,-0.0080757704472183,0.0,0.0
2025-05-01,0.03032009723301643,0.0,0.0
2025-05-02,0.018392349401316066,0.0,0.0
2025-05-06,-0.013511734263952802,0.0,0.0
2025-05-07,0.00013564058204806884,0.0,0.0
2025-05-08,0.03172876390360169,0.0,0.0
2025-05-09,0.0011828620267699819,-0.0009992504996874164,1.0
2025-05-12,0.06064587461373572,0.06064587461373546,1.0
2025-05-13,0.03440592418686039,0.034405924186860525,1.0
2025-05-14,0.007298403888343907,0.007298403888343979,1.0
2025-05-15,-0.00368220903906058,-0.003682209039060682,1.0
2025-05-16,-0.005960896714021113,-0.005960896714021122,1.0
2025-05-19,-0.005876683616098832,-0.005876683616098781,1.0
2025-05-20,-0.00024124313202622538,-0.00024124313202624858,1.0
2025-05-21,0.012067092637344512,0.012067092637344515,1.0
2025-05-22,-0.02396568582814773,-0.023965685828147648,1.0
2025-05-23,-0.022966005856347782,-0.022966005856347785,1.0
2025-05-27,0.03675912338851939,0.03675912338851933,1.0
2025-05-28,-0.0007235595745130885,-0.0007235595745130537,1.0
2025-05-29,0.001689589531947755,0.0016895895319477409,1.0
2025-05-30,-0.02120484501482489,-0.021204845014824884,1.0
2025-06-02,0.003323538645504387,0.0033235386455045222,1.0
2025-06-03,0.02846276081488419,0.028462760814883983,1.0
2025-06-04,0.01324109013606578,0.013241090136065921,1.0
2025-06-05,0.01554037740621439,0.01554037740621436,1.0
2025-06-06,-0.0032459862318884314,-0.0032459862318885186,1.0
2025-06-09,0.01279365470078675,0.012793654700786694,1.0
2025-06-10,0.008612769685686139,0.008612769685686123,1.0
2025-06-11,0.0190139830824283,0.019013983082428198,1.0
2025-06-12,-0.005474836466698663,-0.0054748364666985785,1.0
2025-06-13,-0.013369311457660071,-0.013369311457660083,1.0
2025-06-16,0.01764977291213965,0.01764977291213952,1.0
2025-06-17,-0.0016784325978399517,-0.0016784325978398383,1.0
2025-06-18,0.0001121064345843692,0.00011210643458436512,1.0
2025-06-19,-0.020957107208678827,-0.02095710720867886,1.0
2025-06-20,0.007898379539668765,0.0078983795396688,1.0
2025-06-23,0.004656399983016923,0.004656399983016803,1.0
2025-06-24,0.037983276567107094,0.0379832765671071,1.0
2025-06-25,0.0068612203823987805,0.00686122038239867,1.0
2025-06-26,0.011033037383786803,0.01103303738378692,1.0
2025-06-27,0.010805628790414135,0.010805628790414044,1.0
2025-06-30,-0.003704552191783339,-0.0037045521917832757,1.0
2025-07-01,-0.014023156627429811,-0.014023156627429855,1.0
2025-07-02,0.022088170517013284,0.02208817051701333,1.0
2025-07-03,0.011068975806471038,0.011068975806471041,1.0
2025-07-04,-0.009748776480942523,-0.009748776480942502,1.0
2025-07-07,-0.005422473260568328,-0.005422473260568205,1.0
2025-07-08,0.012915532844882893,0.012915532844882964,1.0
2025-07-09,0.00010453737665727658,0.00010453737665722675,1.0
2025-07-10,0.012958489206109203,0.012958489206109286,1.0
2025-07-11,-0.0005158676529494199,-0.0005158676529493397,1.0
2025-07-14,-0.008567240144413568,-0.008567240144413558,1.0
2025-07-15,0.020926542873224374,0.020926542873224305,1.0
2025-07-16,-0.030899437637517346,-0.03089943763751742,1.0
2025-07-17,0.02630748218576895,0.02630748218576897,1.0
2025-07-18,-0.004511457468608593,-0.004511457468608566,1.0
2025-07-21,0.008033849398622284,0.00803384939862223,1.0
2025-07-22,-0.021967931598469215,-0.02196793159846912,1.0
2025-07-23,-0.008671143130691505,-0.008671143130691564,1.0
2025-07-24,0.008746989528858995,0.00874698952885896,1.0
2025-07-25,-0.0016715802347353481,-0.0016715802347354067,1.0
2025-07-28,0.014336571594636194,0.01433657159463612,1.0
2025-07-29,0.008666009855008427,0.008666009855008431,1.0
2025-07-30,0.006852877378996647,0.006852877378996587,1.0
2025-07-31,-0.01696470699839603,-0.01696470699839598,1.0
2025-08-01,-0.026247735602404898,-0.026247735602404863,1.0
2025-08-04,0.01729807062877531,0.017298070628775263,1.0
2025-08-05,-0.008345535642229285,-0.008345535642229281,1.0
2025-08-06,-0.008100112169598939,-0.008100112169598958,1.0
2025-08-07,0.024180705877174358,0.02418070587717447,1.0
2025-08-08,0.005695382142444805,0.005695382142444884,1.0
2025-08-11,0.012458804059447326,0.012458804059447368,1.0
2025-08-12,0.00930540932053936,0.009305409320539372,1.0
2025-08-13,0.008010460445805112,0.008010460445805135,1.0
2025-08-14,-0.0007996984238558547,-0.0007996984238558815,1.0
2025-08-15,-0.01320527918081249,-0.013205279180812489,1.0
2025-08-18,-0.0012165728641987394,-0.0012165728641987978,1.0
2025-08-19,-0.005481052624160987,-0.005481052624161017,1.0
2025-08-20,-0.02316803627972419,-0.023168036279724146,1.0
2025-08-21,0.004492741712349924,0.004492741712349862,1.0
2025-08-22,0.025379680225678936,0.025379680225678908,1.0
2025-08-26,-0.0004057710974270101,-0.0004057710974268976,1.0
2025-08-27,0.0018266724528457345,0.0018266724528456354,1.0
2025-08-28,0.006736232853569835,0.006736232853569669,1.0
2025-08-29,-0.02238766842376494,-0.022387668423764908,1.0
2025-09-01,-0.0013380493815604577,-0.0013380493815604653,1.0
2025-09-02,-0.023497874966307397,-0.023497874966307404,1.0
2025-09-03,0.005593654662763958,0.005593654662763887,1.0
2025-09-04,0.008921058826732331,0.008921058826732421,1.0
2025-09-05,0.017788402510454215,0.016770868555044456,0.0
2025-09-08,0.0176819646533819,0.0,0.0
2025-09-09,-0.001305586560373606,-0.0009992504996874402,1.0
2025-09-10,0.012872071076738933,0.012872071076738854,1.0
2025-09-11,0.011517037516441286,0.011517037516441214,1.0
2025-09-12,-0.0017667874953710694,-0.0017667874953710236,1.0
2025-09-15,0.0076696797649695725,0.007669679764969586,1.0
2025-09-16,0.0035128119551595116,0.0035128119551596044,1.0
2025-09-17,-0.0009723694834891106,-0.0009723694834890507,1.0
2025-09-18,0.041463911084357985,0.041463911084357846,1.0
2025-09-19,-0.013831807074145774,-0.01383180707414565,1.0
2025-09-22,0.018764247724828653,0.01876424772482876,1.0
2025-09-23,0.015813925099927406,0.015813925099927195,1.0
2025-09-24,-0.008241702579084742,-0.008241702579084546,1.0
2025-09-25,-0.004432163835712877,-0.004432163835712967,1.0
2025-09-26,-0.0009274575626426751,-0.0009274575626426281,1.0
2025-09-29,0.014853309097564216,0.014853309097564075,1.0
2025-09-30,-0.0031101018920577372,-0.003110101892057743,1.0
2025-10-01,0.014681578499137649,0.014681578499137662,1.0
2025-10-02,0.02586363323380203,0.025863633233802114,1.0
2025-10-03,0.010754594450341992,0.010754594450341983,1.0
2025-10-06,0.027559706364801873,0.027559706364801824,1.0
2025-10-07,-0.02104908643148251,-0.021049086431482417,1.0
2025-10-08,0.014392263870430133,0.014392263870430048,1.0
2025-10-09,0.0,0.0,1.0
2025-10-10,-0.038632449940738556,-0.038632449940738535,1.0
2025-10-13,0.023826460039046315,0.023826460039046475,1.0
2025-10-14,-0.009551980449246544,-0.009551980449246553,1.0
2025-10-15,0.024723827417018507,0.0247238274170184,1.0
2025-10-16,0.01317591505575022,0.013175915055750146,1.0
2025-10-17,-0.020097933543475666,-0.020097933543475555,1.0
2025-10-20,0.031885530153827224,0.03188553015382717,1.0
2025-10-21,-0.01002168840530171,-0.010021688405301654,1.0
2025-10-22,-0.026320252425216184,-0.026320252425216042,1.0
2025-10-23,0.020447068513180344,0.020447068513180143,1.0
2025-10-27,0.04533880134683632,0.04533880134683621,1.0
2025-10-28,0.005523069282051818,0.0055230692820518465,1.0
2025-10-29,0.01744746348521331,0.017447463485213442,1.0
2025-10-30,-0.009209241355558562,-0.009209241355558642,1.0
2025-10-31,-0.009455130419238844,-0.009455130419238844,1.0
2025-11-03,0.009059982950198275,0.009059982950198308,1.0
2025-11-04,-0.01859868313736801,-0.01859868313736809,1.0
2025-11-05,0.001470350497206896,0.001470350497206872,1.0
2025-11-06,-0.02202281388129146,-0.022022813881291382,1.0
2025-11-07,-0.032026721588125584,-0.032026721588125605,1.0
2025-11-10,0.04411513746583662,0.04411513746583662,1.0
2025-11-11,-0.010562789041701381,-0.010562789041701263,1.0
2025-11-12,0.01834859816717649,0.018348598167176378,1.0
2025-11-13,-0.026371836698962814,-0.026371836698962845,1.0
2025-11-14,0.0020188887845651315,0.00201888878456523,1.0
2025-11-17,-0.011584997070125502,-0.011584997070125495,1.0
2025-11-18,-0.02870729840957509,-0.02870729840957526,1.0
2025-11-19,0.010318295722962612,0.010318295722962674,1.0
2025-11-20,0.001038625113650271,3.783674819271054e-05,0.0
2025-11-21,-0.051184554823589856,0.0,0.0
2025-11-24,0.05011846279446508,0.0,0.0
2025-11-25,-0.011454353690501184,-0.000999250499687611,1.0
2025-11-26,0.04599723997004501,0.04599723997004495,1.0
2025-11-27,-0.003189030472758647,-0.003189030472758639,1.0
2025-11-28,0.010607864532577116,0.010607864532577236,1.0
2025-12-01,0.005998010789834973,0.005998010789834778,1.0
2025-12-02,0.007121568359872876,0.0071215683598729465,1.0
2025-12-03,0.017431302987263475,0.01743130298726368,1.0
2025-12-04,0.0021011971934630225,0.002101197193462972,1.0
2025-12-05,0.0077419281005859375,0.0077419281005858456,1.0
2025-12-08,0.0036811706773596242,0.003681170677359782,1.0
2025-12-09,0.005581283589988439,0.005581283589988363,1.0
2025-12-10,0.000634270535347925,0.0006342705353480187,1.0
2025-12-11,-0.009033275889190229,-0.009033275889190253,1.0
2025-12-12,-0.02398848599524739,-0.023988485995247492,1.0
2025-12-15,0.0,0.0,1.0
2025-12-16,-0.017696182827448892,-0.017696182827448767,1.0
2025-12-17,-0.029691452399355445,-0.03066151836981912,0.0
2025-12-18,0.028021336073987158,0.0,0.0
2025-12-19,0.01923079499248903,0.0,0.0
2025-12-22,0.010008213334141036,0.0,0.0
2025-12-23,0.005360591439177442,0.0,0.0
2025-12-24,0.004039424825746707,0.0,0.0
2025-12-29,0.0014483449223026135,0.0,0.0
2025-12-30,0.007713314249834458,0.0,0.0
2025-12-31,-0.00669746731106724,0.0,0.0
2026-01-02,0.030662963632076767,0.0,0.0
2026-01-05,0.0305297010441814,0.0,0.0
2026-01-06,0.015114872198423335,-0.0009992504996875072,1.0
2026-01-07,-0.004913666067008715,-0.004913666067008663,1.0
2026-01-08,-0.02872958426365213,-0.028729584263652172,1.0
2026-01-09,0.03558769724645994,0.0355876972464598,1.0
2026-01-12,0.0077357428387885285,0.007735742838788512,1.0
2026-01-13,0.013286116832906814,0.013286116832906874,1.0
2026-01-14,-0.016754101633228435,-0.016754101633228297,1.0
2026-01-15,0.04267306229029488,0.04267306229029461,1.0
2026-01-16,-0.0014211467900003827,-0.0014211467900003523,1.0
2026-01-19,-0.01935382162980681,-0.019353821629806815,1.0
2026-01-20,0.01233490681975491,0.01233490681975498,1.0
2026-01-21,0.01849198503475069,0.018491985034750667,1.0
2026-01-22,0.0059113040240035275,0.005911304024003414,1.0
2026-01-23,-0.008954797519480695,-0.008954797519480745,1.0
2026-01-26,-0.004659068509440645,-0.004659068509440564,1.0
2026-01-27,0.02765953118074016,0.027659531180740157,1.0
2026-01-28,0.012974499392702343,0.012974499392702359,1.0
2026-01-29,-0.012808317880144804,-0.01280831788014488,1.0
2026-01-30,0.002622532082948048,0.0026225320829479674,1.0
2026-02-02,0.0020649989969614424,0.0020649989969615127,1.0
2026-02-03,-0.023080097321683257,-0.023080097321683188,1.0
2026-02-04,-0.053016513009453314,-0.053016513009453266,1.0
2026-02-05,0.0031186029891276945,0.0031186029891274616,1.0
2026-02-06,0.04071058291282248,0.040710582912822514,1.0
2026-02-09,0.016358376195769075,0.016358376195769176,1.0
2026-02-10,-0.0047585213773615465,-0.004758521377361445,1.0
2026-02-11,0.01757839951161566,0.017578399511615706,1.0
2026-02-12,-0.015201747717560554,-0.015201747717560492,1.0
2026-02-13,0.00982313959104264,0.009823139591042584,1.0
2026-02-16,-0.006114542065095652,-0.006114542065095681,1.0
2026-02-17,0.0006991478482214486,0.0006991478482217104,1.0
2026-02-18,0.024730985756793444,0.024730985756793396,1.0
2026-02-19,-0.017861980147344858,-0.017861980147344983,1.0
2026-02-20,0.012078339043816388,0.012078339043816517,1.0
2026-02-23,-0.007407419811035876,-0.007407419811036041,1.0
2026-02-24,0.019762303663817482,0.019762303663817475,1.0
2026-02-25,0.01233224043128267,0.012332240431282514,1.0
2026-02-26,-0.030789765948141756,-0.030789765948141666,1.0
2026-02-27,-0.0066298804809005185,-0.0066298804809005315,1.0
2026-03-02,-0.01473856487181413,-0.014738564871814061,1.0
2026-03-03,-0.03302291768458321,-0.033022917684583285,1.0
2026-03-04,0.01809698706822016,0.01707914460539868,0.0
2026-03-05,-0.0020068719231837173,0.0,0.0
2026-03-06,-0.018960063814260963,0.0,0.0
2026-03-09,-0.009663303552259306,0.0,0.0
2026-03-10,0.04228268237964028,0.0,0.0
2026-03-11,0.0015602923454123285,0.0,0.0
2026-03-12,-0.027333243003723195,0.0,0.0
2026-03-13,-0.006697715236294033,0.0,0.0
2026-03-16,0.021841070611375857,0.0,0.0
2026-03-17,-0.0010041557272062462,0.0,0.0
2026-03-18,0.007610551176651104,0.0,0.0
2026-03-19,-0.015961167826895717,0.0,0.0
2026-03-20,-0.010572097388415802,0.0,0.0
2026-03-23,0.009953166103823907,0.0,0.0
2026-03-24,0.007246376811594235,0.0,0.0
2026-03-25,0.011942472389276038,0.0,0.0
2026-03-26,-0.039243595398454456,0.0,0.0
2026-03-27,-0.020571250494691218,0.0,0.0
2026-03-30,-0.028256312148064233,0.0,0.0
2026-03-31,0.0073083694378139885,0.0,0.0
2026-04-01,0.070392059964828,0.0,0.0
2026-04-02,-0.01312368158025956,-0.0009992504996876252,1.0
2026-04-07,0.007160570825431867,0.007160570825431947,1.0
2026-04-08,0.07544986529003994,0.07544986529003982,1.0
2026-04-09,0.020237452029360226,0.02023745202936022,1.0
2026-04-10,0.03081187671294372,0.03081187671294373,1.0
2026-04-13,-0.0051314164482900715,-0.005131416448290011,1.0
2026-04-14,0.022179155688242247,0.022179155688242146,1.0
2026-04-15,0.003784572530116881,0.003784572530116937,1.0
2026-04-16,0.015458129466520587,0.015458129466520577,1.0
2026-04-17,0.015346507635342954,0.015346507635342952,1.0
2026-04-20,-0.007313486926199375,-0.0073134869261994705,1.0
2026-04-21,0.006385027351153649,0.00638502735115382,1.0
2026-04-22,0.022450024253767298,0.0224500242537673,1.0
2026-04-23,0.028042940197384736,0.02804294019738451,1.0
2026-04-24,0.0393499631991312,0.03934996319913133,1.0
2026-04-27,-0.009046208960371893,-0.009046208960371893,1.0
2026-04-28,-0.03798041946449093,-0.037980419464490975,1.0
2026-04-29,0.029521984829517622,0.02952198482951748,1.0
2026-04-30,0.02025496659448489,0.020254966594484988,1.0
2026-05-01,0.011487828878286699,0.011487828878286716,1.0
2026-05-05,0.0391442863248006,0.03914428632480063,1.0
2026-05-06,0.048174883472410945,0.048174883472410904,1.0
2026-05-07,0.0021259271823019787,0.002125927182301966,1.0
2026-05-08,0.027578577794199255,0.02757857779419923,1.0
2026-05-11,0.032441952248931205,0.03244195224893127,1.0
2026-05-12,-0.045515129804686194,-0.045515129804686145,1.0
2026-05-13,0.033120508435527274,0.03312050843552726,1.0
2026-05-14,0.016222483051192116,0.016222483051192192,1.0
2026-05-15,-0.03477761409167468,-0.034777614091674715,1.0
2026-05-18,-0.030517802896646296,-0.030517802896646243,1.0
2026-05-19,-0.017059303898343092,-0.0170593038983431,1.0
2026-05-20,0.052479277288286275,0.05247927728828619,1.0
2026-05-21,-0.004122479193836237,-0.004122479193836266,1.0
2026-05-22,0.041001416318226847,0.04100141631822689,1.0
2026-05-26,0.03635671499748083,0.03635671499748083,1.0
2026-05-27,-0.00712587964389555,-0.007125879643895641,1.0
2026-05-28,0.02594773359316882,0.02594773359316887,1.0
2026-05-29,-0.0021524472086953406,-0.002152447208695256,1.0
2026-06-01,0.010785519730377668,0.010785519730377688,1.0
2026-06-02,0.03041079669915736,0.030410796699157305,1.0
2026-06-03,0.01933038959489619,0.019330389594896073,1.0
2026-06-04,-0.025228608937022945,-0.025228608937022917,1.0
2026-06-05,-0.05523710825139494,-0.05523710825139497,1.0
2026-06-08,0.01912117902551902,0.01912117902551916,1.0
2026-06-09,-0.03590116665182452,-0.035901166651824454,1.0
2026-06-10,-0.0011227088348719771,-0.0011227088348719353,1.0
2026-06-11,0.024166299644392764,0.024166299644392777,1.0
2026-06-12,0.0632888790022923,0.06328887900229226,1.0
2026-06-15,0.03767415424855747,0.0376741542485575,1.0
2026-06-16,-0.025696273953952686,-0.025696273953952686,1.0
2026-06-17,0.012080978032030343,0.012080978032030234,1.0
2026-06-18,0.03581037465547965,0.03581037465547956,1.0
2026-06-19,0.005356241082425495,0.005356241082425462,1.0
2026-06-22,0.006942207211970475,0.006942207211970535,1.0
2026-06-23,-0.05659770466169223,-0.056597704661692255,1.0
2026-06-24,-0.006458209842450491,-0.006458209842450524,1.0
2026-06-25,0.021895357749571298,0.021895357749571416,1.0
2026-06-26,-0.016739202743619064,-0.016739202743619206,1.0
2026-06-29,0.004426256624172176,0.004426256624172201,1.0
2026-06-30,0.057627144506422034,0.0576271445064223,1.0
2026-07-01,-0.04102566203030167,-0.04102566203030171,1.0
2026-07-02,-0.04278077150339554,-0.04278077150339547,1.0
2026-07-03,0.01466480744569254,0.014664807445692487,1.0
2026-07-06,0.004301445364666812,0.004301445364666889,1.0
2026-07-07,-0.07658039211585643,-0.07658039211585649,1.0
2026-07-08,0.012430392392913436,0.01243039239291351,1.0
2026-07-09,0.0654205555211469,0.06542055552114695,1.0
2026-07-10,-0.012555891811142694,-0.012555891811142701,1.0
2026-07-13,-0.02264412542267491,-0.02264412542267499,1.0
2026-07-14,0.014970596033693884,0.013955879180309305,0.0
2026-07-15,-0.03476733126797116,0.0,0.0
2026-07-16,-0.01637259424946025,0.0,0.0
2026-07-17,-0.038468615278289486,0.0,0.0
2026-07-20,0.02346600051200154,0.0,0.0
2026-07-21,0.038150772954749446,0.0,0.0
2026-07-22,0.012490923347997507,0.0,0.0
2026-07-23,-0.018237090151942636,0.0,0.0
2026-07-24,-0.019304341217203147,0.0,0.0
2026-07-27,-0.06276689599243546,0.0,0.0
2026-07-28,-0.016940747405522205,0.0,0.0
2026-07-29,-0.039302644300539535,0.0,0.0
2026-07-30,0.06703030805530563,0.0,0.0
2026-07-31,0.00216281181737088,0.0,0.0
2026-08-03,-0.005297242521038137,0.0,0.0
2026-08-04,0.06331359045696683,0.0,0.0
2026-08-05,-0.0018549151252853502,-0.0009992504996875178,1.0
2026-08-06,0.005389278822319765,0.0053892788223198025,1.0
2026-08-07,0.0031423657751838974,0.0031423657751838445,1.0
2026-08-10,-0.010318801705683445,-0.01031880170568345,1.0
2026-08-11,-0.0014894436365863184,-0.0014894436365862711,1.0
2026-08-12,0.027037119784834918,0.027037119784834873,1.0
2026-08-13,0.017247583817373346,0.017247583817373187,1.0
2026-08-14,-0.021238598119489693,-0.02123859811948967,1.0
2026-08-17,0.029905167488790463,0.02990516748879059,1.0
2026-08-18,-0.05718837762774598,-0.057188377627746034,1.0
2026-08-19,-0.015211293395136494,-0.015211293395136374,1.0
2026-08-20,-0.000762721240989972,-0.0007627212409900149,1.0
2026-08-21,0.002290055885313391,0.002290055885313328,1.0
2026-08-24,-0.02837017641812567,-0.028370176418125698,1.0
2026-08-25,0.019988251659090572,0.018968518404494435,0.0
2026-08-26,-0.0019212002994591915,0.0,0.0
2026-08-27,0.015976862447893092,0.0,0.0
2026-08-28,-0.004168196496665222,-0.0009992504996876826,1.0
2026-09-01,-0.027016779804807434,-0.027016779804807455,1.0
2026-09-02,0.003519755716153039,0.002516486840375973,0.0
2026-09-03,-0.005845659369534295,0.0,0.0
2026-09-04,0.029400234938095737,0.0,0.0
2026-09-07,0.019040365409063398,-0.000999250499687562,1.0
2026-09-08,0.016629285912484137,0.016629285912484203,1.0
2026-09-09,-0.0062488541360299354,-0.0062488541360299875,1.0
2026-09-10,-0.016460133062172533,-0.016460133062172585,1.0
2026-09-11,0.01109439919522659,0.01109439919522658,1.0
2026-09-14,-0.052631612552758944,-0.052631612552758965,1.0
2026-09-15,-0.0025519681374669423,-0.00354916680732131,0.0
2026-09-16,0.016532181261255552,0.0,0.0
2026-09-17,0.02052270139939183,0.0,0.0
2026-09-18,0.011193325039569046,-0.0009992504996875777,1.0
2026-09-21,0.04765480209915718,0.04765480209915711,1.0
2026-09-22,0.01755013502074476,0.017550135020744796,1.0
2026-09-23,-0.0047518560227705064,-0.004751856022770471,1.0
2026-09-24,-0.011671084992333158,-0.011671084992333177,1.0
2026-09-25,0.02111290603081195,0.021112906030811788,1.0
2026-09-28,-0.020676367819970398,-0.020676367819970252,1.0
2026-09-29,0.025764939293825728,0.02576493929382571,1.0
2026-09-30,-0.0017443273264329262,-0.0017443273264329592,1.0
2026-10-01,-0.0019220795252737899,-0.001922079525273801,1.0
2026-10-02,0.036064450486904764,0.03606445048690484,1.0
2026-10-05,-0.0020276940058459036,-0.002027694005846002,1.0
2026-10-06,0.005587504380022867,0.005587504380022961,1.0
