Date,^STOXX50E_BnH,^STOXX50E_Strategy,^STOXX50E_Position
2021-01-04,,0.0,0.0
2021-01-05,-0.0046402877968863,0.0,0.0
2021-01-06,0.017822055252706637,0.0,0.0
2021-01-07,0.0031402914099563084,0.0,0.0
2021-01-08,0.006247240088446571,0.0,0.0
2021-01-11,-0.006702221180331702,0.0,0.0
2021-01-12,-0.0023449669117994176,0.0,0.0
2021-01-13,0.001212616128220212,0.0,0.0
2021-01-14,0.006874060172582297,0.0,0.0
2021-01-15,-0.011484706858547966,0.0,0.0
2021-01-18,0.000866739732620303,0.0,0.0
2021-01-19,-0.0020123964052267684,0.0,0.0
2021-01-20,0.007960159817041568,0.0,0.0
2021-01-21,-0.00157005478552108,0.0,0.0
2021-01-22,-0.004405374028676801,0.0,0.0
2021-01-25,-0.013676960904873914,0.0,0.0
2021-01-26,0.011170453949696846,0.0,0.0
2021-01-27,-0.015711902340218575,0.0,0.0
2021-01-28,0.0058421767272267555,0.0,0.0
2021-01-29,-0.021253653831845853,0.0,0.0
2021-02-01,0.014192448263244062,0.0,0.0
2021-02-02,0.016882581144075814,0.0,0.0
2021-02-03,0.005372581583520386,0.0,0.0
2021-02-04,0.008967412476625913,0.0,0.0
2021-02-05,0.003747790271752649,0.0,0.0
2021-02-08,0.002664278710733603,0.0,0.0
2021-02-09,-0.0011949570295689549,0.0,0.0
2021-02-10,-0.003485198841183368,0.0,0.0
2021-02-11,0.006389103546077246,0.0,0.0
2021-02-12,0.00651750049753308,0.0,0.0
2021-02-15,0.010442076579588289,0.0,0.0
2021-02-16,-0.0020888139173365072,0.0,0.0
2021-02-17,-0.007124786760218993,0.0,0.0
2021-02-18,-0.005084005594082175,0.0,0.0
2021-02-19,0.008807272273859024,0.0,0.0
2021-02-22,-0.0036650087585201607,0.0,0.0
2021-02-23,-0.0029055231201960963,0.0,0.0
2021-02-24,0.004578323203768608,0.0,0.0
2021-02-25,-0.005588239847401866,0.0,0.0
2021-02-26,-0.013252748095765043,0.0,0.0
2021-03-01,0.01929914336880545,0.0,0.0
2021-03-02,0.0002967267971500931,0.0,0.0
2021-03-03,0.0013647359114854485,0.0,0.0
2021-03-04,-0.0021358474183903464,0.0,0.0
2021-03-05,-0.009530765796998852,0.0,0.0
2021-03-08,0.025534522085719935,0.0,0.0
2021-03-09,0.006061281941343699,0.0,0.0
2021-03-10,0.00894596548119031,0.0,0.0
2021-03-11,0.006733117769259556,0.0,0.0
2021-03-12,-0.0031931708374330903,0.0,0.0
2021-03-15,-0.0009182595510489611,0.0,0.0
2021-03-16,0.005514557412893861,0.0,0.0
2021-03-17,-0.00031679651710214696,0.0,0.0
2021-03-18,0.004623701567710636,0.0,0.0
2021-03-19,-0.007891326068507398,0.0,0.0
2021-03-22,-0.0008287503386582573,0.0,0.0
2021-03-23,-0.0017789131009706693,0.0,0.0
2021-03-24,0.0014449961768301378,0.0,0.0
2021-03-25,5.223553768418654e-06,0.0,0.0
2021-03-26,0.008899997305424678,0.0,0.0
2021-03-29,0.004187102587517533,0.0,0.0
2021-03-30,0.011159228271009125,0.0,0.0
2021-03-31,-0.0017803449445534802,0.0,0.0
2021-04-01,0.006825355177858761,0.0,0.0
2021-04-06,0.006198735207563644,0.0,0.0
2021-04-07,-0.0034378989155645634,0.0,0.0
2021-04-08,0.005322537951357953,0.0,0.0
2021-04-09,0.00025390973113181836,0.0,0.0
2021-04-12,-0.004257568832291447,0.0,0.0
2021-04-13,0.0012847593367044663,0.0,0.0
2021-04-14,0.002341835771042966,0.0,0.0
2021-04-15,0.004313051952425706,0.0,0.0
2021-04-16,0.00990628589231246,0.0,0.0
2021-04-19,-0.0032432706643638065,0.0,0.0
2021-04-20,-0.019764112357976926,0.0,0.0
2021-04-21,0.009123288024305065,0.0,0.0
2021-04-22,0.009654471638308904,0.0,0.0
2021-04-23,-0.00036364474438177474,0.0,0.0
2021-04-26,0.001866273495479298,0.0,0.0
2021-04-27,-0.0022184886807712356,0.0,0.0
2021-04-28,0.0007777136715065858,0.0,0.0
2021-04-29,-0.0045155644717058685,0.0,0.0
2021-04-30,-0.005544274975808228,0.0,0.0
2021-05-03,0.006418032331247048,0.0,0.0
2021-05-04,-0.018861308961158674,0.0,0.0
2021-05-05,0.019871073497785385,0.0,0.0
2021-05-06,-0.0008369406397930046,0.0,0.0
2021-05-07,0.008703733298595306,0.0,0.0
2021-05-10,-0.0027018410717605246,0.0,0.0
2021-05-11,-0.019210368768933228,0.0,0.0
2021-05-12,0.00034714956856563006,0.0,0.0
2021-05-14,0.017735592772517572,0.0,0.0
2021-05-17,-0.0026384597331191584,0.0,0.0
2021-05-18,-0.00037435983645395243,0.0,0.0
2021-05-19,-0.01712715928009434,0.0,0.0
2021-05-20,0.016046251983037108,0.0,0.0
2021-05-21,0.006467674961673664,0.0,0.0
2021-05-25,0.0025485768449740043,0.0,0.0
2021-05-26,-0.001082773497092293,0.0,0.0
2021-05-27,0.0018702024740639978,0.0,0.0
2021-05-28,0.00776144294538561,0.0,0.0
2021-05-31,-0.007640250287080708,0.0,0.0
2021-06-01,0.007993652462148892,0.0,0.0
2021-06-02,0.004113710321115072,0.0,0.0
2021-06-03,-0.0022648917122721768,0.0,0.0
2021-06-04,0.0024857308229964126,0.0,0.0
2021-06-07,0.00202231628467886,0.0,0.0
2021-06-08,-0.00040026277447757774,0.0,0.0
2021-06-09,0.00020515869818038546,0.0,0.0
2021-06-10,-0.00019045691663122088,0.0,0.0
2021-06-11,0.007477990466042028,0.0,0.0
2021-06-14,0.001446610192153308,0.0,0.0
2021-06-15,0.0026254450177156663,0.0,0.0
2021-06-16,0.0019885860463833005,0.0,0.0
2021-06-17,0.0015367871586831061,0.0,0.0
2021-06-18,-0.017981601647089285,0.0,0.0
2021-06-21,0.007092171443289663,0.0,0.0
2021-06-22,0.0026262008356159328,0.0,0.0
2021-06-23,-0.011445174599753472,0.0,0.0
2021-06-24,0.011406015555508908,0.0,0.0
2021-06-25,-0.0004293631318847968,0.0,0.0
2021-06-28,-0.007462455765488096,0.0,0.0
2021-06-29,0.004303237453596509,0.0,0.0
2021-06-30,-0.010519686930141825,0.0,0.0
2021-07-01,0.0035897555728461317,0.0,0.0
2021-07-02,0.001328833618550851,0.0,0.0
2021-07-05,0.0007492228919572241,0.0,0.0
2021-07-06,-0.00848961418164329,0.0,0.0
2021-07-07,0.0063810050955026565,0.0,0.0
2021-07-08,-0.021299369273609647,0.0,0.0
2021-07-09,0.019147466834382953,0.0,0.0
2021-07-12,0.006216626076485987,0.0,0.0
2021-07-13,0.0002883132802322663,0.0,0.0
2021-07-14,0.0012064645128069262,0.0,0.0
2021-07-15,-0.010515942778844933,0.0,0.0
2021-07-16,-0.005083306485060168,0.0,0.0
2021-07-19,-0.026572373974578123,0.0,0.0
2021-07-20,0.007078998604149067,0.0,0.0
2021-07-21,0.017779018534147983,0.0,0.0
2021-07-22,0.008038909905191183,0.0,0.0
2021-07-23,0.012330483296842942,0.0,0.0
2021-07-26,-0.0015843502838890355,0.0,0.0
2021-07-27,-0.009203885122107458,0.0,0.0
2021-07-28,0.00939761473347267,0.0,0.0
2021-07-29,0.003348802005949114,0.0,0.0
2021-07-30,-0.0066726998527483206,0.0,0.0
2021-08-02,0.006680866660103479,0.0,0.0
2021-08-03,0.00032309955427911596,0.0,0.0
2021-08-04,0.006544447055704339,0.0,0.0
2021-08-05,0.0039036348675394184,-0.0009992504996877687,1.0
2021-08-06,0.0032347276872319863,0.003234727687231927,1.0
2021-08-09,0.0006251858304935354,0.0006251858304936765,1.0
2021-08-10,0.0025543545538102563,0.0025543545538102954,1.0
2021-08-11,0.004420021558521281,0.004420021558521313,1.0
2021-08-12,0.004754738603137687,0.004754738603137618,1.0
2021-08-13,0.0007974098390808315,0.0007974098390808002,1.0
2021-08-16,-0.0064449612614295715,-0.0064449612614294795,1.0
2021-08-17,-0.0014372695735608287,-0.001437269573560913,1.0
2021-08-18,-0.0016633258581603139,-0.001663325858160308,1.0
2021-08-19,-0.01544604316211362,-0.015446043162113688,1.0
2021-08-20,0.005525246448436327,0.005525246448436347,1.0
2021-08-23,0.006972856389391158,0.006972856389391242,1.0
2021-08-24,0.0003975070230137767,0.00039750702301386204,1.0
2021-08-25,0.000727616274857068,0.0007276162748570639,1.0
2021-08-26,-0.002690666540230202,-0.002690666540230218,1.0
2021-08-27,0.005062475014326884,0.0050624750143267935,1.0
2021-08-30,0.0018658700960616503,0.0018658700960617121,1.0
2021-08-31,-0.0005691265477416607,-0.000569126547741648,1.0
2021-09-01,0.007353872031619302,0.00735387203161933,1.0
2021-09-02,0.0011425998582261787,0.0011425998582261356,1.0
2021-09-03,-0.0071170616224744965,-0.007117061622474492,1.0
2021-09-06,0.010506928293081641,0.010506928293081676,1.0
2021-09-07,-0.0049739687127777765,-0.004973968712777791,1.0
2021-09-08,-0.011327752108561184,-0.011327752108561023,1.0
2021-09-09,-9.585258713751266e-06,-9.585258713717052e-06,1.0
2021-09-10,-0.001618287726741774,-0.0016182877267417759,1.0
2021-09-13,0.004599059323767252,0.00459905932376726,1.0
2021-09-14,0.0005108298134870459,0.0005108298134871738,1.0
2021-09-15,-0.010909728418762143,-0.010909728418762178,1.0
2021-09-16,0.00577195427802879,0.0057719542780288085,1.0
2021-09-17,-0.009360069340439092,-0.009360069340439162,1.0
2021-09-20,-0.02111192015092267,-0.02111192015092268,1.0
2021-09-21,0.013324632662726321,0.01332463266272637,1.0
2021-09-22,0.012856632148432467,0.012856632148432398,1.0
2021-09-23,0.010777815256714174,0.01077781525671412,1.0
2021-09-24,-0.008679583145350223,-0.008679583145350157,1.0
2021-09-27,0.0016761328544583343,0.001676132854458439,1.0
2021-09-28,-0.02560567152152593,-0.025605671521526017,1.0
2021-09-29,0.00527244420381523,0.005272444203815125,1.0
2021-09-30,-0.007876999967868503,-0.008868874937150583,0.0
2021-10-01,-0.003157059408467666,0.0,0.0
2021-10-04,-0.009637483272165626,0.0,0.0
2021-10-05,0.017270505541014503,0.0,0.0
2021-10-06,-0.012982643947715311,-0.0009992504996876122,1.0
2021-10-07,0.02135495084088923,0.021354950840889245,1.0
2021-10-08,-0.006112183382181224,-0.0061121833821811454,1.0
2021-10-11,-0.000189041174054827,-0.0001890411740549012,1.0
2021-10-12,-0.0042798885105618245,-0.004279888510561754,1.0
2021-10-13,0.006951742327607313,0.006951742327607289,1.0
2021-10-14,0.01610960522543503,0.01610960522543493,1.0
2021-10-15,0.008158497871376458,0.00815849787137631,1.0
2021-10-18,-0.00753309364275212,-0.007533093642752019,1.0
2021-10-19,0.0037168608527784475,0.0037168608527785264,1.0
2021-10-20,0.001281512240691729,0.0012815122406917756,1.0
2021-10-21,-0.003940381555423755,-0.0039403815554237874,1.0
2021-10-22,0.007960112490578375,0.007960112490578364,1.0
2021-10-25,-0.0001193656415559019,-0.00011936564155600783,1.0
2021-10-26,0.008514211161809948,0.008514211161810049,1.0
2021-10-27,-0.000731617855729727,-0.0007316178557297265,1.0
2021-10-28,0.003077612899598625,0.003077612899598593,1.0
2021-10-29,0.0039420060002541835,0.003942006000254254,1.0
2021-11-01,0.007036756530360622,0.007036756530360656,1.0
2021-11-02,0.003679502299860138,0.0036795022998600156,1.0
2021-11-03,0.003116611292698135,0.0031166112926981383,1.0
2021-11-04,0.005506294356464769,0.005506294356464764,1.0
2021-11-05,0.0068538809286644575,0.006853880928664403,1.0
2021-11-08,-0.0024089290522550932,-0.002408929052255058,1.0
2021-11-09,-0.0018150139651408326,-0.0018150139651409035,1.0
2021-11-10,0.0009643954765456986,0.0009643954765457775,1.0
2021-11-11,0.0021109579500455666,0.002110957950045472,1.0
2021-11-12,0.0028292974128041326,0.0028292974128041296,1.0
2021-11-15,0.0036289852248538867,0.003628985224853765,1.0
2021-11-16,0.0034882878245452442,0.0034882878245452516,1.0
2021-11-17,-0.00015453306608248507,-0.0001545330660825137,1.0
2021-11-18,-0.003887889514303966,-0.0038878895143039014,1.0
2021-11-19,-0.006211642962688724,-0.006211642962688737,1.0
2021-11-22,-0.004081348559877074,-0.004081348559877076,1.0
2021-11-23,-0.012646701637710422,-0.012646701637710448,1.0
2021-11-24,-0.0017670734366449503,-0.0017670734366449408,1.0
2021-11-25,0.003973162087109072,0.003973162087109022,1.0
2021-11-26,-0.047437400455567214,-0.04743740045556715,1.0
2021-11-29,0.004873284571832448,0.004873284571832442,1.0
2021-11-30,-0.011302980082877556,-0.01130298008287743,1.0
2021-12-01,0.028572022582944445,0.028572022582944362,1.0
2021-12-02,-0.017020179815184222,-0.017020179815184153,1.0
2021-12-03,-0.006784318736275274,-0.0067843187362753845,1.0
2021-12-06,0.013960261828807052,0.013960261828806978,1.0
2021-12-07,0.03362016882020469,0.033620168820204896,1.0
2021-12-08,-0.010081462418377152,-0.010081462418377228,1.0
2021-12-09,-0.005856251574509197,-0.005856251574509238,1.0
2021-12-10,-0.0021718149518054064,-0.0021718149518053617,1.0
2021-12-13,-0.0038388907752201495,-0.003838890775220063,1.0
2021-12-14,-0.009211069719078147,-0.009211069719078226,1.0
2021-12-15,0.003660362989629018,0.0036603629896290357,1.0
2021-12-16,0.01014259260889605,0.010142592608895981,1.0
2021-12-17,-0.009643329851035887,-0.009643329851035873,1.0
2021-12-20,-0.013029476869607204,-0.01302947686960728,1.0
2021-12-21,0.016522572574702687,0.015506304132771207,0.0
2021-12-22,0.010076628173250723,-0.000999250499687731,1.0
2021-12-23,0.011571996606511092,0.01157199660651099,1.0
2021-12-27,0.005185382993450061,0.005185382993450066,1.0
2021-12-28,0.005585426103104529,0.004580092073357989,0.0
2021-12-29,-0.006284911061051668,0.0,0.0
2021-12-30,0.004956963451639318,0.0,0.0
2022-01-03,0.005979930900138486,0.0,0.0
2022-01-04,0.008264492620075004,0.0,0.0
2022-01-05,0.005616281750264962,0.0,0.0
2022-01-06,-0.015331863722152561,0.0,0.0
2022-01-07,-0.004388627526204392,0.0,0.0
2022-01-10,-0.015400063957615617,0.0,0.0
2022-01-11,0.009911503976314684,0.0,0.0
2022-01-12,0.008139617366250462,0.0,0.0
2022-01-13,-0.00011357508461284915,0.0,0.0
2022-01-14,-0.010127658640498916,0.0,0.0
2022-01-17,0.007010501808971892,0.0,0.0
2022-01-18,-0.010301922087968762,0.0,0.0
2022-01-19,0.0024566471502629472,0.0,0.0
2022-01-20,0.00734021191252654,0.0,0.0
2022-01-21,-0.01629213042925748,0.0,0.0
2022-01-24,-0.041422736347223266,0.0,0.0
2022-01-25,0.005894864222839802,0.0,0.0
2022-01-26,0.02117081492692452,0.0,0.0
2022-01-27,0.004891254072381113,0.0,0.0
2022-01-28,-0.011483966701431925,-0.000999250499687715,1.0
2022-01-31,0.009110650215429228,0.008101791842876205,0.0
2022-02-01,0.011941286947278362,0.0,0.0
2022-02-02,-0.00056821373528404,-0.0009992504996874881,1.0
2022-02-03,-0.019192048626780145,-0.019192048626780162,1.0
2022-02-04,-0.013146505244959528,-0.013146505244959552,1.0
2022-02-07,0.00831501642428134,0.007306953486611325,0.0
2022-02-08,0.0021089223995476303,-0.0009992504996876013,1.0
2022-02-09,0.018124318883574464,0.018124318883574502,1.0
2022-02-10,-0.0016698072096832384,-0.0016698072096831807,1.0
2022-02-11,-0.00996882241714625,-0.009968822417146257,1.0
2022-02-14,-0.02184717325480845,-0.02184717325480855,1.0
2022-02-15,0.019500796102255524,0.018481550181352367,0.0
2022-02-16,-0.0015661680365972597,-0.0009992504996875354,1.0
2022-02-17,-0.005808313841086599,-0.0058083138410865215,1.0
2022-02-18,-0.009459789765038695,-0.009459789765038683,1.0
2022-02-21,-0.021738826914815657,-0.02173882691481572,1.0
2022-02-22,-6.021266894151722e-05,-6.021266894166852e-05,1.0
2022-02-23,-0.003026006639719414,-0.004022731389581154,0.0
2022-02-24,-0.03627108107010424,-0.0009992504996877017,1.0
2022-02-25,0.03692587944536263,0.035889212797387264,0.0
2022-02-28,-0.011700727486429141,0.0,0.0
2022-03-01,-0.04035948035685244,0.0,0.0
2022-03-02,0.014535891980523408,0.0,0.0
2022-03-03,-0.020627718959837837,0.0,0.0
2022-03-04,-0.04964749880450836,0.0,0.0
2022-03-07,-0.012314374521512184,0.0,0.0
2022-03-08,-0.0019730915769600177,0.0,0.0
2022-03-09,0.07438185644075346,0.0,0.0
2022-03-10,-0.03043800254874718,0.0,0.0
2022-03-11,0.00969223713706513,0.0,0.0
2022-03-14,0.014733742704398534,0.0,0.0
2022-03-15,-0.0007992275417191275,0.0,0.0
2022-03-16,0.04054985798396338,0.0,0.0
2022-03-17,-0.001123450226805267,0.0,0.0
2022-03-18,0.004406296713182822,0.0,0.0
2022-03-21,-0.005288971230313799,0.0,0.0
2022-03-22,0.011417401154589335,0.0,0.0
2022-03-23,-0.014492716673461303,0.0,0.0
2022-03-24,-0.001506783839932635,0.0,0.0
2022-03-25,0.0011233885295818258,0.0,0.0
2022-03-28,0.005008135853669993,0.0,0.0
2022-03-29,0.02960557513138462,0.0,0.0
2022-03-30,-0.010754148938240338,0.0,0.0
2022-03-31,-0.014301053911486061,0.0,0.0
2022-04-01,0.004140891533803259,0.0,0.0
2022-04-04,0.008278345287897393,0.0,0.0
2022-04-05,-0.008420401947924705,0.0,0.0
2022-04-06,-0.023778387107186827,0.0,0.0
2022-04-07,-0.00592987457495342,0.0,0.0
2022-04-08,0.014823766186073062,0.0,0.0
2022-04-11,-0.004859564901893765,0.0,0.0
2022-04-12,-0.0021226439688374343,-0.0009992504996875254,1.0
2022-04-13,-0.0009161000327456703,-0.0009161000327457232,1.0
2022-04-14,0.005412797133345748,0.005412797133345852,1.0
2022-04-19,-0.004656121629568966,-0.0046561216295689985,1.0
2022-04-20,0.01724202212087045,0.017242022120870528,1.0
2022-04-21,0.008011673710981881,0.008011673710981732,1.0
2022-04-22,-0.022408183968747775,-0.02240818396874769,1.0
2022-04-25,-0.02146346537258914,-0.021463465372589096,1.0
2022-04-26,-0.009641812869771615,-0.009641812869771628,1.0
2022-04-27,0.0035685299925058978,0.003568529992505912,1.0
2022-04-28,0.011347848299202212,0.011347848299202106,1.0
2022-04-29,0.006841395533252248,0.006841395533252167,1.0
2022-05-02,-0.018517685117627414,-0.018517685117627403,1.0
2022-05-03,0.007702736132752852,0.007702736132752952,1.0
2022-05-04,-0.009624600654531301,-0.009624600654531306,1.0
2022-05-05,-0.007613472115690301,-0.007613472115690256,1.0
2022-05-06,-0.018249043879441484,-0.018249043879441557,1.0
2022-05-09,-0.028190968363439706,-0.028190968363439713,1.0
2022-05-10,0.007922044128558792,0.007922044128558962,1.0
2022-05-11,0.02618151993951301,0.02618151993951288,1.0
2022-05-12,-0.009441176478461988,-0.009441176478462106,1.0
2022-05-13,0.024904313059009864,0.024904313059010037,1.0
2022-05-16,-0.004881929234538784,-0.004881929234538851,1.0
2022-05-17,0.015241448695485271,0.015241448695485178,1.0
2022-05-18,-0.013569392945291137,-0.013569392945291183,1.0
2022-05-19,-0.015555122349794503,-0.015555122349794486,1.0
2022-05-20,0.006522928184962806,0.006522928184962912,1.0
2022-05-23,0.01404414589702574,0.014044145897025948,1.0
2022-05-24,-0.016403300555348332,-0.016403300555348343,1.0
2022-05-25,0.008098575098963279,0.008098575098963175,1.0
2022-05-27,0.035832587165524066,0.034797013536505404,0.0
2022-05-30,0.008601001045375645,0.0,0.0
2022-05-31,-0.013642722250311934,0.0,0.0
2022-06-01,-0.007830107642718076,-0.0009992504996875267,1.0
2022-06-02,0.009466542018495172,0.00946654201849517,1.0
2022-06-03,-0.003022286735184121,-0.003022286735184049,1.0
2022-06-07,0.006099934629730797,0.006099934629730784,1.0
2022-06-08,-0.004678559250024694,-0.004678559250024805,1.0
2022-06-09,-0.01701799231764356,-0.01701799231764351,1.0
2022-06-10,-0.033629126889083594,-0.03362912688908349,1.0
2022-06-13,-0.026867068371789204,-0.02686706837178918,1.0
2022-06-14,-0.007800162272483924,-0.007800162272484015,1.0
2022-06-15,0.016442353444350744,0.01644235344435085,1.0
2022-06-16,-0.02955852081051491,-0.029558520810514907,1.0
2022-06-17,0.0030776913917300863,0.0030776913917299475,1.0
2022-06-20,0.009123304486275519,0.009123304486275647,1.0
2022-06-21,0.006965736457060334,0.006965736457060288,1.0
2022-06-22,-0.008403007275865737,-0.008403007275865744,1.0
2022-06-23,-0.00818262630305544,-0.008182626303055504,1.0
2022-06-24,0.028193162309119613,0.02819316230911973,1.0
2022-06-27,0.0016161014227331627,0.0016161014227330148,1.0
2022-06-28,0.002941652894340896,0.0019389619768598104,0.0
2022-06-29,-0.00985266639757676,0.0,0.0
2022-06-30,-0.016919335683974412,0.0,0.0
2022-07-01,-0.0018958940809365998,0.0,0.0
2022-07-04,0.0011918485320099315,0.0,0.0
2022-07-05,-0.026818824431911747,0.0,0.0
2022-07-06,0.018456293420716863,0.0,0.0
2022-07-07,0.01948072101477627,0.0,0.0
2022-07-08,0.005174157611616659,0.0,0.0
2022-07-11,-0.009941425884830934,0.0,0.0
2022-07-12,0.004424389182535515,0.0,0.0
2022-07-13,-0.009486550999208365,0.0,0.0
2022-07-14,-0.01660693745683417,0.0,0.0
2022-07-15,0.02372655123821965,0.0,0.0
2022-07-18,0.009967835251555979,0.0,0.0
2022-07-19,0.02152131112074951,0.0,0.0
2022-07-20,-0.0006132370737369497,0.0,0.0
2022-07-21,0.0031434491308663937,0.0,0.0
2022-07-22,-5.566377181076554e-06,0.0,0.0
2022-07-25,0.002132613157780572,0.0,0.0
2022-07-26,-0.0079907122297036,0.0,0.0
2022-07-27,0.00906759624232012,0.0,0.0
2022-07-28,0.012312258927730912,-0.0009992504996876154,1.0
2022-07-29,0.015305883366664608,0.015305883366664556,1.0
2022-08-02,-0.006329444789957117,-0.006329444789957142,1.0
2022-08-03,0.01300270523058078,0.011989955776026587,0.0
2022-08-04,0.005910200121869602,0.0,0.0
2022-08-05,-0.007779844542261327,-0.0009992504996875025,1.0
2022-08-08,0.008544093113156626,0.008544093113156551,1.0
2022-08-09,-0.011138515669018245,-0.012127129937978149,0.0
2022-08-10,0.00914578612546757,0.0,0.0
2022-08-11,0.0020536762295653155,0.0,0.0
2022-08-12,0.0052594481065773024,0.0,0.0
2022-08-15,0.0033917667012672847,0.0,0.0
2022-08-16,0.004116468942328311,0.0,0.0
2022-08-17,-0.01291907235005163,0.0,0.0
2022-08-18,0.005676113769792046,0.0,0.0
2022-08-19,-0.012458321882650059,0.0,0.0
2022-08-22,-0.01932812636315151,0.0,0.0
2022-08-23,-0.0015581214955697753,0.0,0.0
2022-08-24,0.004090310614688342,0.0,0.0
2022-08-25,0.0019305127255404564,0.0,0.0
2022-08-26,-0.019284075467566275,0.0,0.0
2022-08-29,-0.00920445836040129,0.0,0.0
2022-08-30,-0.002405843385715367,0.0,0.0
2022-08-31,-0.012540967471128761,0.0,0.0
2022-09-01,-0.01721516776689891,0.0,0.0
2022-09-02,0.02536521331881869,0.0,0.0
2022-09-05,-0.015339742026673542,0.0,0.0
2022-09-06,0.002902536893634844,0.0,0.0
2022-09-07,0.0005571763907594729,0.0,0.0
2022-09-08,0.002938186815197863,0.0,0.0
2022-09-09,0.016416264235014744,0.0,0.0
2022-09-12,0.021419919627345685,0.0,0.0
2022-09-13,-0.01654460784789613,0.0,0.0
2022-09-14,-0.0051921190240883375,0.0,0.0
2022-09-15,-0.00722342976936674,0.0,0.0
2022-09-16,-0.011683393565610212,0.0,0.0
2022-09-19,-0.00026280404241163513,0.0,0.0
2022-09-20,-0.00925846407166897,0.0,0.0
2022-09-21,0.007147212408302739,0.0,0.0
2022-09-22,-0.018537409020674467,0.0,0.0
2022-09-23,-0.022917008754723467,0.0,0.0
2022-09-26,-0.0018037504886676547,0.0,0.0
2022-09-27,-0.004161527693193334,0.0,0.0
2022-09-28,0.001997850984476468,0.0,0.0
2022-09-29,-0.01686805053278262,0.0,0.0
2022-09-30,0.011942492815845807,0.0,0.0
2022-10-03,0.007223787311147367,0.0,0.0
2022-10-04,0.04258013862859267,0.0,0.0
2022-10-05,-0.010549640110338654,0.0,0.0
2022-10-06,-0.004138972901659321,0.0,0.0
2022-10-07,-0.016889714735635608,0.0,0.0
2022-10-10,-0.005504458159782066,0.0,0.0
2022-10-11,-0.004924151513696962,0.0,0.0
2022-10-12,-0.002640462257403331,0.0,0.0
2022-10-13,0.0092659747249495,0.0,0.0
2022-10-14,0.0057488932567260065,0.0,0.0
2022-10-17,0.017715758636965617,0.0,0.0
2022-10-18,0.006447561697180415,0.0,0.0
2022-10-19,0.0021392250607703556,0.0,0.0
2022-10-20,0.006225472016533118,0.0,0.0
2022-10-21,-0.004643833657400287,0.0,0.0
2022-10-24,0.014715445121990633,0.0,0.0
2022-10-25,0.016381371459923244,0.0,0.0
2022-10-26,0.005502590944522323,0.0,0.0
2022-10-27,-0.00022190846698966205,0.0,0.0
2022-10-28,0.002360933869671289,0.0,0.0
2022-10-31,0.0012510363924960188,-0.000999250499687621,1.0
2022-11-01,0.00925490253244754,0.009254902532447522,1.0
2022-11-02,-0.007945727388629753,-0.007945727388629793,1.0
2022-11-03,-0.007959690350735849,-0.007959690350735842,1.0
2022-11-04,0.026480763083002623,0.026480763083002748,1.0
2022-11-07,0.005549929173782386,0.005549929173782374,1.0
2022-11-08,0.008218286256327145,0.0082182862563272,1.0
2022-11-09,-0.003008600562637076,-0.0030086005626370834,1.0
2022-11-10,0.0317942796504862,0.03179427965048624,1.0
2022-11-11,0.005703782359314236,0.005703782359314351,1.0
2022-11-14,0.004914051897537908,0.004914051897537781,1.0
2022-11-15,0.007094535591089857,0.007094535591089809,1.0
2022-11-16,-0.008252698627213007,-0.008252698627213041,1.0
2022-11-17,-0.0011229344410387254,-0.0011229344410387523,1.0
2022-11-18,0.011968834461118183,0.01196883446111828,1.0
2022-11-21,-0.003964507660263128,-0.0039645076602631375,1.0
2022-11-22,0.005274596061767278,0.005274596061767334,1.0
2022-11-23,0.004208768536988927,0.004208768536988874,1.0
2022-11-24,0.003940272513708543,0.003940272513708653,1.0
2022-11-25,0.00010598761633295872,0.0001059876163330096,1.0
2022-11-28,-0.006788773231548362,-0.0067887732315484485,1.0
2022-11-29,-0.0002719008099889564,-0.000271900809988952,1.0
2022-11-30,0.007696147291055722,0.007696147291055669,1.0
2022-12-01,0.004989010432776553,0.004989010432776484,1.0
2022-12-02,-0.0016564431311958394,-0.001656443131195851,1.0
2022-12-05,-0.005372149518967029,-0.005372149518966998,1.0
2022-12-06,-0.004382650393710441,-0.004382650393710488,1.0
2022-12-07,-0.004643096508306632,-0.004643096508306661,1.0
2022-12-08,9.43959796777527e-05,9.439597967769345e-05,1.0
2022-12-09,0.0054446894883311,0.005444689488331222,1.0
2022-12-12,-0.005275691852088205,-0.005275691852088219,1.0
2022-12-13,0.016576489648292503,0.016576489648292583,1.0
2022-12-14,-0.0029020721055702525,-0.0029020721055703002,1.0
2022-12-15,-0.035107152299700295,-0.03510715229970029,1.0
2022-12-16,-0.008259230921059402,-0.008259230921059435,1.0
2022-12-19,0.001897984412819964,0.0018979844128198435,1.0
2022-12-20,-0.0022958407296366223,-0.002295840729636703,1.0
2022-12-21,0.01831955173801303,0.018319551738012967,1.0
2022-12-22,-0.012618277833633451,-0.012618277833633397,1.0
2022-12-23,-0.0016425720342198025,-0.0016425720342197064,1.0
2022-12-27,0.0041602937303995,0.004160293730399512,1.0
2022-12-28,-0.006279811028581328,-0.006279811028581381,1.0
2022-12-29,0.01083012567137831,0.010830125671378312,1.0
2022-12-30,-0.014662058136497791,-0.014662058136497673,1.0
2023-01-03,0.023373432008457762,0.02337343200845786,1.0
2023-01-04,0.023614910457015803,0.023614910457015765,1.0
2023-01-05,-0.0036462253970709346,-0.003646225397071024,1.0
2023-01-06,0.014736808354652187,0.014736808354652187,1.0
2023-01-09,0.012641161541157686,0.012641161541157636,1.0
2023-01-10,-0.002742983106939656,-0.0027429831069395393,1.0
2023-01-11,0.010425193370910302,0.010425193370910319,1.0
2023-01-12,0.006566338443039443,0.006566338443039479,1.0
2023-01-13,0.0058448020875967455,0.005844802087596644,1.0
2023-01-16,0.0014937350882349154,0.0014937350882348488,1.0
2023-01-17,0.0041688905761365636,0.004168890576136666,1.0
2023-01-18,2.3394472448146075e-06,2.3394472447730872e-06,1.0
2023-01-19,-0.019179036075127942,-0.019179036075127914,1.0
2023-01-20,0.006257479425821,0.0062574794258209564,1.0
2023-01-23,0.007505017745069509,0.007505017745069613,1.0
2023-01-24,0.0005300628323259282,0.0005300628323258972,1.0
2023-01-25,-0.0011823097955001582,-0.001182309795500117,1.0
2023-01-26,0.006236603667733265,0.006236603667733112,1.0
2023-01-27,0.000965453877380007,0.0009654538773800077,1.0
2023-01-30,-0.0046385441632880164,-0.004638544163288027,1.0
2023-01-31,0.0011591107253670074,0.001159110725367061,1.0
2023-02-01,0.001919020456338183,0.0019190204563382222,1.0
2023-02-02,0.016704106198340618,0.016704106198340687,1.0
2023-02-03,0.003975332651608765,0.003975332651608683,1.0
2023-02-06,-0.01233678537644678,-0.012336785376446736,1.0
2023-02-07,0.0009178240383282965,0.0009178240383282918,1.0
2023-02-08,-3.804809999041758e-05,-3.804809999049518e-05,1.0
2023-02-09,0.009738364117698906,0.009738364117698971,1.0
2023-02-10,-0.01228199391862883,-0.012281993918628938,1.0
2023-02-13,0.010343149849936895,0.01034314984993686,1.0
2023-02-14,-0.0006130339655353589,-0.0006130339655353245,1.0
2023-02-15,0.009738762213482799,0.009738762213482797,1.0
2023-02-16,0.004018699627928557,0.00401869962792859,1.0
2023-02-17,-0.005194103955709184,-0.0051941039557091995,1.0
2023-02-20,-0.0008748107946100481,-0.0008748107946101155,1.0
2023-02-21,-0.0048652298854845455,-0.004865229885484518,1.0
2023-02-22,-0.0017692498833117298,-0.0017692498833117958,1.0
2023-02-23,0.003601391945927901,0.0036013919459277994,1.0
2023-02-24,-0.018632538260637488,-0.018632538260637432,1.0
2023-02-27,0.01655729232575509,0.016557292325755008,1.0
2023-02-28,-0.0022669163546715776,-0.002266916354671548,1.0
2023-03-01,-0.005339276666602943,-0.005339276666602921,1.0
2023-03-02,0.005892152938385742,0.005892152938385796,1.0
2023-03-03,0.012783589768153858,0.012783589768153882,1.0
2023-03-06,0.004419293408748581,0.004419293408748514,1.0
2023-03-07,-0.008071766745851305,-0.008071766745851293,1.0
2023-03-08,0.0022178834253268054,0.0022178834253267525,1.0
2023-03-09,-0.0005433380402894983,-0.0005433380402894627,1.0
2023-03-10,-0.01320316054706927,-0.013203160547069255,1.0
2023-03-13,-0.031443151567458916,-0.0324114662766794,0.0
2023-03-14,0.020243955872631725,0.0,0.0
2023-03-15,-0.03458579330350697,0.0,0.0
2023-03-16,0.020337468941791892,0.0,0.0
2023-03-17,-0.01262818631157292,0.0,0.0
2023-03-20,0.013389930054289456,0.0,0.0
2023-03-21,0.015094400901219052,0.0,0.0
2023-03-22,0.0033719383314900764,0.0,0.0
2023-03-23,0.0027265869518109387,0.0,0.0
2023-03-24,-0.018188131853133283,0.0,0.0
2023-03-27,0.008231209609067092,0.0,0.0
2023-03-28,0.0008619858832223937,0.0,0.0
2023-03-29,0.015128810492925915,0.0,0.0
2023-03-30,0.012797553002714901,0.0,0.0
2023-03-31,0.006914114218131484,0.0,0.0
2023-04-03,-0.0009269881417486303,0.0,0.0
2023-04-04,0.0009904825331887857,0.0,0.0
2023-04-05,-0.003930174732893699,0.0,0.0
2023-04-06,0.0025801311160540408,0.0,0.0
2023-04-11,0.005531991940858516,0.0,0.0
2023-04-12,0.00017071234260379597,0.0,0.0
2023-04-13,0.006739789679986563,0.0,0.0
2023-04-14,0.006304893644926812,0.0,0.0
2023-04-17,-0.00527020138216705,0.0,0.0
2023-04-18,0.006030834450827305,0.0,0.0
2023-04-19,-8.656700163689468e-05,0.0,0.0
2023-04-20,-0.001982433712442222,0.0,0.0
2023-04-21,0.005411799055989208,0.0,0.0
2023-04-24,-0.0015401838917099564,0.0,0.0
2023-04-25,-0.005440889657395531,0.0,0.0
2023-04-26,-0.006884689070300931,0.0,0.0
2023-04-27,0.0023782275825432464,0.0,0.0
2023-04-28,0.00028917840840048115,0.0,0.0
2023-05-02,-0.014786734614214092,0.0,0.0
2023-05-03,0.0035694093568867657,0.0,0.0
2023-05-04,-0.005371095796663283,0.0,0.0
2023-05-05,0.012456267696085987,0.0,0.0
2023-05-08,0.0018937585054044082,0.0,0.0
2023-05-09,-0.005877699784471946,0.0,0.0
2023-05-10,-0.0037774089170524716,0.0,0.0
2023-05-11,0.0006943118580393648,0.0,0.0
2023-05-12,0.0018863931347525842,0.0,0.0
2023-05-15,-0.0003403815303779645,0.0,0.0
2023-05-16,-0.0002085970962921735,0.0,0.0
2023-05-17,0.0017889462110003418,0.0,0.0
2023-05-19,0.016670365570266465,0.0,0.0
2023-05-22,-0.0022000596784518267,0.0,0.0
2023-05-23,-0.00986175330697625,0.0,0.0
2023-05-24,-0.018109803969192595,0.0,0.0
2023-05-25,0.001383738694065828,0.0,0.0
2023-05-26,0.01589357910931599,0.0,0.0
2023-05-30,-0.010586725504322714,0.0,0.0
2023-05-31,-0.017135888815717926,0.0,0.0
2023-06-01,0.009381092605167618,0.0,0.0
2023-06-02,0.015480553260275531,0.0,0.0
2023-06-05,-0.007003502937297124,0.0,0.0
2023-06-06,0.000461185575616474,0.0,0.0
2023-06-07,-0.0007706376921748914,0.0,0.0
2023-06-08,0.001344394295590634,0.0,0.0
2023-06-09,-0.0018359059762551588,0.0,0.0
2023-06-12,0.006224126372006644,0.0,0.0
2023-06-13,0.007195561353331215,0.0,0.0
2023-06-14,0.006539355972551952,0.0,0.0
2023-06-15,-0.002481698574884006,0.0,0.0
2023-06-16,0.006803869363023685,0.0,0.0
2023-06-19,-0.0073814041766813165,0.0,0.0
2023-06-20,-0.004410378419713812,0.0,0.0
2023-06-21,-0.004694791343793692,0.0,0.0
2023-06-22,-0.004228739842981888,0.0,0.0
2023-06-23,-0.007634006026846829,0.0,0.0
2023-06-26,0.0020975606912325695,0.0,0.0
2023-06-27,0.005767909979311314,0.0,0.0
2023-06-28,0.009172555554093798,0.0,0.0
2023-06-29,0.0022878051455779147,0.0,0.0
2023-06-30,0.010195881438441079,0.0,0.0
2023-07-03,-0.00021366724473370624,0.0,0.0
2023-07-04,-0.001627881752037319,0.0,0.0
2023-07-05,-0.009173391715190937,0.0,0.0
2023-07-06,-0.029333170524656227,0.0,0.0
2023-07-07,0.0031991395888117946,0.0,0.0
2023-07-10,0.004699444722140456,0.0,0.0
2023-07-11,0.007059843539284794,0.0,0.0
2023-07-12,0.01723990830260136,0.0,0.0
2023-07-13,0.00717809702827088,-0.000999250499687514,1.0
2023-07-14,0.001901310204079909,0.001901310204079731,1.0
2023-07-17,-0.009845168771864587,-0.00984516877186456,1.0
2023-07-18,0.0029700631176237113,0.002970063117623748,1.0
2023-07-19,-0.0017049555340490352,-0.0017049555340490701,1.0
2023-07-20,0.0026248191029520918,0.0026248191029521186,1.0
2023-07-21,0.0040423564921021615,0.0040423564921023055,1.0
2023-07-24,-0.0019083553563820077,-0.0019083553563820042,1.0
2023-07-25,0.001886827134795599,0.0018868271347956117,1.0
2023-07-26,-0.010281671566936712,-0.010281671566936657,1.0
2023-07-27,0.023305693852823106,0.023305693852822988,1.0
2023-07-28,0.004285624729026383,0.0042856247290262274,1.0
2023-07-31,0.0010769189731894002,0.0010769189731892777,1.0
2023-08-02,-0.030150013492052152,-0.030150013492052027,1.0
2023-08-03,-0.007349271806180058,-0.007349271806180098,1.0
2023-08-04,0.006569734032284114,0.006569734032283885,1.0
2023-08-07,0.0010592981586241557,0.0010592981586243662,1.0
2023-08-08,-0.011216115814121075,-0.011216115814121097,1.0
2023-08-09,0.006640470014168454,0.006640470014168492,1.0
2023-08-10,0.01545167029861938,0.01545167029861933,1.0
2023-08-11,-0.01430414877116637,-0.014304148771166291,1.0
2023-08-14,0.0020595284745319464,0.002059528474531946,1.0
2023-08-15,-0.009620772207921013,-0.009620772207921005,1.0
2023-08-16,-0.0010026197225979638,-0.0010026197225978133,1.0
2023-08-17,-0.013173759158258025,-0.01317375915825812,1.0
2023-08-18,-0.0035195082435998115,-0.0035195082435997404,1.0
2023-08-21,0.0028293526679386005,0.0028293526679386647,1.0
2023-08-22,0.008402625173157263,0.008402625173157352,1.0
2023-08-23,0.0014786989191584166,0.0014786989191584183,1.0
2023-08-24,-0.008074143925366317,-0.008074143925366317,1.0
2023-08-25,0.0009521681178394914,0.0009521681178395962,1.0
2023-08-28,0.013559148163174939,0.012545842404799022,0.0
2023-08-29,0.0076345227263345805,0.0,0.0
2023-08-30,-0.002579506085979899,-0.0009992504996876085,1.0
2023-08-31,-0.004217586932428019,-0.004217586932427961,1.0
2023-09-01,-0.003367315945571603,-0.003367315945571576,1.0
2023-09-04,-0.0006468018425130895,-0.0016459052023709176,0.0
2023-09-05,-0.002502403260905006,0.0,0.0
2023-09-06,-0.0072380490527539365,0.0,0.0
2023-09-07,-0.004067647347521075,0.0,0.0
2023-09-08,0.003830809093579246,0.0,0.0
2023-09-11,0.0040451660076068485,0.0,0.0
2023-09-12,-0.002834772660391449,0.0,0.0
2023-09-13,-0.004429241650340865,0.0,0.0
2023-09-14,0.0133231410570116,0.0,0.0
2023-09-15,0.003574929537356164,0.0,0.0
2023-09-18,-0.011448044635323451,0.0,0.0
2023-09-19,-0.0007488877659661552,0.0,0.0
2023-09-20,0.007844010565021486,0.0,0.0
2023-09-21,-0.014824703812528317,0.0,0.0
2023-09-22,-0.0012889190976083098,0.0,0.0
2023-09-25,-0.009457695353809914,0.0,0.0
2023-09-26,-0.009164038790013707,0.0,0.0
2023-09-27,0.0006054470605723061,0.0,0.0
2023-09-28,0.007231896357236867,0.0,0.0
2023-09-29,0.0031478814367218444,0.0,0.0
2023-10-02,-0.008870248607437126,0.0,0.0
2023-10-03,-0.010160356559803962,0.0,0.0
2023-10-04,0.0010401455404973614,0.0,0.0
2023-10-05,-9.76598205937318e-06,0.0,0.0
2023-10-06,0.010883459611493507,0.0,0.0
2023-10-09,-0.007687510758096927,0.0,0.0
2023-10-10,0.022530962442103286,0.0,0.0
2023-10-11,-0.0010534919140751109,0.0,0.0
2023-10-12,-0.0006117464145476426,0.0,0.0
2023-10-13,-0.014794297494468145,-0.0009992504996876668,1.0
2023-10-16,0.003321892426831452,0.002318821364877674,0.0
2023-10-17,0.0005927816886701631,0.0,0.0
2023-10-18,-0.011188916775273006,0.0,0.0
2023-10-19,-0.003782346615171406,0.0,0.0
2023-10-20,-0.01605008525729268,0.0,0.0
2023-10-23,0.004241348044890847,0.0,0.0
2023-10-24,0.005844032210676087,0.0,0.0
2023-10-25,0.001962916103262602,0.0,0.0
2023-10-26,-0.005879729151265556,0.0,0.0
2023-10-27,-0.008653083362202496,0.0,0.0
2023-10-30,0.0034775058948224302,0.0,0.0
2023-10-31,0.008142364129840152,0.0,0.0
2023-11-01,0.007532366161871806,0.0,0.0
2023-11-02,0.019040977242714696,0.0,0.0
2023-11-03,0.0012110946670380596,0.0,0.0
2023-11-06,-0.0038397730733763513,0.0,0.0
2023-11-07,-0.0012672458683593568,-0.0009992504996875994,1.0
2023-11-08,0.0060481287433420405,0.006048128743342198,1.0
2023-11-09,0.012135952962227137,0.012135952962226977,1.0
2023-11-10,-0.007528688773480341,-0.007528688773480303,1.0
2023-11-13,0.00829809195768405,0.008298091957684113,1.0
2023-11-14,0.01406606845668179,0.014066068456681664,1.0
2023-11-15,0.005547791822530623,0.005547791822530699,1.0
2023-11-16,-0.0030308190407440927,-0.003030819040744138,1.0
2023-11-17,0.008906511982520904,0.007897857697166388,0.0
2023-11-20,0.00037784464769385906,0.0,0.0
2023-11-21,-0.0024203733705630004,0.0,0.0
2023-11-22,0.004644640375142117,-0.000999250499687514,1.0
2023-11-23,0.002136893820746222,0.0021368938207461147,1.0
2023-11-24,0.0024717915383403177,0.0024717915383404756,1.0
2023-11-27,-0.004046097072602062,-0.004046097072602089,1.0
2023-11-28,-0.0014675091434779297,-0.001467509143477955,1.0
2023-11-29,0.0051770151756169724,0.005177015175617117,1.0
2023-11-30,0.002732032562288822,0.002732032562288831,1.0
2023-12-01,0.00822357004485319,0.008223570044853051,1.0
2023-12-04,-0.0008056042650833595,-0.0008056042650833186,1.0
2023-12-05,0.008566308235799402,0.008566308235799397,1.0
2023-12-06,0.0068473660126195934,0.006847366012619731,1.0
2023-12-07,-0.002116706724538231,-0.0021167067245382635,1.0
2023-12-08,0.01107344339253502,0.011073443392535067,1.0
2023-12-11,0.0037317545323762857,0.0037317545323761908,1.0
2023-12-12,-0.0007885304736592325,-0.0007885304736591385,1.0
2023-12-13,-0.001415136427525332,-0.0014151364275253582,1.0
2023-12-14,0.0019800968523993046,0.0019800968523994264,1.0
2023-12-15,0.0022646887975732444,0.0022646887975731026,1.0
2023-12-18,-0.0062227568576274095,-0.0062227568576273635,1.0
2023-12-19,0.003156294975178442,0.0031562949751784307,1.0
2023-12-20,-0.0003483878288623732,-0.0003483878288624035,1.0
2023-12-21,-0.001976249891898596,-0.00197624989189857,1.0
2023-12-22,-0.0007491167770755647,-0.0007491167770756419,1.0
2023-12-27,0.0015281905310502442,0.0015281905310503402,1.0
2023-12-28,-0.0030916134163427866,-0.0030916134163429094,1.0
2023-12-29,0.0016104137710981625,0.0016104137710981966,1.0
2024-01-03,-0.01625955594066264,-0.01625955594066255,1.0
2024-01-04,0.005818149086091129,0.005818149086091105,1.0
2024-01-05,-0.0023468880378121337,-0.0023468880378121493,1.0
2024-01-08,0.004922183662047663,0.004922183662047699,1.0
2024-01-09,-0.004082073417667198,-0.004082073417667208,1.0
2024-01-10,0.00040519134606609164,0.0004051913460659454,1.0
2024-01-11,-0.005974561405329815,-0.005974561405329746,1.0
2024-01-12,0.008495690546351353,0.008495690546351398,1.0
2024-01-15,-0.005656189847261239,-0.005656189847261323,1.0
2024-01-16,-0.0018341182383125876,-0.0018341182383126058,1.0
2024-01-17,-0.009767140923819695,-0.009767140923819624,1.0
2024-01-18,0.011348811667258873,0.01134881166725874,1.0
2024-01-19,-0.0009476037205013998,-0.0009476037205013299,1.0
2024-01-22,0.007078208324607704,0.007078208324607811,1.0
2024-01-23,-0.0032162141396373523,-0.0032162141396374685,1.0
2024-01-24,0.021988733224697965,0.02198873322469797,1.0
2024-01-25,0.003976657636961756,0.0039766576369617695,1.0
2024-01-26,0.011612272533722656,0.011612272533722693,1.0
2024-01-29,0.0008391054752212579,0.0008391054752211578,1.0
2024-01-30,0.0050309380429787165,0.005030938042978736,1.0
2024-01-31,-0.0030669552769286845,-0.003066955276928684,1.0
2024-02-01,-0.0021082103290120946,-0.0021082103290121375,1.0
2024-02-02,0.0034384742584965267,0.0034384742584964143,1.0
2024-02-05,0.0001547335132228156,0.0001547335132229107,1.0
2024-02-06,0.007647268043935007,0.007647268043934969,1.0
2024-02-07,-0.00256242855397093,-0.00256242855397085,1.0
2024-02-08,0.006824259558132484,0.006824259558132506,1.0
2024-02-09,0.0010805710017032233,0.001080571001703246,1.0
2024-02-12,0.006463278188613142,0.0064632781886130785,1.0
2024-02-13,-0.012024041911316563,-0.012024041911316471,1.0
2024-02-14,0.004252343771557587,0.004252343771557554,1.0
2024-02-15,0.007209199290413082,0.0072091992904129865,1.0
2024-02-16,0.004739442364287694,0.00473944236428774,1.0
2024-02-19,-0.0005413906136351176,-0.0005413906136350946,1.0
2024-02-20,-0.0005857648880798205,-0.0005857648880799021,1.0
2024-02-21,0.0031574348811109765,0.003157434881111019,1.0
2024-02-22,0.016763268500951112,0.016763268500951185,1.0
2024-02-23,0.0035445284020347856,0.0035445284020348077,1.0
2024-02-26,-0.0016992645472407863,-0.0016992645472406922,1.0
2024-02-27,0.004409727861670376,0.004409727861670369,1.0
2024-02-28,-0.000403258206379431,-0.0004032582063794198,1.0
2024-02-29,-0.0012285590795645396,-0.0012285590795645034,1.0
2024-03-01,0.003503618186501134,0.0035036181865011583,1.0
2024-03-04,0.0036895966581653727,0.003689596658165311,1.0
2024-03-05,-0.004040386973918841,-0.004040386973918711,1.0
2024-03-06,0.004582074436231709,0.004582074436231761,1.0
2024-03-07,0.011947939608961011,0.011947939608960952,1.0
2024-03-08,-0.0026356596604583116,-0.002635659660458302,1.0
2024-03-11,-0.006186103967057099,-0.006186103967057036,1.0
2024-03-12,0.010705025996533779,0.010705025996533814,1.0
2024-03-13,0.00348161998213925,0.0034816199821391886,1.0
2024-03-14,-0.0014857741228845311,-0.001485774122884525,1.0
2024-03-15,-0.0014219761370870554,-0.0014219761370871256,1.0
2024-03-18,-0.0006538790244481341,-0.0006538790244480402,1.0
2024-03-19,0.005049441962579504,0.005049441962579511,1.0
2024-03-20,-0.001519565687943536,-0.0015195656879434568,1.0
2024-03-21,0.010399355118115183,0.010399355118115206,1.0
2024-03-22,-0.004188214104953292,-0.004188214104953363,1.0
2024-03-25,0.002591860571760307,0.0025918605717601744,1.0
2024-03-26,0.003963021735344574,0.0039630217353447406,1.0
2024-03-27,0.0034675027317805363,0.0034675027317803975,1.0
2024-03-28,0.00033053391604664917,0.00033053391604677266,1.0
2024-04-02,-0.008148042560238156,-0.008148042560238173,1.0
2024-04-03,0.005404601348671267,0.0054046013486711685,1.0
2024-04-04,0.0002978282043695213,0.00029782820436940945,1.0
2024-04-05,-0.011045635804853848,-0.011045635804853828,1.0
2024-04-08,0.006241548369809058,0.006241548369809066,1.0
2024-04-09,-0.010929321841516293,-0.010929321841516328,1.0
2024-04-10,0.0019896563697032743,0.0019896563697033584,1.0
2024-04-11,-0.006828846773484831,-0.006828846773484792,1.0
2024-04-12,-0.0023497406201344884,-0.0023497406201345885,1.0
2024-04-15,0.005947559386905166,0.005947559386905291,1.0
2024-04-16,-0.013539977361370248,-0.01452619076900321,0.0
2024-04-17,-0.0005817281357410886,0.0,0.0
2024-04-18,0.004566411947054094,0.0,0.0
2024-04-19,-0.0037434860898932776,0.0,0.0
2024-04-22,0.0038145407063050474,0.0,0.0
2024-04-23,0.014446422882600451,0.0,0.0
2024-04-24,-0.0036520404354914993,0.0,0.0
2024-04-25,-0.010194657663548323,0.0,0.0
2024-04-26,0.01373561407053936,0.0,0.0
2024-04-29,-0.005145002027983292,0.0,0.0
2024-04-30,-0.01201938346512077,0.0,0.0
2024-05-02,-0.006220073523670155,0.0,0.0
2024-05-03,0.006312120175292035,0.0,0.0
2024-05-06,0.007209209548663109,0.0,0.0
2024-05-07,0.011930727136146846,0.0,0.0
2024-05-08,0.004399797410155726,0.0,0.0
2024-05-10,0.009310951591037675,0.0,0.0
2024-05-13,-0.0012035439154296501,0.0,0.0
2024-05-14,0.0002618800178046943,0.0,0.0
2024-05-15,0.004056828079259223,0.0,0.0
2024-05-16,-0.005577389789236609,0.0,0.0
2024-05-17,-0.0016382730778568,0.0,0.0
2024-05-21,-0.00338653786837384,0.0,0.0
2024-05-22,-0.004323430695661323,0.0,0.0
2024-05-23,0.002473583177185823,0.0,0.0
2024-05-24,-0.0004347191844920051,0.0,0.0
2024-05-27,0.004724548412996965,0.0,0.0
2024-05-28,-0.005702501688504169,0.0,0.0
2024-05-29,-0.013348952068969688,0.0,0.0
2024-05-30,0.0038241416267423833,0.0,0.0
2024-05-31,0.0002990148973318618,0.0,0.0
2024-06-03,0.003987045189386196,0.0,0.0
2024-06-04,-0.010026885261899543,0.0,0.0
2024-06-05,0.016612939698764873,0.0,0.0
2024-06-06,0.006638590862512617,0.0,0.0
2024-06-07,-0.0035074906352610125,0.0,0.0
2024-06-10,-0.006895256422785545,0.0,0.0
2024-06-11,-0.010244262295241557,0.0,0.0
2024-06-12,0.01396557448371949,0.0,0.0
2024-06-13,-0.019650719610168732,0.0,0.0
2024-06-14,-0.01952383006407654,0.0,0.0
2024-06-17,0.008530396721315059,0.0,0.0
2024-06-18,0.007181819091354846,0.0,0.0
2024-06-19,-0.006107252860691803,0.0,0.0
2024-06-20,0.012748013523094848,0.0,0.0
2024-06-21,-0.008171459627111632,0.0,0.0
2024-06-24,0.00890106117819145,0.0,0.0
2024-06-25,-0.0030316756852607485,0.0,0.0
2024-06-26,-0.004058021536933909,0.0,0.0
2024-06-27,-0.002713589651012649,0.0,0.0
2024-06-28,-0.001750107688591962,0.0,0.0
2024-07-01,0.0073498299353493834,0.0,0.0
2024-07-02,-0.004799229841273567,0.0,0.0
2024-07-03,0.012121020317741538,0.0,0.0
2024-07-04,0.004365898069588869,0.0,0.0
2024-07-05,-0.0016220303202579833,0.0,0.0
2024-07-08,-0.0019199255995734354,0.0,0.0
2024-07-09,-0.01332237921552426,0.0,0.0
2024-07-10,0.011265094924488794,0.0,0.0
2024-07-11,0.0034826593223835633,0.0,0.0
2024-07-12,0.01344220072506297,0.0,0.0
2024-07-15,-0.011879817255924463,0.0,0.0
2024-07-16,-0.007079873035955697,0.0,0.0
2024-07-17,-0.011392896744114034,0.0,0.0
2024-07-18,-0.004362673704868647,0.0,0.0
2024-07-19,-0.008804686903135961,0.0,0.0
2024-07-22,0.014542410077574841,0.0,0.0
2024-07-23,0.0039530578246746995,0.0,0.0
2024-07-24,-0.01117183730922544,0.0,0.0
2024-07-25,-0.010405529315233086,0.0,0.0
2024-07-26,0.010645860796076434,0.0,0.0
2024-07-29,-0.009688403759640085,0.0,0.0
2024-07-30,0.0053183361169362176,0.0,0.0
2024-07-31,0.006597798266112287,0.0,0.0
2024-08-02,-0.048069491705278855,0.0,0.0
2024-08-05,-0.014465280106710887,0.0,0.0
2024-08-06,0.0007918709226897302,0.0,0.0
2024-08-07,0.020291885284295708,0.0,0.0
2024-08-08,0.0001457084469163039,0.0,0.0
2024-08-09,0.0014007099245103571,0.0,0.0
2024-08-12,-0.0007272083169320709,0.0,0.0
2024-08-13,0.00493164200288243,0.0,0.0
2024-08-14,0.006960752542121806,0.0,0.0
2024-08-15,0.01695784757994767,0.0,0.0
2024-08-16,0.006811889892186063,0.0,0.0
2024-08-19,0.006381574003228918,0.0,0.0
2024-08-20,-0.002839029702160434,0.0,0.0
2024-08-21,0.005702367554575094,0.0,0.0
2024-08-22,-5.7271060932895246e-05,0.0,0.0
2024-08-23,0.0049539806166836176,0.0,0.0
2024-08-26,-0.0025483283240710364,0.0,0.0
2024-08-27,0.0004267870285861175,0.0,0.0
2024-08-28,0.0029088876465070967,-0.0009992504996874613,1.0
2024-08-29,0.010836538084066705,0.010836538084066776,1.0
2024-08-30,-0.0016692686925795508,-0.0016692686925796271,1.0
2024-09-02,0.0030435467285960804,0.0030435467285959365,1.0
2024-09-03,-0.012175538817618015,-0.012175538817617931,1.0
2024-09-04,-0.013097115837532813,-0.013097115837532864,1.0
2024-09-05,-0.006812922011954159,-0.00681292201195413,1.0
2024-09-06,-0.016009853340698044,-0.016009853340698058,1.0
2024-09-09,0.008568928454718572,0.007560611668496138,0.0
2024-09-10,-0.006583427134142061,0.0,0.0
2024-09-11,0.0034504301774915813,-0.0009992504996875725,1.0
2024-09-12,0.010601270299181564,0.009590921679200164,0.0
2024-09-13,0.006213057482344464,0.0,0.0
2024-09-16,-0.0033774534569455117,0.0,0.0
2024-09-17,0.006866703361368076,-0.0009992504996876388,1.0
2024-09-18,-0.005241953265720967,-0.005241953265721015,1.0
2024-09-19,0.02235230130305954,0.021330204589831932,0.0
2024-09-20,-0.014532535522867263,-0.00099925049968748,1.0
2024-09-23,0.0028799486494521798,0.0028799486494521477,1.0
2024-09-24,0.011288425426161819,0.01128842542616181,1.0
2024-09-25,-0.0048231992682779,-0.004823199268277835,1.0
2024-09-26,0.023531074279496078,0.023531074279495908,1.0
2024-09-27,0.006926920858808527,0.006926920858808532,1.0
2024-09-30,-0.013221639565787258,-0.013221639565787183,1.0
2024-10-01,-0.009259224901820406,-0.009259224901820377,1.0
2024-10-02,0.0018449455302969042,0.001844945530296954,1.0
2024-10-03,-0.00845406184350772,-0.009445359895179676,0.0
2024-10-04,0.006829426750025069,0.0,0.0
2024-10-07,0.0029808675192657397,-0.0009992504996876794,1.0
2024-10-08,-0.004167237343885799,-0.004167237343885725,1.0
2024-10-09,0.006783153004394915,0.006783153004394815,1.0
2024-10-10,-0.002454552750932648,-0.0024545527509326663,1.0
2024-10-11,0.006756092979683492,0.006756092979683442,1.0
2024-10-14,0.007412157734151492,0.007412157734151371,1.0
2024-10-15,-0.01870255951479216,-0.018702559514792223,1.0
2024-10-16,-0.007685889401961465,-0.0076858894019614194,1.0
2024-10-17,0.007861504154266674,0.007861504154266626,1.0
2024-10-18,0.007877067568621277,0.007877067568621159,1.0
2024-10-21,-0.009034770381675994,-0.009034770381675964,1.0
2024-10-22,-0.00038657581871415214,-0.0003865758187141966,1.0
2024-10-23,-0.003393237862662546,-0.003393237862662465,1.0
2024-10-24,0.0026206724435200446,0.0026206724435201938,1.0
2024-10-25,0.0015479131862694562,0.0015479131862693458,1.0
2024-10-28,0.005409619331279147,0.0054096193312792385,1.0
2024-10-29,-0.003986063564012987,-0.003986063564013036,1.0
2024-10-30,-0.012983789818558411,-0.012983789818558399,1.0
2024-10-31,-0.011895843460574151,-0.011895843460574148,1.0
2024-11-01,0.010381930347630686,0.01038193034763071,1.0
2024-11-04,-0.005258552066782829,-0.005258552066782798,1.0
2024-11-05,0.003757131984469142,0.003757131984469092,1.0
2024-11-06,-0.014311185113624503,-0.014311185113624433,1.0
2024-11-07,0.01069236316442046,0.010692363164420309,1.0
2024-11-08,-0.01014027232471093,-0.010140272324710927,1.0
2024-11-11,0.010675116398327189,0.010675116398327338,1.0
2024-11-12,-0.02252558154553652,-0.022525581545536414,1.0
2024-11-13,-0.0009168349691910382,-0.0009168349691910681,1.0
2024-11-14,0.01965891570603695,0.018639511705059952,0.0
2024-11-15,-0.008002368707602736,-0.0009992504996875614,1.0
2024-11-18,-0.0009426821358731186,-0.0009426821358731331,1.0
2024-11-19,-0.008162297173382793,-0.008162297173382719,1.0
2024-11-20,-0.004529357581029347,-0.005524579355787639,0.0
2024-11-21,0.0055225621450840645,0.0,0.0
2024-11-22,0.006991418838309116,0.0,0.0
2024-11-25,0.0022530504578082144,0.0,0.0
2024-11-26,-0.007891855797693137,-0.0009992504996875768,1.0
2024-11-27,-0.00605636101961371,-0.00605636101961369,1.0
2024-11-28,0.005387532726857547,0.004382396541013954,0.0
2024-11-29,0.009614071414975722,0.0,0.0
2024-12-02,0.008810689989471987,0.0,0.0
2024-12-03,0.00655695392240041,-0.000999250499687592,1.0
2024-12-04,0.00830381732382568,0.008303817323825848,1.0
2024-12-05,0.0066192165237117795,0.006619216523711667,1.0
2024-12-06,0.005291181121556354,0.005291181121556479,1.0
2024-12-09,0.0015428918338558084,0.0015428918338557583,1.0
2024-12-10,-0.006763613954721026,-0.006763613954721045,1.0
2024-12-11,0.0015368058341231894,0.0015368058341231328,1.0
2024-12-12,0.0012460680085724096,0.0012460680085724823,1.0
2024-12-13,0.00048744248065646367,0.0004874424806564164,1.0
2024-12-16,-0.004211074856585562,-0.00421107485658554,1.0
2024-12-17,-0.0008994704346841909,-0.0008994704346842505,1.0
2024-12-18,0.0029740958768291748,0.0029740958768293352,1.0
2024-12-19,-0.01579087494529674,-0.015790874945296816,1.0
2024-12-20,-0.003426975782691133,-0.0034269757826910613,1.0
2024-12-23,-0.0019228859276142485,-0.0019228859276142405,1.0
2024-12-27,0.009468445942322434,0.009468445942322375,1.0
2024-12-30,-0.0060422174791631145,-0.006042217479162988,1.0
2025-01-03,0.00044573535553782406,0.00044573535553783154,1.0
2025-01-06,0.023645924065299972,0.023645924065299917,1.0
2025-01-07,0.005049429437386399,0.00504942943738641,1.0
2025-01-08,-0.003078659656805427,-0.0030786596568054135,1.0
2025-01-09,0.004307113524441908,0.004307113524441972,1.0
2025-01-10,-0.008101059875368355,-0.008101059875368384,1.0
2025-01-13,-0.004631023047398819,-0.004631023047398742,1.0
2025-01-14,0.005300593659393504,0.005300593659393677,1.0
2025-01-15,0.010408624389620202,0.01040862438962026,1.0
2025-01-16,0.014828203413275398,0.014828203413275358,1.0
2025-01-17,0.008100684262815738,0.008100684262815738,1.0
2025-01-20,0.003135042117021758,0.003135042117021733,1.0
2025-01-21,0.000294324176192573,0.00029432417619250866,1.0
2025-01-22,0.0077178525364072215,0.00771785253640724,1.0
2025-01-23,0.0022417024182248557,0.002241702418224842,1.0
2025-01-24,0.0003584316602778248,0.00035843166027786725,1.0
2025-01-27,-0.005924071522189989,-0.005924071522189988,1.0
2025-01-28,0.001399216596809305,0.0013992165968093682,1.0
2025-01-29,0.006726741018121318,0.006726741018121329,1.0
2025-01-30,0.009855315227448758,0.009855315227448754,1.0
2025-01-31,0.0008822360876341584,0.0008822360876341903,1.0
2025-02-03,-0.013043626835717581,-0.01304362683571757,1.0
2025-02-04,0.00894605044973562,0.008946050449735645,1.0
2025-02-05,0.0012404144731716915,0.0012404144731715827,1.0
2025-02-06,0.016222313990944537,0.016222313990944568,1.0
2025-02-07,-0.005830154621837114,-0.005830154621837069,1.0
2025-02-10,0.006177921460747138,0.006177921460747072,1.0
2025-02-11,0.006085951281406876,0.006085951281406909,1.0
2025-02-12,0.0027341850757169883,0.0027341850757169137,1.0
2025-02-13,0.017546474405441215,0.017546474405441256,1.0
2025-02-14,-0.001290809500272716,-0.0012908095002727453,1.0
2025-02-17,0.004811260103232851,0.004811260103232965,1.0
2025-02-18,0.0025380791485811738,0.0025380791485810164,1.0
2025-02-19,-0.013131916341430516,-0.013131916341430521,1.0
2025-02-20,-2.566056737929312e-05,-2.5660567379272605e-05,1.0
2025-02-21,0.0025307154591183156,0.0025307154591182363,1.0
2025-02-24,-0.003852220911085502,-0.00385222091108558,1.0
2025-02-25,-0.0010744630370748132,-0.001074463037074792,1.0
2025-02-26,0.014701138689569904,0.014701138689569897,1.0
2025-02-27,-0.010027184099668962,-0.010027184099668832,1.0
2025-02-28,-0.001648226686354115,-0.0016482266863541925,1.0
2025-03-03,0.01412086335821705,0.014120863358217186,1.0
2025-03-04,-0.027682451903015437,-0.027682451903015447,1.0
2025-03-05,0.018898124942956285,0.018898124942956264,1.0
2025-03-06,0.005711315654778115,0.005711315654778076,1.0
2025-03-07,-0.009430366720169614,-0.009430366720169576,1.0
2025-03-10,-0.014891014655910806,-0.014891014655910795,1.0
2025-03-11,-0.014308588189387073,-0.014308588189387064,1.0
2025-03-12,0.009325979856869226,0.009325979856869266,1.0
2025-03-13,-0.005789765610565212,-0.005789765610565226,1.0
2025-03-14,0.014223815658733319,0.014223815658733287,1.0
2025-03-17,0.007655116513629157,0.007655116513629086,1.0
2025-03-18,0.007246276749417024,0.0072462767494171545,1.0
2025-03-19,0.004074759865756228,0.004074759865756188,1.0
2025-03-20,-0.010246232114997422,-0.010246232114997332,1.0
2025-03-21,-0.004971646449748568,-0.0049716464497485255,1.0
2025-03-24,-0.0014823545256195114,-0.0014823545256195617,1.0
2025-03-25,0.010947625117454507,0.010947625117454375,1.0
2025-03-26,-0.01157793782268457,-0.011577937822684571,1.0
2025-03-27,-0.0056562485309895605,-0.00565624853098953,1.0
2025-03-28,-0.009232379942310853,-0.009232379942310895,1.0
2025-03-31,-0.01556997545588501,-0.015569975455885003,1.0
2025-04-01,0.013701280982459041,0.013701280982459013,1.0
2025-04-02,-0.0030730616647947073,-0.004069739371395266,0.0
2025-04-03,-0.03594875576410195,0.0,0.0
2025-04-04,-0.04595283974966757,0.0,0.0
2025-04-07,-0.04548704360290623,0.0,0.0
2025-04-08,0.025178139845861036,0.0,0.0
2025-04-09,-0.03173876776145901,-0.0009992504996876128,1.0
2025-04-10,0.042573305727581,0.041530993065179975,0.0
2025-04-11,-0.006576150241135337,-0.0009992504996874949,1.0
2025-04-14,0.025935699090404496,0.025935699090404548,1.0
2025-04-15,0.012021044433245587,0.012021044433245413,1.0
2025-04-16,-0.0007907113956453493,-0.0007907113956452536,1.0
2025-04-17,-0.006274067502265224,-0.006274067502265251,1.0
2025-04-22,0.0052904870564416395,0.005290487056441495,1.0
2025-04-23,0.027671352862155052,0.02767135286215499,1.0
2025-04-24,0.0031850506884552043,0.0031850506884551918,1.0
2025-04-25,0.007652060588351217,0.007652060588351119,1.0
2025-04-28,0.0031761225612321198,0.003176122561232261,1.0
2025-04-29,-0.0016614153865215364,-0.0016614153865215956,1.0
2025-04-30,-0.00032540102128619797,-0.00032540102128623125,1.0
2025-05-02,0.02421790570158522,0.024217905701585257,1.0
2025-05-05,-0.0004049308998307355,-0.00040493089983063976,1.0
2025-05-06,-0.0037232134093355684,-0.003723213409335483,1.0
2025-05-07,-0.0063058229018641,-0.00630582290186413,1.0
2025-05-08,0.01123286164712467,0.011232861647124597,1.0
2025-05-09,0.003932790540105868,0.003932790540105846,1.0
2025-05-12,0.015560013345167878,0.015560013345167968,1.0
2025-05-13,0.004422942507723793,0.00442294250772373,1.0
2025-05-14,-0.0023577408600016225,-0.002357740860001695,1.0
2025-05-15,0.0015990067091411486,0.001599006709141303,1.0
2025-05-16,0.0028546708120036346,0.002854670812003511,1.0
2025-05-19,-5.52377783941127e-05,-5.5237778393995784e-05,1.0
2025-05-20,0.005052286704944731,0.0050522867049446855,1.0
2025-05-21,-3.482192434900444e-05,-3.482192434895227e-05,1.0
2025-05-22,-0.005496415902482288,-0.005496415902482373,1.0
2025-05-23,-0.018097572897027625,-0.018097572897027632,1.0
2025-05-26,0.012958318004767655,0.012958318004767645,1.0
2025-05-27,0.0037291726170889383,0.0037291726170889626,1.0
2025-05-28,-0.0068433938559399055,-0.0068433938559400494,1.0
2025-05-30,-0.0021940195242045046,-0.0021940195242045324,1.0
2025-06-02,-0.002055268890931772,-0.002055268890931632,1.0
2025-06-03,0.0037606032792840693,0.003760603279283858,1.0
2025-06-04,0.005478301609328939,0.005478301609328903,1.0
2025-06-05,0.0009990291557702147,0.0009990291557701585,1.0
2025-06-06,0.0036262705077589885,0.003626270507759159,1.0
2025-06-10,-0.0027236788673812296,-0.0027236788673812235,1.0
2025-06-11,-0.004104971571672,-0.0041049715716719405,1.0
2025-06-12,-0.005994655945118499,-0.005994655945118533,1.0
2025-06-13,-0.013122919941681133,-0.013122919941681101,1.0
2025-06-16,0.00928076472999284,0.009280764729992876,1.0
2025-06-17,-0.009530664475381423,-0.009530664475381477,1.0
2025-06-18,-0.00411634260489846,-0.0041163426048984,1.0
2025-06-19,-0.013267811491112336,-0.013267811491112336,1.0
2025-06-20,0.007032919663678916,0.007032919663678824,1.0
2025-06-23,-0.0022317754972490667,-0.0022317754972488394,1.0
2025-06-24,0.014395128838310622,0.014395128838310595,1.0
2025-06-25,-0.008506600835754607,-0.00850660083575477,1.0
2025-06-26,-0.0015194146288493027,-0.0025176455940738736,0.0
2025-06-27,0.015562526321552639,-0.000999250499687585,1.0
2025-06-30,-0.004206048807036233,-0.00420604880703613,1.0
2025-07-01,-0.003924027137006125,-0.003924027137006101,1.0
2025-07-02,0.006869951491054627,0.005863333257051255,0.0
2025-07-03,0.004593151456213196,0.0,0.0
2025-07-04,-0.010170001729909228,0.0,0.0
2025-07-07,0.00997010289357414,0.0,0.0
2025-07-08,0.0056931439299550135,0.0,0.0
2025-07-09,0.013719357840576984,0.0,0.0
2025-07-10,-0.001355188626673165,0.0,0.0
2025-07-11,-0.010074902287993126,0.0,0.0
2025-07-14,-0.002346044353897736,0.0,0.0
2025-07-15,-0.003105686339771263,0.0,0.0
2025-07-16,-0.010477832880695037,0.0,0.0
2025-07-17,0.014926205344351295,0.0,0.0
2025-07-18,-0.003332605971648528,0.0,0.0
2025-07-21,-0.003032152017961809,0.0,0.0
2025-07-22,-0.009825977299543265,0.0,0.0
2025-07-23,0.01016354276544984,0.0,0.0
2025-07-24,0.002048967640454702,0.0,0.0
2025-07-25,-0.0005676798161833307,0.0,0.0
2025-07-28,-0.002724148325041087,0.0,0.0
2025-07-29,0.007797563048856482,0.0,0.0
2025-07-30,0.002598895739357676,0.0,0.0
2025-07-31,-0.013583869167812068,0.0,0.0
2025-08-04,-0.014586704084993074,0.0,0.0
2025-08-05,0.0013867943534584537,0.0,0.0
2025-08-06,0.002609764899787592,0.0,0.0
2025-08-07,0.013067831080139536,0.0,0.0
2025-08-08,0.002938898152659908,-0.000999250499687658,1.0
2025-08-11,-0.002971374079954181,-0.003968153448717731,0.0
2025-08-12,0.000772736875950697,0.0,0.0
2025-08-13,0.009797615625892542,0.0,0.0
2025-08-14,0.008620645907762237,0.0,0.0
2025-08-15,0.002559417717420187,-0.0009992504996874682,1.0
2025-08-18,-0.002563906558376239,-0.0025639065583762085,1.0
2025-08-19,0.008949929933514733,0.008949929933514752,1.0
2025-08-20,-0.0019987965901666627,-0.0019987965901667602,1.0
2025-08-21,-0.0018565559570891121,-0.0018565559570889035,1.0
2025-08-22,0.0047728048012141144,0.004772804801213846,1.0
2025-08-25,-0.008066356491764348,-0.008066356491764322,1.0
2025-08-26,-0.011072782604718001,-0.011072782604718027,1.0
2025-08-27,0.0017440947699196574,0.00174409476991977,1.0
2025-08-28,0.0006786777047764758,0.0006786777047764537,1.0
2025-08-29,-0.008338382717471338,-0.008338382717471362,1.0
2025-09-01,0.002868249652405952,0.0028682496524059468,1.0
2025-09-02,-0.014167859982641584,-0.014167859982641593,1.0
2025-09-03,0.006420236156163828,0.006420236156163833,1.0
2025-09-04,0.004075146575802213,0.004075146575802185,1.0
2025-09-05,-0.005341613590863714,-0.005341613590863544,1.0
2025-09-08,0.008397686614722621,0.008397686614722566,1.0
2025-09-09,0.0011206374194383528,0.0011206374194380837,1.0
2025-09-10,-0.001368943197133543,-0.0013689431971334216,1.0
2025-09-11,0.004718818472115194,0.004718818472115112,1.0
2025-09-12,0.0007314107325846475,0.0007314107325844836,1.0
2025-09-15,0.009217698923948081,0.00921769892394825,1.0
2025-09-16,-0.012515595355530151,-0.012515595355530134,1.0
2025-09-17,-0.00048579907949941603,-0.00048579907949939755,1.0
2025-09-18,0.016196384043641876,0.016196384043641782,1.0
2025-09-19,0.0003207084219964962,0.0003207084219964754,1.0
2025-09-22,-0.0029990578632280718,-0.002999057863228007,1.0
2025-09-23,0.005575166181889024,0.005575166181889018,1.0
2025-09-24,-0.001430833315859803,-0.0014308333158597085,1.0
2025-09-25,-0.003599543543137851,-0.0035995435431379064,1.0
2025-09-26,0.010066329570936006,0.010066329570936155,1.0
2025-09-29,0.0013000531101392543,0.0013000531101392697,1.0
2025-09-30,0.004196566616383013,0.004196566616383121,1.0
2025-10-01,0.009267698204330488,0.009267698204330462,1.0
2025-10-02,0.01157456861655115,0.011574568616551248,1.0
2025-10-03,0.001045005461133064,0.0010450054611328018,1.0
2025-10-06,-0.004067750513145008,-0.0040677505131448775,1.0
2025-10-07,-0.002682687552390428,-0.002682687552390416,1.0
2025-10-08,0.006432544868985923,0.0064325448689856665,1.0
2025-10-09,-0.0042780667321369314,-0.004278066732136915,1.0
2025-10-10,-0.01675215150019349,-0.01675215150019346,1.0
2025-10-13,0.00666569975326059,0.006665699753260489,1.0
2025-10-14,-0.002898632569756421,-0.002898632569756338,1.0
2025-10-15,0.009542418085662696,0.009542418085662795,1.0
2025-10-16,0.008381753937002578,0.008381753937002393,1.0
2025-10-17,-0.007894471304282336,-0.007894471304282223,1.0
2025-10-20,0.013114842604037724,0.013114842604037733,1.0
2025-10-21,0.0010385451257439726,0.0010385451257440813,1.0
2025-10-22,-0.00837375418876607,-0.008373754188766049,1.0
2025-10-23,0.005163864688354058,0.005163864688353986,1.0
2025-10-24,0.001088490223745131,0.001088490223745377,1.0
2025-10-27,0.006442868727420947,0.006442868727420941,1.0
2025-10-28,-0.0011749063866703935,-0.0011749063866704661,1.0
2025-10-29,0.00025593817218538817,0.0002559381721854298,1.0
2025-10-30,-0.0011619529469815149,-0.0011619529469816586,1.0
2025-10-31,-0.006516750755938161,-0.006516750755938033,1.0
2025-11-03,0.0030395335989799044,0.003039533598979958,1.0
2025-11-04,-0.003354281760355682,-0.0033542817603556883,1.0
2025-11-05,0.0015776275028920317,0.0015776275028920666,1.0
2025-11-06,-0.010221975546360285,-0.010221975546360446,1.0
2025-11-07,-0.007957397414846579,-0.00795739741484644,1.0
2025-11-10,0.01759267974140566,0.01759267974140573,1.0
2025-11-11,0.010811310309776445,0.010811310309776589,1.0
2025-11-12,0.010760232142732251,0.010760232142732175,1.0
2025-11-13,-0.007692696448005409,-0.007692696448005392,1.0
2025-11-14,-0.008535924036542464,-0.008535924036542334,1.0
2025-11-17,-0.009278576047816789,-0.009278576047816888,1.0
2025-11-18,-0.018831964454893213,-0.018831964454893192,1.0
2025-11-19,0.0013261478563109108,0.0013261478563108358,1.0
2025-11-20,0.005028846396134323,0.005028846396134537,1.0
2025-11-21,-0.009843961653678956,-0.009843961653678948,1.0
2025-11-24,0.0024623493922568684,0.0024623493922567717,1.0
2025-11-25,0.008182842349839126,0.008182842349839162,1.0
2025-11-26,0.014652177660851473,0.014652177660851463,1.0
2025-11-27,-0.00042615544589708065,-0.0004261554458969634,1.0
2025-11-28,0.0026533785835725077,0.0026533785835724955,1.0
2025-12-01,-0.00012172207533645008,-0.0001217220753363146,1.0
2025-12-02,0.0032977516410572782,0.0032977516410571876,1.0
2025-12-03,0.0014755339418319746,0.001475533941831924,1.0
2025-12-04,0.00413026103671621,0.003126381808244678,0.0
2025-12-05,0.001023087745593232,0.0,0.0
2025-12-08,0.00028995251824914803,0.0,0.0
2025-12-09,-0.0012697415863949235,0.0,0.0
2025-12-10,-0.0017836895005507447,0.0,0.0
2025-12-11,0.008030637549474973,0.0,0.0
2025-12-12,-0.005778629018228787,0.0,0.0
2025-12-15,0.005560508889798088,0.0,0.0
2025-12-16,-0.006030390383426565,0.0,0.0
2025-12-17,-0.006324104731328051,0.0,0.0
2025-12-18,0.010567322616074515,0.0,0.0
2025-12-19,0.003246443454226089,0.0,0.0
2025-12-22,-0.0028922124467363197,0.0,0.0
2025-12-23,0.000973214746447626,0.0,0.0
2025-12-29,0.00042269221051371986,0.0,0.0
2025-12-30,0.007738612379368792,0.0,0.0
2026-01-05,0.02199187088096788,0.0,0.0
2026-01-06,0.0013674074329297348,0.0,0.0
2026-01-07,-0.0013857899200102608,0.0,0.0
2026-01-08,-0.003249729567007975,0.0,0.0
2026-01-09,0.01577665055387234,0.0,0.0
2026-01-12,0.003139588721449149,0.0,0.0
2026-01-13,0.002248936036558291,0.0,0.0
2026-01-14,-0.004109613889021202,0.0,0.0
2026-01-15,0.006009997119936994,0.0,0.0
2026-01-16,-0.0019350554931174546,0.0,0.0
2026-01-19,-0.017187366631590373,0.0,0.0
2026-01-20,-0.00569368409681581,0.0,0.0
2026-01-21,-0.0015614511667376707,-0.0009992504996876794,1.0
2026-01-22,0.012458190634934585,0.01245819063493477,1.0
2026-01-23,-0.0013380623231096234,-0.0013380623231097368,1.0
2026-01-26,0.001613867902859889,0.0016138679028599267,1.0
2026-01-27,0.006175104949574628,0.006175104949574566,1.0
2026-01-28,-0.010240842165624597,-0.010240842165624608,1.0
2026-01-29,-0.006952403195932821,-0.006952403195932783,1.0
2026-01-30,0.00948070866683337,0.009480708666833395,1.0
2026-02-02,0.01003725849398851,0.010037258493988314,1.0
2026-02-03,-0.0020240779363068784,-0.002024077936306809,1.0
2026-02-04,-0.004149863211862503,-0.004149863211862525,1.0
2026-02-05,-0.007498575140688746,-0.007498575140688782,1.0
2026-02-06,0.01226854289536261,0.012268542895362606,1.0
2026-02-09,0.010104338534942858,0.010104338534942962,1.0
2026-02-10,-0.001972221120857931,-0.0019722211208578863,1.0
2026-02-11,-0.001888508095561403,-0.0018885080955614263,1.0
2026-02-12,-0.00403438526894806,-0.004034385268948023,1.0
2026-02-13,-0.0043351856963158575,-0.004335185696315959,1.0
2026-02-16,-0.0010609613460087486,-0.001060961346008809,1.0
2026-02-17,0.007187000857347359,0.007187000857347311,1.0
2026-02-18,0.013537371108420349,0.013537371108420404,1.0
2026-02-19,-0.00716817088919397,-0.0071681708891939986,1.0
2026-02-20,0.01183076496873281,0.011830764968732822,1.0
2026-02-23,-0.0028362840163947967,-0.002836284016394923,1.0
2026-02-24,0.00043837273230562523,0.00043837273230568384,1.0
2026-02-25,0.009273080740431983,0.009273080740431887,1.0
2026-02-26,-0.0019049338054485387,-0.0019049338054486153,1.0
2026-02-27,-0.003757149508177182,-0.003757149508177115,1.0
2026-03-02,-0.024677396363701143,-0.02467739636370116,1.0
2026-03-03,-0.03594499835375442,-0.035944998353754504,1.0
2026-03-04,0.017185478485983285,0.0171854784859832,1.0
2026-03-05,-0.014994206415293032,-0.014994206415293155,1.0
2026-03-06,-0.010892517908137389,-0.01089251790813729,1.0
2026-03-09,-0.006066488509183787,-0.0060664885091838575,1.0
2026-03-10,0.026730760807297527,0.026730760807297686,1.0
2026-03-11,-0.007279168957291859,-0.008271641608126833,0.0
2026-03-12,-0.00790208219840649,0.0,0.0
2026-03-13,-0.005615044412020098,0.0,0.0
2026-03-16,0.003918389199100147,0.0,0.0
2026-03-17,0.005269242536600993,0.0,0.0
2026-03-18,-0.005615964353035463,0.0,0.0
2026-03-19,-0.021443826740654925,0.0,0.0
2026-03-20,-0.0200487530620701,0.0,0.0
2026-03-23,0.013276917720051129,0.0,0.0
2026-03-24,0.0012504153086922987,0.0,0.0
2026-03-25,0.012190737013539676,0.0,0.0
2026-03-26,-0.014762795090817238,-0.0009992504996875246,1.0
2026-03-27,-0.01080329238684885,-0.010803292386848755,1.0
2026-03-30,0.006536785871574802,0.0055305007198996016,0.0
2026-03-31,0.005041681696583478,0.0,0.0
2026-04-01,0.02926173818843436,-0.0009992504996875582,1.0
2026-04-02,-0.006951354233475482,-0.006951354233475473,1.0
2026-04-07,-0.010476219311522761,-0.010476219311522776,1.0
2026-04-08,0.04973175051909817,0.04973175051909821,1.0
2026-04-09,-0.0028883830686254885,-0.0028883830686255428,1.0
2026-04-10,0.005057387615126752,0.005057387615126857,1.0
2026-04-13,-0.003558800669672846,-0.003558800669672838,1.0
2026-04-14,0.01346138469147129,0.013461384691471413,1.0
2026-04-15,-0.00738070846315797,-0.007380708463158064,1.0
2026-04-16,-0.0011884940558035684,-0.001188494055803598,1.0
2026-04-17,0.020971567208501796,0.020971567208501907,1.0
2026-04-20,-0.012394135508161597,-0.012394135508161529,1.0
2026-04-21,-0.008755327312321648,-0.008755327312321693,1.0
2026-04-22,-0.004052069500653399,-0.004052069500653492,1.0
2026-04-23,-0.001945446318801669,-0.0019454463188017105,1.0
2026-04-24,-0.0019084843643856209,-0.001908484364385712,1.0
2026-04-27,-0.003936472347468523,-0.003936472347468465,1.0
2026-04-28,-0.004132833580585138,-0.004132833580585115,1.0
2026-04-29,-0.0033618541250481915,-0.003361854125048321,1.0
2026-04-30,0.011180264588654065,0.011180264588654223,1.0
2026-05-04,-0.020045856768414527,-0.020045856768414628,1.0
2026-05-05,0.018394725188927374,0.018394725188927465,1.0
2026-05-06,0.02683303771183132,0.026833037711831285,1.0
2026-05-07,-0.00903912501107862,-0.009039125011078607,1.0
2026-05-08,-0.01023333330880749,-0.010233333308807586,1.0
2026-05-11,-0.0027200387087832345,-0.002720038708783113,1.0
2026-05-12,-0.01475714273172457,-0.014757142731724505,1.0
2026-05-13,0.009059151260127019,0.009059151260126961,1.0
2026-05-15,-0.005683272780015014,-0.005683272780015128,1.0
2026-05-18,0.003644665399607838,0.003644665399607735,1.0
2026-05-19,0.00036932061036076824,0.0003693206103608961,1.0
2026-05-20,0.021347846347245403,0.021347846347245417,1.0
2026-05-21,-0.002635511375079891,-0.0026355113750797373,1.0
2026-05-22,0.009920670842776591,0.009920670842776425,1.0
2026-05-26,0.007425878706672995,0.0074258787066730685,1.0
2026-05-27,0.001053756391523386,0.0010537563915232857,1.0
2026-05-28,-0.0025418127023231207,-0.002541812702323164,1.0
2026-05-29,-0.0007547054177269308,-0.0007547054177267813,1.0
2026-06-01,-0.0025766036832004513,-0.0025766036832003867,1.0
2026-06-02,0.01207961954688086,0.012079619546880877,1.0
2026-06-03,-0.008886968830215558,-0.008886968830215562,1.0
2026-06-04,0.008219985124673368,0.008219985124673415,1.0
2026-06-05,-0.006760285512679598,-0.006760285512679462,1.0
2026-06-08,3.6326675563858046e-05,3.6326675563824666e-05,1.0
2026-06-09,-0.0020701425709814814,-0.002070142570981501,1.0
2026-06-10,-0.0065771483602569125,-0.006577148360256894,1.0
2026-06-11,0.007821989217425829,0.007821989217425792,1.0
2026-06-12,0.02157351587557388,0.02157351587557372,1.0
2026-06-15,0.0067554610990647745,0.006755461099064687,1.0
2026-06-16,0.004493147094347227,0.004493147094347105,1.0
2026-06-17,0.006815892632465292,0.006815892632465521,1.0
2026-06-18,0.003682529870274509,0.00368252987027436,1.0
2026-06-19,-0.004766542726414302,-0.0047665427264143405,1.0
2026-06-22,0.002890444301162365,0.002890444301162373,1.0
2026-06-23,-0.012797643247503765,-0.012797643247503841,1.0
2026-06-24,-0.002543854053309369,-0.00254385405330928,1.0
2026-06-25,0.008500746324592967,0.008500746324593089,1.0
2026-06-26,-0.00733622049593563,-0.0073362204959356025,1.0
2026-06-29,0.0016201876447898833,0.0016201876447898738,1.0
2026-06-30,0.015479090182096256,0.015479090182096226,1.0
2026-07-01,-0.007204361011882154,-0.0072043610118821474,1.0
2026-07-02,0.01241069874154399,0.012410698741543862,1.0
2026-07-03,0.008208506474199906,0.008208506474199932,1.0
2026-07-06,-0.0022877189808492293,-0.0022877189808491742,1.0
2026-07-07,-0.01221472070324603,-0.012214720703246208,1.0
2026-07-08,-0.018188648089986104,-0.01818864808998593,1.0
2026-07-09,0.01278984889109358,0.012789848891093641,1.0
2026-07-10,-0.002275491766435378,-0.002275491766435338,1.0
2026-07-13,0.00016743375989491938,0.00016743375989490146,1.0
2026-07-14,0.001462269590344123,0.0014622695903441154,1.0
2026-07-15,-0.0023263409892947395,-0.0023263409892947205,1.0
2026-07-16,0.002877592326877565,0.002877592326877567,1.0
2026-07-17,-0.008393224156378443,-0.008393224156378496,1.0
2026-07-20,-0.0005569390435820054,-0.0005569390435819664,1.0
2026-07-21,0.009350608822605855,0.009350608822605903,1.0
2026-07-22,0.004989213833326733,0.004989213833326603,1.0
2026-07-23,-0.01691000120891728,-0.01691000120891727,1.0
2026-07-24,0.011395826591147795,0.011395826591147871,1.0
2026-07-27,0.00020220214539512504,0.00020220214539525976,1.0
2026-07-28,0.0011619803752007662,0.0011619803752007214,1.0
2026-07-29,-0.006466310315198065,-0.006466310315198168,1.0
2026-07-30,0.01529244803566665,0.015292448035666721,1.0
2026-07-31,0.0021451773990825984,0.0021451773990825915,1.0
2026-08-03,0.01077227574347206,0.0107722757434719,1.0
2026-08-04,0.0093674932408776,0.009367493240877742,1.0
2026-08-05,-0.0014984837515342742,-0.0014984837515343592,1.0
2026-08-06,0.003949383540189366,0.003949383540189503,1.0
2026-08-07,0.0032756029157086086,0.003275602915708563,1.0
2026-08-10,0.0018026527474082066,0.0018026527474081717,1.0
2026-08-11,0.0023869345795091146,0.002386934579509058,1.0
2026-08-12,-0.002630041412699069,-0.0026300414126990165,1.0
2026-08-13,0.001756963211906104,0.0017569632119060071,1.0
2026-08-14,-0.0008983878775301601,-0.0008983878775300065,1.0
2026-08-17,-0.0013975874108121955,-0.0013975874108122642,1.0
2026-08-18,-0.0095369035173416,-0.009536903517341478,1.0
2026-08-19,-0.0036656366829996845,-0.0036656366829997096,1.0
2026-08-20,-0.0034758385465228914,-0.0034758385465229343,1.0
2026-08-21,0.006253469429370995,0.006253469429370895,1.0
2026-08-24,-0.0022036132941261055,-0.002203613294126019,1.0
2026-08-25,0.0011864029303629842,0.0011864029303629833,1.0
2026-08-26,0.002340647130767204,0.0023406471307672533,1.0
2026-08-27,-0.007110508572392704,-0.007110508572392773,1.0
2026-08-28,0.009485214412357834,0.009485214412357891,1.0
2026-08-31,-0.010100693747001732,-0.01010069374700179,1.0
2026-09-01,-0.007971791129139705,-0.008963571330958356,0.0
2026-09-02,-0.0010723974868731556,0.0,0.0
2026-09-03,0.0032127412462759075,0.0,0.0
2026-09-04,0.0016200840543396655,0.0,0.0
2026-09-07,0.0017300452671373812,0.0,0.0
2026-09-08,0.0014334324638294316,0.0,0.0
2026-09-09,-0.015843937478510206,0.0,0.0
2026-09-10,-0.006747910715356409,0.0,0.0
2026-09-11,0.008958356164426196,0.0,0.0
2026-09-14,-0.010236943936273502,0.0,0.0
