Date,TQQQ_BnH,TQQQ_Strategy,TQQQ_Position
2021-01-04,,0.0,0.0
2021-01-05,0.025079162555080137,0.0,0.0
2021-01-06,-0.04135582868976273,0.0,0.0
2021-01-07,0.07223116964341902,0.0,0.0
2021-01-08,0.03875976732105757,0.0,0.0
2021-01-11,-0.04419812781146992,0.0,0.0
2021-01-12,-0.004343454151364945,0.0,0.0
2021-01-13,0.01943890532928383,0.0,0.0
2021-01-14,-0.015222174692729351,0.0,0.0
2021-01-15,-0.024313937987786804,0.0,0.0
2021-01-19,0.0433559311302365,0.0,0.0
2021-01-20,0.0697070250155658,0.0,0.0
2021-01-21,0.024853621191328612,0.0,0.0
2021-01-22,-0.009069315721678683,0.0,0.0
2021-01-25,0.02775542216046256,0.0,0.0
2021-01-26,0.0010647703871926595,0.0,0.0
2021-01-27,-0.0806420236933807,0.0,0.0
2021-01-28,0.014724456914003481,0.0,0.0
2021-01-29,-0.0622925568568814,0.0,0.0
2021-02-01,0.07350480020038708,0.0,0.0
2021-02-02,0.04839378302535491,0.0,0.0
2021-02-03,-0.011490742953231159,0.0,0.0
2021-02-04,0.035369946874346914,0.0,0.0
2021-02-05,0.010459679521922505,0.0,0.0
2021-02-08,0.019563018291203438,0.0,0.0
2021-02-09,-0.0004656405886767079,0.0,0.0
2021-02-10,-0.007082200303629604,0.0,0.0
2021-02-11,0.016142604322798126,0.0,0.0
2021-02-12,0.016994393708245292,0.0,0.0
2021-02-16,-0.008355059504100537,0.0,0.0
2021-02-17,-0.013920741248414026,0.0,0.0
2021-02-18,-0.013467080304804813,0.0,0.0
2021-02-19,-0.013180129289511844,0.0,0.0
2021-02-22,-0.077466156539712,0.0,0.0
2021-02-23,-0.008893456541608558,0.0,0.0
2021-02-24,0.024102479416592937,0.0,0.0
2021-02-25,-0.10443202673907626,0.0,0.0
2021-02-26,0.015017444210922104,0.0,0.0
2021-03-01,0.08719993296379513,0.0,0.0
2021-03-02,-0.047938194289615765,0.0,0.0
2021-03-03,-0.08673526955874278,0.0,0.0
2021-03-04,-0.04944267611337805,0.0,0.0
2021-03-05,0.04477987831686403,0.0,0.0
2021-03-08,-0.08548222696879271,0.0,0.0
2021-03-09,0.11775440480748367,0.0,0.0
2021-03-10,-0.008526113400568636,0.0,0.0
2021-03-11,0.06938407519240619,0.0,0.0
2021-03-12,-0.02489524662363163,0.0,0.0
2021-03-15,0.03196985179270051,0.0,0.0
2021-03-16,0.01642036081537257,0.0,0.0
2021-03-17,0.012601095114095129,0.0,0.0
2021-03-18,-0.09178896216555921,0.0,0.0
2021-03-19,0.012764904099525687,0.0,0.0
2021-03-22,0.0533072263570018,0.0,0.0
2021-03-23,-0.013064019224577672,0.0,0.0
2021-03-24,-0.05050050343014212,0.0,0.0
2021-03-25,-0.0053889847066356245,0.0,0.0
2021-03-26,0.044169554884131434,0.0,0.0
2021-03-29,-0.0005640066569616575,0.0,0.0
2021-03-30,-0.014221296317673437,0.0,0.0
2021-03-31,0.04488206260481742,0.0,0.0
2021-04-01,0.05084385524567625,0.0,0.0
2021-04-05,0.06006254408164957,0.0,0.0
2021-04-06,-0.0023608196263262826,0.0,0.0
2021-04-07,0.007395108620255275,0.0,0.0
2021-04-08,0.031222167088543973,0.0,0.0
2021-04-09,0.018128518816407757,0.0,0.0
2021-04-12,-0.0039154249076182035,0.0,0.0
2021-04-13,0.03425370431653252,0.0,0.0
2021-04-14,-0.035110043262390755,0.0,0.0
2021-04-15,0.04417157976063568,0.0,0.0
2021-04-16,0.004221221092128413,0.0,0.0
2021-04-19,-0.027278264600249957,0.0,0.0
2021-04-20,-0.02188307142747037,0.0,0.0
2021-04-21,0.025286642651871638,0.0,0.0
2021-04-22,-0.036398772748497454,0.0,0.0
2021-04-23,0.037678588506146804,0.0,0.0
2021-04-26,0.019805392037050673,0.0,0.0
2021-04-27,-0.013126953312636469,0.0,0.0
2021-04-28,-0.010295036784588985,0.0,0.0
2021-04-29,0.010034014082666243,0.0,0.0
2021-04-30,-0.018775151395471812,0.0,0.0
2021-05-03,-0.016347823287992336,0.0,0.0
2021-05-04,-0.05269113663171465,0.0,0.0
2021-05-05,-0.011662793222024903,0.0,0.0
2021-05-06,0.021886065471711458,0.0,0.0
2021-05-07,0.024476840499491948,0.0,0.0
2021-05-10,-0.07514460873280715,0.0,0.0
2021-05-11,-0.004999769376393792,0.0,0.0
2021-05-12,-0.07610980341571771,0.0,0.0
2021-05-13,0.021076546188615763,0.0,0.0
2021-05-14,0.06503167592411674,-0.0009992504996874777,1.0
2021-05-17,-0.01688031785847577,-0.01688031785847568,1.0
2021-05-18,-0.020985622854612695,-0.020985622854612734,1.0
2021-05-19,0.003680840834832333,0.0036808408348322523,1.0
2021-05-20,0.05781473490140576,0.057814734901405825,1.0
2021-05-21,-0.016518935748461083,-0.016518935748461052,1.0
2021-05-24,0.0500777134933712,0.05007771349337122,1.0
2021-05-25,0.004838121147313856,0.00483812114731379,1.0
2021-05-26,0.010120791174864863,0.010120791174864967,1.0
2021-05-27,-0.0116731192629409,-0.011673119262940913,1.0
2021-05-28,0.009744221008283649,0.009744221008283758,1.0
2021-06-01,-0.009747692523260909,-0.009747692523260807,1.0
2021-06-02,0.00521705939177286,0.005217059391772778,1.0
2021-06-03,-0.03143360209764201,-0.031433602097641976,1.0
2021-06-04,0.05125876700685783,0.051258767006857865,1.0
2021-06-07,0.00884785074196004,0.008847850741960048,1.0
2021-06-08,0.0011440657163706014,0.0011440657163704836,1.0
2021-06-09,0.0011425291782993785,0.001142529178299347,1.0
2021-06-10,0.03062585426908515,0.03062585426908521,1.0
2021-06-11,0.007936482672936895,0.00793648267293693,1.0
2021-06-14,0.028016788994612574,0.028016788994612563,1.0
2021-06-15,-0.01852518791279678,-0.018525187912796778,1.0
2021-06-16,-0.01070764629412102,-0.010707646294121105,1.0
2021-06-17,0.03733241976434698,0.03733241976434699,1.0
2021-06-18,-0.023874760906243186,-0.023874760906243186,1.0
2021-06-21,0.018298958415613464,0.01829895841561326,1.0
2021-06-22,0.02793340221571583,0.027933402215715927,1.0
2021-06-23,0.0017306160622470035,0.0017306160622469074,1.0
2021-06-24,0.01840207085062362,0.018402070850623575,1.0
2021-06-25,-0.0031388563895284882,-0.0031388563895285385,1.0
2021-06-28,0.03540117147648303,0.035401171476482904,1.0
2021-06-29,0.011259967609965171,0.011259967609965192,1.0
2021-06-30,-0.004388784629963394,-0.004388784629963422,1.0
2021-07-01,0.0004898796406125339,0.00048987964061263,1.0
2021-07-02,0.03394242357224453,0.033942423572244446,1.0
2021-07-06,0.013415440017709557,0.013415440017709468,1.0
2021-07-07,0.00638536951834312,0.006385369518343272,1.0
2021-07-08,-0.017332222478839587,-0.017332222478839546,1.0
2021-07-09,0.01692936542245005,0.016929365422450084,1.0
2021-07-12,0.012543460125689965,0.012543460125689845,1.0
2021-07-13,-0.0005353926566553646,-0.000535392656655581,1.0
2021-07-14,0.005432285587362529,0.005432285587362578,1.0
2021-07-15,-0.020698473602104195,-0.02069847360210408,1.0
2021-07-16,-0.02455525568329686,-0.02455525568329687,1.0
2021-07-19,-0.023978352876762643,-0.02397835287676264,1.0
2021-07-20,0.032974238538549194,0.03297423853854913,1.0
2021-07-21,0.02283500425455043,0.0228350042545506,1.0
2021-07-22,0.02101211724394947,0.021012117243949326,1.0
2021-07-23,0.03321459713031483,0.03321459713031484,1.0
2021-07-26,0.004174262875059176,0.004174262875059262,1.0
2021-07-27,-0.03266990763213318,-0.03266990763213324,1.0
2021-07-28,0.010931025747596967,0.010931025747596936,1.0
2021-07-29,0.0049217041848632626,0.004921704184863341,1.0
2021-07-30,-0.01498959430467206,-0.01498959430467193,1.0
2021-08-02,-0.0003013119033249412,-0.00030131190332501913,1.0
2021-08-03,0.01740754852411497,0.017407548524115114,1.0
2021-08-04,0.004962741118597069,0.004962741118597066,1.0
2021-08-05,0.01879409327483561,0.018794093274835368,1.0
2021-08-06,-0.013021797199749496,-0.013021797199749365,1.0
2021-08-09,0.005351007588472845,0.005351007588472745,1.0
2021-08-10,-0.014946212700116757,-0.014946212700116625,1.0
2021-08-11,-0.005403047873768552,-0.005403047873768586,1.0
2021-08-12,0.01041816772386861,0.010418167723868705,1.0
2021-08-13,0.010016419119530662,0.010016419119530613,1.0
2021-08-16,0.0017499844409432086,0.0017499844409432062,1.0
2021-08-17,-0.026277365443443834,-0.0262773654434439,1.0
2021-08-18,-0.029079802029762236,-0.02907980202976215,1.0
2021-08-19,0.014243560631373775,0.014243560631373688,1.0
2021-08-20,0.030896936832153665,0.03089693683215371,1.0
2021-08-23,0.044550610055841044,0.04455061005584126,1.0
2021-08-24,0.009869533460594493,0.0098695334605945,1.0
2021-08-25,0.0011171567615646527,0.0011171567615647006,1.0
2021-08-26,-0.016944717533224463,-0.016944717533224497,1.0
2021-08-27,0.029224147005522116,0.029224147005522217,1.0
2021-08-30,0.033149311771151435,0.03314931177115131,1.0
2021-08-31,-0.0028015719110791037,-0.002801571911079182,1.0
2021-09-01,0.00548537851279618,0.005485378512796214,1.0
2021-09-02,-0.0013970579916221526,-0.001397057991622152,1.0
2021-09-03,0.008994018203515752,0.008994018203515681,1.0
2021-09-07,0.004093736122928293,0.004093736122928433,1.0
2021-09-08,-0.010258288155614914,-0.010258288155615016,1.0
2021-09-09,-0.010697182799829674,-0.01069718279982969,1.0
2021-09-10,-0.022498334516204865,-0.022498334516204713,1.0
2021-09-13,-0.0022673467457676733,-0.0022673467457677565,1.0
2021-09-14,-0.008607215345435404,-0.008607215345435478,1.0
2021-09-15,0.022157173584696155,0.022157173584696314,1.0
2021-09-16,0.0019705358287567254,0.0019705358287566673,1.0
2021-09-17,-0.03533406080729151,-0.03629848557999945,0.0
2021-09-20,-0.061515659552793034,0.0,0.0
2021-09-21,0.0012738916274510625,0.0,0.0
2021-09-22,0.02925304813275842,0.0,0.0
2021-09-23,0.02776762538195876,0.0,0.0
2021-09-24,0.0028287814499110553,0.0,0.0
2021-09-27,-0.02411995050414628,0.0,0.0
2021-09-28,-0.08339953821227353,0.0,0.0
2021-09-29,-0.006623095418124891,0.0,0.0
2021-09-30,-0.011270795015054014,0.0,0.0
2021-10-01,0.018222700834759298,0.0,0.0
2021-10-04,-0.06149468793894308,0.0,0.0
2021-10-05,0.03847432116189409,0.0,0.0
2021-10-06,0.01973795121031996,-0.0009992504996874808,1.0
2021-10-07,0.02705064380326072,0.027050643803260725,1.0
2021-10-08,-0.015370205883621257,-0.01537020588362117,1.0
2021-10-11,-0.022199650300212315,-0.022199650300212363,1.0
2021-10-12,-0.010188606537743894,-0.010188606537744033,1.0
2021-10-13,0.023423554041402284,0.023423554041402398,1.0
2021-10-14,0.05519922307710545,0.05519922307710535,1.0
2021-10-15,0.018538024877591486,0.018538024877591548,1.0
2021-10-18,0.029990393597686404,0.029990393597686228,1.0
2021-10-19,0.021963405075551723,0.021963405075551976,1.0
2021-10-20,-0.003150273787430935,-0.0031502737874309844,1.0
2021-10-21,0.017907065146241408,0.017907065146241345,1.0
2021-10-22,-0.02531898597435711,-0.02531898597435717,1.0
2021-10-25,0.030011267156522692,0.030011267156522692,1.0
2021-10-26,0.009345554318443527,0.009345554318443668,1.0
2021-10-27,0.007897826552124565,0.007897826552124444,1.0
2021-10-28,0.032829104101302686,0.03282910410130264,1.0
2021-10-29,0.014780786519954514,0.014780786519954639,1.0
2021-11-01,0.009860638922665865,0.009860638922665883,1.0
2021-11-02,0.013338562013874844,0.013338562013874665,1.0
2021-11-03,0.031742002914442624,0.03174200291444268,1.0
2021-11-04,0.03729718327156051,0.037297183271560494,1.0
2021-11-05,0.003707357785328602,0.0037073577853286004,1.0
2021-11-08,-0.0041042488424142265,-0.004104248842414175,1.0
2021-11-09,-0.020605154452708385,-0.02060515445270837,1.0
2021-11-10,-0.04382052671001668,-0.04382052671001677,1.0
2021-11-11,0.008109434245806568,0.00810943424580658,1.0
2021-11-12,0.03174130099845929,0.031741300998459246,1.0
2021-11-15,-0.0003024435870954134,-0.00030244358709530337,1.0
2021-11-16,0.02067743416103207,0.02067743416103202,1.0
2021-11-17,0.001184674347124881,0.001184674347124745,1.0
2021-11-18,0.030588060641342008,0.03058806064134212,1.0
2021-11-19,0.01693539176822534,0.016935391768225262,1.0
2021-11-22,-0.03466181338001861,-0.034661813380018586,1.0
2021-11-23,-0.013625519216730386,-0.013625519216730355,1.0
2021-11-24,0.009248600877320712,0.009248600877320625,1.0
2021-11-26,-0.05516074102445401,-0.05516074102445397,1.0
2021-11-29,0.062111440044950283,0.06211144004495016,1.0
2021-11-30,-0.04296663619460772,-0.04296663619460772,1.0
2021-12-01,-0.05131810548592475,-0.05131810548592482,1.0
2021-12-02,0.018826609458042043,0.018826609458042057,1.0
2021-12-03,-0.05024698090176127,-0.050246980901761135,1.0
2021-12-06,0.023387759460896218,0.02338775946089624,1.0
2021-12-07,0.09017497506899574,0.08908507263767028,0.0
2021-12-08,0.01391569598984499,0.0,0.0
2021-12-09,-0.043176306646287244,-0.0009992504996876267,1.0
2021-12-10,0.030965084712182733,0.029934377368741657,0.0
2021-12-13,-0.04299237481908447,-0.000999250499687511,1.0
2021-12-14,-0.02976247856186809,-0.030732473523925722,0.0
2021-12-15,0.06617341788555087,0.0,0.0
2021-12-16,-0.0763010438697811,0.0,0.0
2021-12-17,-0.015280389281842499,0.0,0.0
2021-12-20,-0.029907287769634916,0.0,0.0
2021-12-21,0.06685393634256709,0.0,0.0
2021-12-22,0.03568913739943724,0.0,0.0
2021-12-23,0.023756285988169257,0.0,0.0
2021-12-27,0.04780040981003997,0.0,0.0
2021-12-28,-0.01176545263534634,0.0,0.0
2021-12-29,-0.001575781022802647,0.0,0.0
2021-12-30,-0.009352199278516715,0.0,0.0
2021-12-31,-0.018586482592537146,0.0,0.0
2022-01-03,0.028858603050007536,0.0,0.0
2022-01-04,-0.0388594155628349,0.0,0.0
2022-01-05,-0.09198694329658841,0.0,0.0
2022-01-06,-0.0027451527187914992,0.0,0.0
2022-01-07,-0.03269783502723789,0.0,0.0
2022-01-10,0.0036789417583107387,0.0,0.0
2022-01-11,0.04398337302571331,0.0,0.0
2022-01-12,0.011393709967277621,0.0,0.0
2022-01-13,-0.07257033137225422,0.0,0.0
2022-01-14,0.015113183456870738,0.0,0.0
2022-01-18,-0.07207444110185668,-0.0009992504996876315,1.0
2022-01-19,-0.034787894359089466,-0.03575286516170392,0.0
2022-01-20,-0.03868274817809392,0.0,0.0
2022-01-21,-0.08419514433662578,0.0,0.0
2022-01-24,0.014469757756157664,0.0,0.0
2022-01-25,-0.0737520318462046,0.0,0.0
2022-01-26,-0.0018779040024391458,0.0,0.0
2022-01-27,-0.02991516780046921,0.0,0.0
2022-01-28,0.09328931154356912,0.0,0.0
2022-01-31,0.09685979412706214,0.0,0.0
2022-02-01,0.019084760519841426,0.0,0.0
2022-02-02,0.02364698762080586,0.0,0.0
2022-02-03,-0.12030992326538736,0.0,0.0
2022-02-04,0.034543448030939894,0.0,0.0
2022-02-07,-0.022657718087787937,0.0,0.0
2022-02-08,0.033989901507433196,0.0,0.0
2022-02-09,0.06203652073127475,0.0,0.0
2022-02-10,-0.06634923696865458,0.0,0.0
2022-02-11,-0.0941855707782484,0.0,0.0
2022-02-14,0.002815194174399238,0.0,0.0
2022-02-15,0.07243129335745402,0.0,0.0
2022-02-16,-0.00017457323354141963,0.0,0.0
2022-02-17,-0.08867166338532095,0.0,0.0
2022-02-18,-0.03390150944810899,0.0,0.0
2022-02-22,-0.030927794063329794,0.0,0.0
2022-02-23,-0.07651383117693011,0.0,0.0
2022-02-24,0.09791728438314706,0.0,0.0
2022-02-25,0.04741731840202612,0.0,0.0
2022-02-28,0.010595399156725804,0.0,0.0
2022-03-01,-0.04613067432035067,0.0,0.0
2022-03-02,0.04776200584602397,0.0,0.0
2022-03-03,-0.04176985431292801,0.0,0.0
2022-03-04,-0.042794606851438544,0.0,0.0
2022-03-07,-0.11166569391110626,0.0,0.0
2022-03-08,-0.013810656397452159,0.0,0.0
2022-03-09,0.10704945076286965,0.0,0.0
2022-03-10,-0.03216114169408646,0.0,0.0
2022-03-11,-0.062029382231392316,0.0,0.0
2022-03-14,-0.05857348826018005,0.0,0.0
2022-03-15,0.09257414126062491,0.0,0.0
2022-03-16,0.11228466808490611,0.0,0.0
2022-03-17,0.033443521157163314,0.0,0.0
2022-03-18,0.06212538046334304,0.0,0.0
2022-03-21,-0.007146952150482444,0.0,0.0
2022-03-22,0.059102254582498404,-0.000999250499687484,1.0
2022-03-23,-0.04221085246471068,-0.04221085246471067,1.0
2022-03-24,0.06479944802387072,0.06479944802387064,1.0
2022-03-25,-0.0015783817897269126,-0.0015783817897270765,1.0
2022-03-28,0.045494370164336884,0.045494370164336856,1.0
2022-03-29,0.0512432539376626,0.0512432539376626,1.0
2022-03-30,-0.03004646220697338,-0.030046462206973434,1.0
2022-03-31,-0.04135756758676867,-0.0423159703585736,0.0
2022-04-01,-0.004297077129956195,0.0,0.0
2022-04-04,0.0624891385941011,0.0,0.0
2022-04-05,-0.06612498431176439,0.0,0.0
2022-04-06,-0.06576207752247609,0.0,0.0
2022-04-07,0.00651758523847823,0.0,0.0
2022-04-08,-0.040887912797029746,0.0,0.0
2022-04-11,-0.07098753659489365,0.0,0.0
2022-04-12,-0.012873926249774348,0.0,0.0
2022-04-13,0.059949556499631074,0.0,0.0
2022-04-14,-0.06727528983107256,0.0,0.0
2022-04-18,0.0027660320713964737,0.0,0.0
2022-04-19,0.06429026905165958,0.0,0.0
2022-04-20,-0.04505587075741868,0.0,0.0
2022-04-21,-0.05866383445779322,0.0,0.0
2022-04-22,-0.0793968380421245,0.0,0.0
2022-04-25,0.03709949165370374,0.0,0.0
2022-04-26,-0.11242756256172326,0.0,0.0
2022-04-27,-0.0044487738107859,0.0,0.0
2022-04-28,0.10567814895540928,0.0,0.0
2022-04-29,-0.13147883435670582,0.0,0.0
2022-05-02,0.04708443568419529,0.0,0.0
2022-05-03,0.0023531338697344584,0.0,0.0
2022-05-04,0.09911314733575449,0.0,0.0
2022-05-05,-0.14902713706427517,0.0,0.0
2022-05-06,-0.03485799864888439,0.0,0.0
2022-05-09,-0.11817369661713395,0.0,0.0
2022-05-10,0.03440363656912471,0.0,0.0
2022-05-11,-0.0890084815961053,0.0,0.0
2022-05-12,-0.007997143877186752,0.0,0.0
2022-05-13,0.10865746239113228,0.0,0.0
2022-05-16,-0.03098323383362156,0.0,0.0
2022-05-17,0.07536690556162773,0.0,0.0
2022-05-18,-0.14593451711666983,0.0,0.0
2022-05-19,-0.02024849856899036,0.0,0.0
2022-05-20,-0.00870199084326262,0.0,0.0
2022-05-23,0.049378132051114854,0.0,0.0
2022-05-24,-0.062391004523698945,0.0,0.0
2022-05-25,0.04014862788115425,0.0,0.0
2022-05-26,0.08363127378079382,0.0,0.0
2022-05-27,0.09795508449593693,0.0,0.0
2022-05-31,-0.007209399761867408,0.0,0.0
2022-06-01,-0.023298153391326903,0.0,0.0
2022-06-02,0.08116506852046901,0.0,0.0
2022-06-03,-0.07908321754750092,0.0,0.0
2022-06-06,0.012445786051632268,0.0,0.0
2022-06-07,0.024277746127637556,0.0,0.0
2022-06-08,-0.02040211569919348,0.0,0.0
2022-06-09,-0.0814701384650357,0.0,0.0
2022-06-10,-0.10670216912590003,0.0,0.0
2022-06-13,-0.13848453571822106,0.0,0.0
2022-06-14,0.006499114286382168,0.0,0.0
2022-06-15,0.07188959283455665,0.0,0.0
2022-06-16,-0.12208819091235934,-0.0009992504996875053,1.0
2022-06-17,0.03705388989516756,0.03705388989516757,1.0
2022-06-21,0.07542997599508583,0.07542997599508577,1.0
2022-06-22,-0.0036915238982123677,-0.003691523898212362,1.0
2022-06-23,0.042816059000536644,0.042816059000536776,1.0
2022-06-24,0.10461899509419714,0.10351465225385173,0.0
2022-06-27,-0.023588296962774202,0.0,0.0
2022-06-28,-0.09114211816503848,-0.0009992504996875606,1.0
2022-06-29,0.002013741546816439,0.0020137415468164193,1.0
2022-06-30,-0.03536983401178895,-0.035369834011788885,1.0
2022-07-01,0.016250274074430582,0.016250274074430516,1.0
2022-07-05,0.0516603809825138,0.05166038098251382,1.0
2022-07-06,0.0191034268642003,0.01910342686420029,1.0
2022-07-07,0.06197391232699401,0.06197391232699407,1.0
2022-07-08,0.004682978927678549,0.004682978927678525,1.0
2022-07-11,-0.06382218828319952,-0.06382218828319972,1.0
2022-07-12,-0.02910758088837828,-0.0291075808883782,1.0
2022-07-13,-0.006311503078659464,-0.0063115030786595324,1.0
2022-07-14,0.01032135554747593,0.01032135554747589,1.0
2022-07-15,0.05265246470357998,0.052652464703580135,1.0
2022-07-18,-0.02314304954702462,-0.023143049547024848,1.0
2022-07-19,0.08750484017888338,0.08750484017888349,1.0
2022-07-20,0.050245688870950156,0.05024568887095019,1.0
2022-07-21,0.04248932996408028,0.04248932996408017,1.0
2022-07-22,-0.05231069242093911,-0.052310692420939164,1.0
2022-07-25,-0.014900022940455782,-0.014900022940455797,1.0
2022-07-26,-0.06050191118316872,-0.060501911183168625,1.0
2022-07-27,0.12477130812449877,0.12477130812449873,1.0
2022-07-28,0.028627173679675044,0.028627173679675044,1.0
2022-07-29,0.05502841871060227,0.05502841871060231,1.0
2022-08-01,-0.0014987766683298709,-0.0014987766683298744,1.0
2022-08-02,-0.009306520036643007,-0.009306520036643054,1.0
2022-08-03,0.08000000243081495,0.08000000243081494,1.0
2022-08-04,0.014309847197399916,0.014309847197399821,1.0
2022-08-05,-0.023789798475879143,-0.02378979847587909,1.0
2022-08-08,-0.010201228689050601,-0.0102012286890506,1.0
2022-08-09,-0.03435466912025176,-0.0343546691202518,1.0
2022-08-10,0.0821230441330949,0.08212304413309501,1.0
2022-08-11,-0.015068357975668523,-0.015068357975668634,1.0
2022-08-12,0.056467103660846174,0.05646710366084613,1.0
2022-08-15,0.023959992088138815,0.023959992088138992,1.0
2022-08-16,-0.006428283540005131,-0.0064282835400051195,1.0
2022-08-17,-0.034679270516288274,-0.0346792705162883,1.0
2022-08-18,0.006702412292067805,0.006702412292067813,1.0
2022-08-19,-0.05858845814466962,-0.05858845814466959,1.0
2022-08-22,-0.07864216742184382,-0.07864216742184386,1.0
2022-08-23,-0.003377446467476619,-0.003377446467476589,1.0
2022-08-24,0.007701971720823764,0.007701971720823709,1.0
2022-08-25,0.05258350612294449,0.05258350612294444,1.0
2022-08-26,-0.12169648549683376,-0.1216964854968338,1.0
2022-08-29,-0.030753856475813524,-0.03075385647581352,1.0
2022-08-30,-0.03343588286746779,-0.033435882867467834,1.0
2022-08-31,-0.01835489085984565,-0.018354890859845555,1.0
2022-09-01,0.0010786445682262613,0.001078644568226306,1.0
2022-09-02,-0.041666612641278244,-0.04166661264127814,1.0
2022-09-06,-0.022863467947932037,-0.022863467947932144,1.0
2022-09-07,0.05907164264685871,0.059071642646858755,1.0
2022-09-08,0.01629846842683813,0.016298468426838113,1.0
2022-09-09,0.06343530683746068,0.062372137389449876,0.0
2022-09-12,0.036528261370541104,0.0,0.0
2022-09-13,-0.16456503633977027,0.0,0.0
2022-09-14,0.022445671221913654,0.0,0.0
2022-09-15,-0.05034058023048238,0.0,0.0
2022-09-16,-0.01952972728735436,0.0,0.0
2022-09-19,0.023983872491663005,0.0,0.0
2022-09-20,-0.023819143572534784,0.0,0.0
2022-09-21,-0.05490037479134313,0.0,0.0
2022-09-22,-0.037005307207155,0.0,0.0
2022-09-23,-0.04781051389897728,0.0,0.0
2022-09-26,-0.013608359497464195,0.0,0.0
2022-09-27,0.0009513829207494773,0.0,0.0
2022-09-28,0.05846015595780063,0.0,0.0
2022-09-29,-0.0844187256537523,0.0,0.0
2022-09-30,-0.05247647070799488,0.0,0.0
2022-10-03,0.06935791823067783,0.0,0.0
2022-10-04,0.09293337997768991,0.0,0.0
2022-10-05,0.0,0.0,0.0
2022-10-06,-0.025243452758095142,0.0,0.0
2022-10-07,-0.11403917506723771,0.0,0.0
2022-10-10,-0.03128201605201675,0.0,0.0
2022-10-11,-0.039703749566190716,0.0,0.0
2022-10-12,-0.002204859335745213,0.0,0.0
2022-10-13,0.06685080357044915,0.0,0.0
2022-10-14,-0.09010888580673071,0.0,0.0
2022-10-17,0.09846316380113063,0.0,0.0
2022-10-18,0.02487067101445084,0.0,0.0
2022-10-19,-0.012133413509672564,0.0,0.0
2022-10-20,-0.016888446797400203,0.0,0.0
2022-10-21,0.0707963123614812,0.0,0.0
2022-10-24,0.034030470333492824,0.0,0.0
2022-10-25,0.060178496691619676,0.0,0.0
2022-10-26,-0.06607541543588136,0.0,0.0
2022-10-27,-0.05508074109970085,-0.0009992504996875653,1.0
2022-10-28,0.09045220458895042,0.0904522045889504,1.0
2022-10-31,-0.0345621150940566,-0.03456211509405658,1.0
2022-11-01,-0.031026226710539007,-0.031026226710539003,1.0
2022-11-02,-0.10344826904901594,-0.10344826904901588,1.0
2022-11-03,-0.057692248360291964,-0.057692248360292,1.0
2022-11-04,0.04664705133973879,0.046647051339738746,1.0
2022-11-07,0.03175482946480468,0.03175482946480475,1.0
2022-11-08,0.0215982480490986,0.02159824804909868,1.0
2022-11-09,-0.06976750348537553,-0.06976750348537543,1.0
2022-11-10,0.21875013174828983,0.2187501317482897,1.0
2022-11-11,0.05687649056876487,0.05687649056876491,1.0
2022-11-14,-0.02646662099693997,-0.02646662099693984,1.0
2022-11-15,0.04032588701086137,0.0403258870108614,1.0
2022-11-16,-0.04050499971307431,-0.040504999713074405,1.0
2022-11-17,-0.0077166431942127245,-0.007716643194212734,1.0
2022-11-18,-0.000915008263880579,-0.0009150082638804147,1.0
2022-11-21,-0.030219621294720556,-0.030219621294720517,1.0
2022-11-22,0.042020692773890644,0.04202069277389071,1.0
2022-11-23,0.029904688380836486,0.0299046883808365,1.0
2022-11-25,-0.020677379310709898,-0.02067737931071003,1.0
2022-11-28,-0.04402505354324138,-0.044025053543241426,1.0
2022-11-29,-0.023966206377713073,-0.02396620637771302,1.0
2022-11-30,0.13432813339716176,0.1343281333971618,1.0
2022-12-01,0.005517890990137442,0.005517890990137288,1.0
2022-12-02,-0.011819209271027753,-0.011819209271027604,1.0
2022-12-05,-0.050405911651947855,-0.05040591165194795,1.0
2022-12-06,-0.06342790813523957,-0.06342790813523949,1.0
2022-12-07,-0.012007684178121592,-0.012007684178121567,1.0
2022-12-08,0.03548866697409325,0.03548866697409328,1.0
2022-12-09,-0.019248947671092642,-0.019248947671092788,1.0
2022-12-12,0.036380996503998286,0.0363809965039984,1.0
2022-12-13,0.03140880990991901,0.03140880990991905,1.0
2022-12-14,-0.02373484594707942,-0.023734845947079485,1.0
2022-12-15,-0.09908277675958121,-0.09908277675958131,1.0
2022-12-16,-0.02953118131566579,-0.029531181315665612,1.0
2022-12-19,-0.04144816315004063,-0.04144816315004071,1.0
2022-12-20,-0.004378670296258047,-0.004378670296258117,1.0
2022-12-21,0.04343045611283891,0.04343045611283915,1.0
2022-12-22,-0.07107298860005151,-0.07107298860005162,1.0
2022-12-23,0.0028505353128105426,0.002850535312810593,1.0
2022-12-27,-0.04263785391045194,-0.04263785391045205,1.0
2022-12-28,-0.04037992298374948,-0.04037992298374946,1.0
2022-12-29,0.07054446392529656,0.07054446392529658,1.0
2022-12-30,0.0,0.0,1.0
2023-01-03,-0.022543457590684768,-0.023520669768958356,0.0
2023-01-04,0.015375590704092668,0.0,0.0
2023-01-05,-0.047175393064368354,0.0,0.0
2023-01-06,0.07823983301915494,0.0,0.0
2023-01-09,0.020975126574819702,0.0,0.0
2023-01-10,0.026651818313943254,-0.0009992504996876844,1.0
2023-01-11,0.04975637841628333,0.04975637841628328,1.0
2023-01-12,0.015455969128148173,0.015455969128148018,1.0
2023-01-13,0.019787004486018,0.01978700448601812,1.0
2023-01-17,0.005472639482529074,0.005472639482528936,1.0
2023-01-18,-0.037110233759546696,-0.037110233759546675,1.0
2023-01-19,-0.03134634453605767,-0.03134634453605756,1.0
2023-01-20,0.08169743092462545,0.08169743092462553,1.0
2023-01-23,0.06571855121482906,0.06571855121482881,1.0
2023-01-24,-0.005982448729376921,-0.005982448729376854,1.0
2023-01-25,-0.007407334884375172,-0.007407334884375272,1.0
2023-01-26,0.05783583200639009,0.05783583200639017,1.0
2023-01-27,0.028659477445402315,0.02865947744540255,1.0
2023-01-30,-0.06000860795158891,-0.06000860795158895,1.0
2023-01-31,0.044687697755517064,0.044687697755517036,1.0
2023-02-01,0.06460065555954198,0.06460065555954206,1.0
2023-02-02,0.1033210226459389,0.10332102264593884,1.0
2023-02-03,-0.051653641146581886,-0.05165364114658188,1.0
2023-02-06,-0.025470335996107485,-0.025470335996107502,1.0
2023-02-07,0.06192186554157786,0.06086020915650278,0.0
2023-02-08,-0.05376734712007669,-0.000999250499687493,1.0
2023-02-09,-0.026810627683092614,-0.027783573758066452,0.0
2023-02-10,-0.020559367038597953,0.0,0.0
2023-02-13,0.047439143732321165,0.0,0.0
2023-02-14,0.021643326506390004,0.0,0.0
2023-02-15,0.022361663894260975,-0.0009992504996875072,1.0
2023-02-16,-0.05717568684571295,-0.05717568684571284,1.0
2023-02-17,-0.021571008979671902,-0.0225491933634445,0.0
2023-02-21,-0.07029957633029893,0.0,0.0
2023-02-22,0.0008948793885577011,0.0,0.0
2023-02-23,0.02503359597711574,0.0,0.0
2023-02-24,-0.050588927766459624,0.0,0.0
2023-02-27,0.021589714503667423,0.0,0.0
2023-02-28,-0.004946223788054982,0.0,0.0
2023-03-01,-0.024401218280408643,0.0,0.0
2023-03-02,0.02408524214658181,0.0,0.0
2023-03-03,0.06105817800802216,0.0,0.0
2023-03-06,0.004262522685817061,0.0,0.0
2023-03-07,-0.03735121036093958,0.0,0.0
2023-03-08,0.013668322859962556,0.0,0.0
2023-03-09,-0.05263160178415793,0.0,0.0
2023-03-10,-0.04132235795745742,0.0,0.0
2023-03-13,0.021551604701403937,0.0,0.0
2023-03-14,0.06797972008251518,0.0,0.0
2023-03-15,0.014486308259272329,0.0,0.0
2023-03-16,0.07918630943419158,0.0,0.0
2023-03-17,-0.014835497296659117,-0.000999250499687528,1.0
2023-03-20,0.010581897160719222,0.00957156790903284,0.0
2023-03-21,0.04228772494128896,-0.0009992504996875014,1.0
2023-03-22,-0.040808535805449186,-0.04080853580544924,1.0
2023-03-23,0.03565654640050209,0.03565654640050206,1.0
2023-03-24,0.010172132620068552,0.01017213262006853,1.0
2023-03-27,-0.02052681010889612,-0.02052681010889608,1.0
2023-03-28,-0.01660731970364926,-0.016607319703649166,1.0
2023-03-29,0.054684423828689654,0.05468442382868956,1.0
2023-03-30,0.02706821522661218,0.02706821522661225,1.0
2023-03-31,0.048997708220638314,0.04899770822063842,1.0
2023-04-03,-0.007077095781852671,-0.007077095781852822,1.0
2023-04-04,-0.009978595684641212,-0.009978595684641108,1.0
2023-04-05,-0.03203759147467322,-0.03203759147467323,1.0
2023-04-06,0.020082005999492614,0.02008200599949253,1.0
2023-04-10,-0.0021874948704037056,-0.002187494870403681,1.0
2023-04-11,-0.01936420604385447,-0.019364206043854467,1.0
2023-04-12,-0.026453177364669234,-0.026453177364669237,1.0
2023-04-13,0.057405261851059874,0.057405261851059826,1.0
2023-04-14,-0.005790713350930954,-0.0057907133509309955,1.0
2023-04-17,0.001092046588018647,0.0010920465880187825,1.0
2023-04-18,0.0007273330520363164,0.0007273330520361978,1.0
2023-04-19,-0.0021804132694710487,-0.002180413269470941,1.0
2023-04-20,-0.02330639686765168,-0.023306396867651624,1.0
2023-04-21,0.0018642129393107165,0.001864212939310678,1.0
2023-04-24,-0.005954499281044301,-0.005954499281044272,1.0
2023-04-25,-0.05653321047637738,-0.056533210476377424,1.0
2023-04-26,0.016666788667925037,0.01666678866792492,1.0
2023-04-27,0.08079612682503479,0.08079612682503468,1.0
2023-04-28,0.020223721236053427,0.020223721236053507,1.0
2023-05-01,-0.002831742562577122,-0.0028317425625771775,1.0
2023-05-02,-0.02662402331592939,-0.02662402331592932,1.0
2023-05-03,-0.019693695421982182,-0.019693695421982228,1.0
2023-05-04,-0.011160754475503243,-0.011160754475503375,1.0
2023-05-05,0.06132439298642356,0.0602633339245354,0.0
2023-05-08,0.008153180254984127,0.0,0.0
2023-05-09,-0.01933895744671943,0.0,0.0
2023-05-10,0.032269601826274696,-0.0009992504996875755,1.0
2023-05-11,0.008336229819186913,0.00833622981918702,1.0
2023-05-12,-0.010334173675037195,-0.010334173675037245,1.0
2023-05-15,0.015314959855265542,0.01531495985526554,1.0
2023-05-16,0.0037712424353817386,0.0037712424353818367,1.0
2023-05-17,0.035860438003475936,0.0358604380034758,1.0
2023-05-18,0.05374224435387909,0.053742244353879164,1.0
2023-05-19,-0.0068836162733492134,-0.0068836162733491284,1.0
2023-05-22,0.010396837091805278,0.010396837091805129,1.0
2023-05-23,-0.03866522698169861,-0.03866522698169849,1.0
2023-05-24,-0.016218089982634853,-0.01621808998263491,1.0
2023-05-25,0.07220583870976593,0.072205838709766,1.0
2023-05-26,0.07564580079591465,0.0756458007959147,1.0
2023-05-30,0.014008030186460685,0.014008030186460746,1.0
2023-05-31,-0.0202990701408875,-0.020299070140887495,1.0
2023-06-01,0.03625891977714435,0.03625891977714426,1.0
2023-06-02,0.02249407785319235,0.022494077853192455,1.0
2023-06-05,0.00217258877123383,0.0021725887712337223,1.0
2023-06-06,-0.0010841006914958928,-0.0010841006914957907,1.0
2023-06-07,-0.051003617770177145,-0.05100361777017716,1.0
2023-06-08,0.034305322187302645,0.034305322187302596,1.0
2023-06-09,0.01216121579483298,0.012161215794833105,1.0
2023-06-12,0.05106522100855182,0.0510652210085519,1.0
2023-06-13,0.022343356771216127,0.022343356771216155,1.0
2023-06-14,0.021346538817758942,0.021346538817758838,1.0
2023-06-15,0.03508370696993479,0.03508370696993475,1.0
2023-06-16,-0.019230741722850886,-0.019230741722850768,1.0
2023-06-20,-0.004902075173255249,-0.004902075173255245,1.0
2023-06-21,-0.04007704986637728,-0.04007704986637723,1.0
2023-06-22,0.03320468563185419,0.0332046856318541,1.0
2023-06-23,-0.029646251395380574,-0.029646251395380616,1.0
2023-06-26,-0.03953801266130963,-0.03953801266130959,1.0
2023-06-27,0.04945220998122335,0.04945220998122325,1.0
2023-06-28,0.0061129585373622675,0.006112958537362164,1.0
2023-06-29,-0.006835382082500896,-0.006835382082500899,1.0
2023-06-30,0.04511861943427542,0.045118619434275316,1.0
2023-07-03,0.006829231405957481,0.006829231405957437,1.0
2023-07-05,-0.0007268121351090562,-0.0007268121351090704,1.0
2023-07-06,-0.02351514679734701,-0.023515146797347,1.0
2023-07-07,-0.010179013866184472,-0.010179013866184531,1.0
2023-07-10,0.000752813603649205,0.0007528136036493629,1.0
2023-07-11,0.014285761009149134,0.014285761009149134,1.0
2023-07-12,0.03706433916196428,0.03706433916196436,1.0
2023-07-13,0.04979742245991314,0.049797422459913046,1.0
2023-07-14,-0.0009076686557950575,-0.0009076686557949643,1.0
2023-07-17,0.02771438976795637,0.027714389767956444,1.0
2023-07-18,0.023872818161761122,0.023872818161761178,1.0
2023-07-19,0.0,0.0,1.0
2023-07-20,-0.0701639820674601,-0.07016398206746007,1.0
2023-07-21,-0.008822936660489056,-0.008822936660489139,1.0
2023-07-24,0.0039822919085739095,0.0029785606122385154,0.0
2023-07-25,0.020065359073085487,0.0,0.0
2023-07-26,-0.010292738940036239,0.0,0.0
2023-07-27,-0.008550843856964918,0.0,0.0
2023-07-28,0.054078952486809495,0.0,0.0
2023-07-31,0.001990368574983581,0.0,0.0
2023-08-01,-0.007724675217676502,0.0,0.0
2023-08-02,-0.0653914218264593,0.0,0.0
2023-08-03,-0.007139278274218452,0.0,0.0
2023-08-04,-0.013902460501669989,0.0,0.0
2023-08-07,0.02479340272904884,0.0,0.0
2023-08-08,-0.025616563736426845,0.0,0.0
2023-08-09,-0.03334969490750095,0.0,0.0
2023-08-10,0.004532889239382332,0.0,0.0
2023-08-11,-0.020055144932155322,0.0,0.0
2023-08-14,0.03325686681228901,0.0,0.0
2023-08-15,-0.030700693716798177,0.0,0.0
2023-08-16,-0.03320589031779542,0.0,0.0
2023-08-17,-0.03381783734385335,0.0,0.0
2023-08-18,-0.004648297963404047,0.0,0.0
2023-08-21,0.0483516029854314,0.0,0.0
2023-08-22,-0.004455032155197158,0.0,0.0
2023-08-23,0.04711759579596553,0.0,0.0
2023-08-24,-0.06586224653111217,0.0,0.0
2023-08-25,0.023681573593970162,0.0,0.0
2023-08-28,0.02234459739088135,0.0,0.0
2023-08-29,0.06376989084901208,0.0,0.0
2023-08-30,0.01667868693719199,0.0,0.0
2023-08-31,0.009034711332167822,0.0,0.0
2023-09-01,-0.003534173084191017,0.0,0.0
2023-09-05,0.0026009564300757404,0.0,0.0
2023-09-06,-0.026415137981327663,0.0,0.0
2023-09-07,-0.02180225651841372,0.0,0.0
2023-09-08,0.002971752049818477,0.0,0.0
2023-09-11,0.034074133527211226,0.0,0.0
2023-09-12,-0.03199614596642286,0.0,0.0
2023-09-13,0.009866646299132142,0.0,0.0
2023-09-14,0.023448823975215083,0.0,0.0
2023-09-15,-0.05131254554992026,0.0,0.0
2023-09-18,0.0022642631917455525,0.0,0.0
2023-09-19,-0.0060242620174806305,0.0,0.0
2023-09-20,-0.04335921767966,0.0,0.0
2023-09-21,-0.05695361487009831,0.0,0.0
2023-09-22,0.0008428058594378562,0.0,0.0
2023-09-25,0.013190959289507198,0.0,0.0
2023-09-26,-0.04459811775842615,0.0,0.0
2023-09-27,0.006088481266171897,0.0,0.0
2023-09-28,0.024207679600913856,0.0,0.0
2023-09-29,0.002250721929675459,-0.0009992504996873893,1.0
2023-10-02,0.023863218611682058,0.02386321861168196,1.0
2023-10-03,-0.0529203652081327,-0.052920365208132675,1.0
2023-10-04,0.04053295364635834,0.0394926808259503,0.0
2023-10-05,-0.010573450195282219,-0.0009992504996875532,1.0
2023-10-06,0.05033756255709099,0.0503375625570911,1.0
2023-10-09,0.014725579252856003,0.014725579252856134,1.0
2023-10-10,0.016358776610760017,0.016358776610760087,1.0
2023-10-11,0.021287846640671404,0.021287846640671394,1.0
2023-10-12,-0.011692945317427816,-0.011692945317427716,1.0
2023-10-13,-0.03780867435209323,-0.03780867435209327,1.0
2023-10-16,0.033680668352885856,0.03368066835288574,1.0
2023-10-17,-0.009568159044989866,-0.00956815904498981,1.0
2023-10-18,-0.042297479061975674,-0.042297479061975715,1.0
2023-10-19,-0.0267174736022453,-0.02671747360224513,1.0
2023-10-20,-0.04509802817753372,-0.04605269142386327,0.0
2023-10-23,0.008799986868451626,0.0,0.0
2023-10-24,0.028205980256787777,0.0,0.0
2023-10-25,-0.0732466270412857,0.0,0.0
2023-10-26,-0.05828505661651562,0.0,0.0
2023-10-27,0.01425793639012407,0.0,0.0
2023-10-30,0.03226852627059862,0.0,0.0
2023-10-31,0.014546573721194722,0.0,0.0
2023-11-01,0.05155571268884063,0.0,0.0
2023-11-02,0.05308955212960442,0.0,0.0
2023-11-03,0.03526183149880935,-0.0009992504996876046,1.0
2023-11-06,0.011442271475440746,0.01144227147544063,1.0
2023-11-07,0.028150402542566066,0.028150402542566264,1.0
2023-11-08,0.0017913289795585818,0.0017913289795584183,1.0
2023-11-09,-0.023754947542436677,-0.023754947542436587,1.0
2023-11-10,0.06671888522687652,0.06671888522687652,1.0
2023-11-13,-0.009075028684768949,-0.009075028684769044,1.0
2023-11-14,0.06287114014251771,0.06287114014251798,1.0
2023-11-15,0.002794775951271422,0.0027947759512713115,1.0
2023-11-16,0.0016255746090059198,0.0016255746090059263,1.0
2023-11-17,0.0006952961797266344,0.0006952961797266225,1.0
2023-11-20,0.03568143632928322,0.03568143632928335,1.0
2023-11-21,-0.01812094973372158,-0.018120949733721577,1.0
2023-11-22,0.011620209561335804,0.011620209561336001,1.0
2023-11-24,-0.004955064056827996,-0.004955064056828187,1.0
2023-11-27,-0.002942621686740976,-0.0029426216867408403,1.0
2023-11-28,0.007945741981886467,0.00794574198188661,1.0
2023-11-29,-0.0036038927295639622,-0.0036038927295640667,1.0
2023-11-30,-0.00836322128006961,-0.00836322128006955,1.0
2023-12-01,0.008433754636314905,0.008433754636314864,1.0
2023-12-04,-0.02848078969203205,-0.028480789692032056,1.0
2023-12-05,0.007212491236061158,0.0072124912360612085,1.0
2023-12-06,-0.01778668521462279,-0.017786685214622833,1.0
2023-12-07,0.041862322964028476,0.04186232296402859,1.0
2023-12-08,0.011963922055043819,0.011963922055043806,1.0
2023-12-11,0.025429620444255674,0.02542962044425543,1.0
2023-12-12,0.024145964623053073,0.02414596462305321,1.0
2023-12-13,0.0352591849827848,0.035259184982784846,1.0
2023-12-14,-0.001641413355374044,-0.0016414133553740644,1.0
2023-12-15,0.011919528725678807,0.011919528725678818,1.0
2023-12-18,0.020917942173229953,0.020917942173230012,1.0
2023-12-19,0.01491940854157603,0.014919408541575883,1.0
2023-12-20,-0.04443193036825421,-0.044431930368254186,1.0
2023-12-21,0.03316871605066596,0.033168716050665965,1.0
2023-12-22,0.0039880960297411505,0.003988096029741133,1.0
2023-12-26,0.018271886652089453,0.018271886652089488,1.0
2023-12-27,0.005266321567859222,0.005266321567859221,1.0
2023-12-28,-0.002522347150786808,-0.002522347150786758,1.0
2023-12-29,-0.013810572934326637,-0.01381057293432674,1.0
2024-01-02,-0.05069014266851246,-0.050690142668512427,1.0
2024-01-03,-0.03199675628907139,-0.031996756289071344,1.0
2024-01-04,-0.016741848971861928,-0.016741848971861914,1.0
2024-01-05,0.0037110834477764865,0.0037110834477763247,1.0
2024-01-08,0.06024342809671035,0.0602434280967106,1.0
2024-01-09,0.00656418618070731,0.006564186180707264,1.0
2024-01-10,0.01976746175627153,0.019767461756271407,1.0
2024-01-11,0.004796361996981302,0.004796361996981513,1.0
2024-01-12,0.0011934056961362405,0.0011934056961361208,1.0
2024-01-16,-0.0005959136503507212,-0.0005959136503506075,1.0
2024-01-17,-0.01729273609319204,-0.017292736093192155,1.0
2024-01-18,0.04288009055554953,0.04288009055554958,1.0
2024-01-19,0.057796679144023644,0.05779667914402373,1.0
2024-01-22,0.004033675612717946,0.0040336756127178856,1.0
2024-01-23,0.01187021262723631,0.011870212627236355,1.0
2024-01-24,0.016422895870456644,0.016422895870456648,1.0
2024-01-25,0.00284091027833977,0.00284091027833974,1.0
2024-01-26,-0.018413640140967247,-0.01841364014096723,1.0
2024-01-29,0.02940134926942295,0.02940134926942292,1.0
2024-01-30,-0.019975568657071507,-0.01997556865707156,1.0
2024-01-31,-0.05882352941176472,-0.0588235294117648,1.0
2024-02-01,0.035334350355789024,0.03533435035578907,1.0
2024-02-02,0.05027513092448266,0.050275130924482526,1.0
2024-02-05,-0.005066350930497787,-0.005066350930497718,1.0
2024-02-06,-0.005794572015904942,-0.005794572015904858,1.0
2024-02-07,0.029848171032965,0.029848171032964867,1.0
2024-02-08,0.004115765449343778,0.004115765449343766,1.0
2024-02-09,0.02937670107440793,0.029376701074407936,1.0
2024-02-12,-0.011780217353746236,-0.011780217353746222,1.0
2024-02-13,-0.04734722103467803,-0.04734722103467809,1.0
2024-02-14,0.03172364570023278,0.03172364570023275,1.0
2024-02-15,0.008370226603326758,0.008370226603326696,1.0
2024-02-16,-0.027443710743177085,-0.027443710743177106,1.0
2024-02-20,-0.023166635059430174,-0.023166635059430243,1.0
2024-02-21,-0.012482112791521116,-0.012482112791521066,1.0
2024-02-22,0.08649319838206981,0.08649319838206976,1.0
2024-02-23,-0.009140662447150394,-0.009140662447150331,1.0
2024-02-26,-0.0013419308510771444,-0.001341930851077139,1.0
2024-02-27,0.006214374606853035,0.0062143746068530036,1.0
2024-02-28,-0.01619084148983274,-0.016190841489832783,1.0
2024-02-29,0.024092213541430985,0.024092213541431037,1.0
2024-03-01,0.04589139833493516,0.04589139833493508,1.0
2024-03-04,-0.011880441359477856,-0.011880441359477837,1.0
2024-03-05,-0.05354268100776105,-0.053542681007761016,1.0
2024-03-06,0.018462029601846286,0.01846202960184624,1.0
2024-03-07,0.044570198766110014,0.04352588970989365,0.0
2024-03-08,-0.04378294925769033,0.0,0.0
2024-03-11,-0.01165502505493643,0.0,0.0
2024-03-12,0.042452998543795584,0.0,0.0
2024-03-13,-0.023270980615261894,0.0,0.0
2024-03-14,-0.008107294403329357,0.0,0.0
2024-03-15,-0.036530399657123125,0.0,0.0
2024-03-18,0.028220205307264656,0.0,0.0
2024-03-19,0.006903501858642747,0.0,0.0
2024-03-20,0.03549572687535951,0.0,0.0
2024-03-21,0.012965920803086117,0.0,0.0
2024-03-22,0.0020799305559768833,0.0,0.0
2024-03-25,-0.010218774261419816,-0.0009992504996875608,1.0
2024-03-26,-0.00935625464263845,-0.0093562546426385,1.0
2024-03-27,0.008793390681487212,0.007784849489153562,0.0
2024-03-28,-0.006295504668652696,0.0,0.0
2024-04-01,0.006172883018008557,0.0,0.0
2024-04-02,-0.026800167429254063,0.0,0.0
2024-04-03,0.0066357434015791306,0.0,0.0
2024-04-04,-0.04713260118947338,0.0,0.0
2024-04-05,0.03528186486872609,0.0,0.0
2024-04-08,0.0006684196873663062,0.0,0.0
2024-04-09,0.010350549855829394,0.0,0.0
2024-04-10,-0.02627234931545741,0.0,0.0
2024-04-11,0.04700503365221298,0.0,0.0
2024-04-12,-0.04829837178979568,0.0,0.0
2024-04-15,-0.05023839222658122,0.0,0.0
2024-04-16,0.00017923719677237493,0.0,0.0
2024-04-17,-0.03710995825860319,0.0,0.0
2024-04-18,-0.017873926336897883,0.0,0.0
2024-04-19,-0.06199040248439769,0.0,0.0
2024-04-22,0.029102652479551905,0.0,0.0
2024-04-23,0.04457974271456844,0.0,0.0
2024-04-24,0.009776315617336495,-0.000999250499687546,1.0
2024-04-25,-0.016012081755502505,-0.016012081755502488,1.0
2024-04-26,0.0459791914711305,0.04597919147113058,1.0
2024-04-29,0.011939322809926711,0.011939322809926625,1.0
2024-04-30,-0.05720410317678515,-0.0572041031767851,1.0
2024-05-01,-0.021615549877339824,-0.021615549877339907,1.0
2024-05-02,0.037015386093316005,0.03701538609331601,1.0
2024-05-03,0.059615280649332636,0.05961528064933265,1.0
2024-05-06,0.03280412424017021,0.032804124240170235,1.0
2024-05-07,0.0,0.0,1.0
2024-05-08,-0.0018784092814700948,-0.001878409281469974,1.0
2024-05-09,0.005474747180193473,0.005474747180193491,1.0
2024-05-10,0.006806304941778363,0.00680630494177833,1.0
2024-05-13,0.006591156188242131,0.0065911561882422455,1.0
2024-05-14,0.018636607743311107,0.018636607743311023,1.0
2024-05-15,0.04615141942013867,0.046151419420138666,1.0
2024-05-16,-0.006144799601864537,-0.006144799601864443,1.0
2024-05-17,-0.002219458890307724,-0.0022194588903077595,1.0
2024-05-20,0.020654651753137854,0.020654651753137975,1.0
2024-05-21,0.00513703090020079,0.005137030900200773,1.0
2024-05-22,-0.0006194807441203265,-0.0006194807441203061,1.0
2024-05-23,-0.014876753721354219,-0.014876753721354209,1.0
2024-05-24,0.02800053796572577,0.028000537965725724,1.0
2024-05-28,0.010864600738081487,0.010864600738081546,1.0
2024-05-29,-0.0208899739747459,-0.02088997397474599,1.0
2024-05-30,-0.032158513173519365,-0.03215851317351938,1.0
2024-05-31,-0.0011181449223230944,-0.0011181449223231468,1.0
2024-06-03,0.009755286343268166,0.009755286343268074,1.0
2024-06-04,0.007443876060961863,0.007443876060961868,1.0
2024-06-05,0.060367854427108014,0.060367854427108125,1.0
2024-06-06,-0.0011858280679127864,-0.0011858280679126817,1.0
2024-06-07,-0.003710837607131201,-0.0037108376071313095,1.0
2024-06-10,0.01057779919060442,0.010577799190604462,1.0
2024-06-11,0.020639883533888792,0.020639883533888806,1.0
2024-06-12,0.03943375527102133,0.039433755271021304,1.0
2024-06-13,0.015981048520195218,0.01598104852019514,1.0
2024-06-14,0.014498761014967831,0.014498761014967948,1.0
2024-06-17,0.03626801979344263,0.03626801979344269,1.0
2024-06-18,0.0005203233308506139,0.0005203233308505022,1.0
2024-06-20,-0.02353708860549719,-0.023537088605497147,1.0
2024-06-21,-0.009188840405825016,-0.009188840405825087,1.0
2024-06-24,-0.03387106757599023,-0.033871067575990205,1.0
2024-06-25,0.033388985086280076,0.03338898508628024,1.0
2024-06-26,0.006257077302298075,0.006257077302298066,1.0
2024-06-27,0.007252177771557289,0.007252177771557372,1.0
2024-06-28,-0.015733158781238377,-0.015733158781238387,1.0
2024-07-01,0.01639107468790746,0.016391074687907427,1.0
2024-07-02,0.030654405153746955,0.030654405153746945,1.0
2024-07-03,0.024570107968431953,0.024570107968431967,1.0
2024-07-05,0.030291459969843615,0.030291459969843542,1.0
2024-07-08,0.00661508486284923,0.006615084862849375,1.0
2024-07-09,0.002190853657554115,0.0021908536575539145,1.0
2024-07-10,0.0313295844973962,0.031329584497396326,1.0
2024-07-11,-0.06570118503766376,-0.06570118503766381,1.0
2024-07-12,0.01625703592720318,0.016257035927203404,1.0
2024-07-15,0.007440405187353116,0.007440405187353152,1.0
2024-07-16,0.0007387084270380484,0.0007387084270380626,1.0
2024-07-17,-0.08794574323687365,-0.08794574323687356,1.0
2024-07-18,-0.014969819606709511,-0.014969819606709532,1.0
2024-07-19,-0.027108610393263732,-0.027108610393263875,1.0
2024-07-22,0.0436253700801712,0.04362537008017111,1.0
2024-07-23,-0.010787627117985421,-0.010787627117985324,1.0
2024-07-24,-0.1078242781508788,-0.1078242781508788,1.0
2024-07-25,-0.033308013306521,-0.03427446362021785,0.0
2024-07-26,0.02860772668924194,0.0,0.0
2024-07-29,0.005838723135662249,0.0,0.0
2024-07-30,-0.040788136662073815,0.0,0.0
2024-07-31,0.08743433825201286,0.0,0.0
2024-08-01,-0.07205621666263617,0.0,0.0
2024-08-02,-0.07291674797921288,0.0,0.0
2024-08-05,-0.0871638297587396,0.0,0.0
2024-08-06,0.024990746992264112,0.0,0.0
2024-08-07,-0.03220523588137425,0.0,0.0
2024-08-08,0.0915584633332851,0.0,0.0
2024-08-09,0.013606647708922281,0.0,0.0
2024-08-12,0.006796898590347045,0.0,0.0
2024-08-13,0.07274268540061546,0.0,0.0
2024-08-14,0.0017306051064278627,-0.0009992504996875495,1.0
2024-08-15,0.07523166681815274,0.07523166681815281,1.0
2024-08-16,0.0026293726788484406,0.0026293726788484454,1.0
2024-08-19,0.03875277158088486,0.03875277158088476,1.0
2024-08-20,-0.006170954782926952,-0.0061709547829268555,1.0
2024-08-21,0.013688976921051976,0.013688976921051813,1.0
2024-08-22,-0.04803028510587959,-0.048030285105879485,1.0
2024-08-23,0.031441996875141376,0.03144199687514129,1.0
2024-08-26,-0.029349172281693092,-0.029349172281693127,1.0
2024-08-27,0.008472220815880283,0.008472220815880421,1.0
2024-08-28,-0.03389332780987764,-0.03389332780987763,1.0
2024-08-29,-0.005247451855735608,-0.005247451855735669,1.0
2024-08-30,0.03406186052058957,0.034061860520589585,1.0
2024-09-03,-0.09124042762194073,-0.0912404276219407,1.0
2024-09-04,-0.008500404648817517,-0.009491656369269767,0.0
2024-09-05,0.0032352098886196945,0.0,0.0
2024-09-06,-0.08110280392845615,0.0,0.0
2024-09-09,0.03719945354071008,0.0,0.0
2024-09-10,0.026898946944683644,0.0,0.0
2024-09-11,0.06375622790835633,0.0,0.0
2024-09-12,0.0295804720188122,-0.0009992504996876193,1.0
2024-09-13,0.013086180515363255,0.013086180515363208,1.0
2024-09-16,-0.013362961986391864,-0.013362961986391815,1.0
2024-09-17,0.0006022398210863145,0.0006022398210861515,1.0
2024-09-18,-0.013084682315243401,-0.013084682315243321,1.0
2024-09-19,0.07558667591541468,0.07558667591541479,1.0
2024-09-20,-0.006375820262254361,-0.006375820262254393,1.0
2024-09-23,0.007414848577736999,0.007414848577736887,1.0
2024-09-24,0.014154108773909213,0.014154108773909253,1.0
2024-09-25,0.0035004469453623344,0.003500446945362404,1.0
2024-09-26,0.021208469608653635,0.02120846960865366,1.0
2024-09-27,-0.017215485493196514,-0.01721548549319658,1.0
2024-09-30,0.007785271611848721,0.007785271611848868,1.0
2024-10-01,-0.042350746728234356,-0.04235074672823432,1.0
2024-10-02,0.003745566322447935,0.0037455663224478554,1.0
2024-10-03,-0.0022963798535398094,-0.002296379853539764,1.0
2024-10-04,0.035241723999836605,0.03524172399983664,1.0
2024-10-07,-0.03293047624616041,-0.032930476246160495,1.0
2024-10-08,0.04339090364530174,0.04339090364530167,1.0
2024-10-09,0.024098226194706696,0.02409822619470675,1.0
2024-10-10,-0.0034961592878984815,-0.0034961592878983636,1.0
2024-10-11,0.002563696147531047,0.002563696147530999,1.0
2024-10-14,0.025572031119955874,0.02557203111995599,1.0
2024-10-15,-0.03989509302847105,-0.03989509302847102,1.0
2024-10-16,-0.0005466279127886997,-0.0005466279127888712,1.0
2024-10-17,0.0030087879926243843,0.0030087879926244177,1.0
2024-10-18,0.017725666297743636,0.017725666297743626,1.0
2024-10-21,0.005493007542548778,0.005493007542548844,1.0
2024-10-22,0.002931413388770565,0.0029314133887705864,1.0
2024-10-23,-0.04623370488205014,-0.046233704882050135,1.0
2024-10-24,0.023819455206461893,0.023819455206461948,1.0
2024-10-25,0.016870880832430712,0.01687088083243058,1.0
2024-10-28,0.0009364541824599115,0.0009364541824600279,1.0
2024-10-29,0.02766996749813244,0.027669967498132372,1.0
2024-10-30,-0.02224234085257326,-0.022242340852573157,1.0
2024-10-31,-0.07609405499186495,-0.07609405499186489,1.0
2024-11-01,0.021310351465579247,0.021310351465579202,1.0
2024-11-04,-0.009305056917688237,-0.009305056917688327,1.0
2024-11-05,0.037996400172401135,0.03799640017240109,1.0
2024-11-06,0.08116238458890535,0.08116238458890537,1.0
2024-11-07,0.04679196637409189,0.04679196637409205,1.0
2024-11-08,0.0024227168832424706,0.0024227168832423236,1.0
2024-11-11,-0.0018127399563032665,-0.001812739956303156,1.0
2024-11-12,-0.005448001857294771,-0.005448001857294742,1.0
2024-11-13,-0.004382219429839851,-0.004382219429839871,1.0
2024-11-14,-0.0211517087321742,-0.021151708732174253,1.0
2024-11-15,-0.07232090473498276,-0.07232090473498266,1.0
2024-11-18,0.020196631912005936,0.02019663191200605,1.0
2024-11-19,0.020060958640507165,0.020060958640507106,1.0
2024-11-20,-0.0011644181068622972,-0.001164418106862335,1.0
2024-11-21,0.00984462862777491,0.009844628627775059,1.0
2024-11-22,0.0037197681697709317,0.003719768169770812,1.0
2024-11-25,0.00460043112112718,0.0046004311211272865,1.0
2024-11-26,0.015519883301128301,0.0155198833011283,1.0
2024-11-27,-0.024176386966905494,-0.02417638696690562,1.0
2024-11-29,0.025545466169850428,0.02554546616985047,1.0
2024-12-02,0.0324195919290764,0.032419591929076494,1.0
2024-12-03,0.008850516309141243,0.008850516309141247,1.0
2024-12-04,0.03653414786140208,0.036534147861401974,1.0
2024-12-05,-0.008231780673800038,-0.008231780673800008,1.0
2024-12-06,0.025718990304063993,0.025718990304064045,1.0
2024-12-09,-0.023364464893441683,-0.023364464893441572,1.0
2024-12-10,-0.0108532714066234,-0.010853271406623597,1.0
2024-12-11,0.05344505037122582,0.053445050371225905,1.0
2024-12-12,-0.01982293091745968,-0.019822930917459652,1.0
2024-12-13,0.021480829767684062,0.02148082976768413,1.0
2024-12-16,0.04351223170628349,0.04351223170628342,1.0
2024-12-17,-0.013399095458693333,-0.01339909545869321,1.0
2024-12-18,-0.10810532675958417,-0.10810532675958419,1.0
2024-12-19,-0.01413059648804893,-0.014130596488049041,1.0
2024-12-20,0.025948121791667944,0.025948121791667975,1.0
2024-12-23,0.02785353312922867,0.027853533129228537,1.0
2024-12-24,0.039736748882909456,0.03973674888290957,1.0
2024-12-26,-0.002148532582694318,-0.003146134587244947,0.0
2024-12-27,-0.04067984609772868,0.0,0.0
2024-12-30,-0.04016068074614232,0.0,0.0
2024-12-31,-0.026212145812214982,0.0,0.0
2025-01-02,-0.006318664689103359,0.0,0.0
2025-01-03,0.047946068263172936,0.0,0.0
2025-01-06,0.03410201059496898,0.0,0.0
2025-01-07,-0.05386695464919877,0.0,0.0
2025-01-08,0.0007441493143804934,0.0,0.0
2025-01-10,-0.047719333715761425,0.0,0.0
2025-01-13,-0.010412614910409346,0.0,0.0
2025-01-14,-0.003551190649331959,0.0,0.0
2025-01-15,0.0675817331925852,0.0,0.0
2025-01-16,-0.02040057186008659,0.0,0.0
2025-01-17,0.04935005219271926,0.0,0.0
2025-01-21,0.016598335671013542,0.0,0.0
2025-01-22,0.038807493485758515,0.0,0.0
2025-01-23,0.0061502741906172,0.0,0.0
2025-01-24,-0.017998435566082494,0.0,0.0
2025-01-27,-0.0877233951740265,0.0,0.0
2025-01-28,0.044351780021913756,0.0,0.0
2025-01-29,-0.006170707522469732,0.0,0.0
2025-01-30,0.012539757276422314,0.0,0.0
2025-01-31,-0.005410792631437511,0.0,0.0
2025-02-03,-0.02417794138667273,0.0,0.0
2025-02-04,0.03629841451829208,0.0,0.0
2025-02-05,0.01303031272935562,0.0,0.0
2025-02-06,0.014987163773881429,0.0,0.0
2025-02-07,-0.03813511326824448,0.0,0.0
2025-02-10,0.035174630551893404,0.0,0.0
2025-02-11,-0.007122935605073155,0.0,0.0
2025-02-12,0.0019993602411245703,0.0,0.0
2025-02-13,0.04213620017646824,0.0,0.0
2025-02-14,0.011713092377177992,0.0,0.0
2025-02-18,0.006233877568670554,-0.0009992504996875291,1.0
2025-02-19,0.00011077634700695782,0.00011077634700706219,1.0
2025-02-20,-0.012168212798506661,-0.012168212798506729,1.0
2025-02-21,-0.06259793369914024,-0.0625979336991402,1.0
2025-02-24,-0.03595761186149071,-0.035957611861490664,1.0
2025-02-25,-0.03816589309848695,-0.039127486746861714,0.0
2025-02-26,0.006441585837383634,0.0,0.0
2025-02-27,-0.08294928547584923,0.0,0.0
2025-02-28,0.0457843839235923,0.0,0.0
2025-03-03,-0.06460221504050301,0.0,0.0
2025-03-04,-0.010987342588404947,0.0,0.0
2025-03-05,0.03895554373364751,0.0,0.0
2025-03-06,-0.08290530876548607,0.0,0.0
2025-03-07,0.020744938817744973,0.0,0.0
2025-03-10,-0.11274286242325482,0.0,0.0
2025-03-11,-0.011703826842488274,0.0,0.0
2025-03-12,0.03417367830511586,0.0,0.0
2025-03-13,-0.05463769168056609,0.0,0.0
2025-03-14,0.07094655550738871,0.0,0.0
2025-03-17,0.01938926821461573,0.0,0.0
2025-03-18,-0.05040415175046564,0.0,0.0
2025-03-19,0.03889162209403918,0.0,0.0
2025-03-20,-0.010282729527443912,0.0,0.0
2025-03-21,0.00941551950607944,0.0,0.0
2025-03-24,0.06352529068504897,0.0,0.0
2025-03-25,0.017843565155832186,0.0,0.0
2025-03-26,-0.055608514622335514,0.0,0.0
2025-03-27,-0.01704015993516117,0.0,0.0
2025-03-28,-0.07961475926416939,0.0,0.0
2025-03-31,-0.0006975270352275187,0.0,0.0
2025-04-01,0.023036681008447024,0.0,0.0
2025-04-02,0.022347302525199675,0.0,0.0
2025-04-03,-0.1606875114939602,0.0,0.0
2025-04-04,-0.18310132549285418,0.0,0.0
2025-04-07,0.0038938027840291767,0.0,0.0
2025-04-08,-0.056969708078618786,0.0,0.0
2025-04-09,0.35244229429310536,0.0,0.0
2025-04-10,-0.1229805315501925,0.0,0.0
2025-04-11,0.05288260880034357,0.0,0.0
2025-04-14,0.020996284244754637,0.0,0.0
2025-04-15,0.003830747743231111,0.0,0.0
2025-04-16,-0.09037975032688206,0.0,0.0
2025-04-17,-0.0028702885611872064,0.0,0.0
2025-04-21,-0.07307348812655445,0.0,0.0
2025-04-22,0.07644530383155912,0.0,0.0
2025-04-23,0.06635599366234612,0.0,0.0
2025-04-24,0.0851195171384771,0.0,0.0
2025-04-25,0.03298823051719846,0.0,0.0
2025-04-28,-0.0007428104032133342,0.0,0.0
2025-04-29,0.01950963013285545,0.0,0.0
2025-04-30,0.0001822316159620918,0.0,0.0
2025-05-01,0.0344387336394858,-0.0009992504996875378,1.0
2025-05-02,0.04685569620872476,0.04685569620872491,1.0
2025-05-05,-0.017331160114554822,-0.017331160114554923,1.0
2025-05-06,-0.028424726236780495,-0.028424726236780447,1.0
2025-05-07,0.011631987066988314,0.011631987066988309,1.0
2025-05-08,0.029790930404560045,0.02979093040456006,1.0
2025-05-09,-0.0023684361488448546,-0.0023684361488449305,1.0
2025-05-12,0.12107838051381092,0.121078380513811,1.0
2025-05-13,0.04583266714670997,0.04583266714671005,1.0
2025-05-14,0.01764546702829195,0.017645467028291915,1.0
2025-05-15,0.0031266986222853177,0.0031266986222854435,1.0
2025-05-16,0.01232636028909817,0.012326360289098013,1.0
2025-05-19,0.0026592737840438474,0.0026592737840438973,1.0
2025-05-20,-0.010468878864577702,-0.010468878864577584,1.0
2025-05-21,-0.04161372749318748,-0.04161372749318752,1.0
2025-05-22,0.005151341231556916,0.005151341231556871,1.0
2025-05-23,-0.028847535662864243,-0.028847535662864337,1.0
2025-05-27,0.0696623781045076,0.06859298314199777,0.0
2025-05-28,-0.012827718757048912,-0.0009992504996875634,1.0
2025-05-29,0.004854931021022857,0.004854931021022923,1.0
2025-05-30,-0.00525775210074364,-0.005257752100743645,1.0
2025-06-02,0.022999906424245653,0.02299990642424561,1.0
2025-06-03,0.0233207039609169,0.02332070396091672,1.0
2025-06-04,0.008051387714663738,0.008051387714663872,1.0
2025-06-05,-0.02328412813169034,-0.02328412813169037,1.0
2025-06-06,0.028551694594541654,0.02855169459454174,1.0
2025-06-09,0.004446832889554608,0.004446832889554545,1.0
2025-06-10,0.0193185122131041,0.019318512213104218,1.0
2025-06-11,-0.01026599965779662,-0.010265999657796624,1.0
2025-06-12,0.006516056578712792,0.006516056578712747,1.0
2025-06-13,-0.03778578088442652,-0.03778578088442654,1.0
2025-06-16,0.04077994293229681,0.04077994293229677,1.0
2025-06-17,-0.029551390008808465,-0.0295513900088084,1.0
2025-06-18,-0.0013594100363918393,-0.0013594100363918582,1.0
2025-06-20,-0.013749036110741741,-0.013749036110741781,1.0
2025-06-23,0.031055822571382175,0.031055822571382057,1.0
2025-06-24,0.04551540790990338,0.04551540790990338,1.0
2025-06-25,0.007678270725996361,0.007678270725996343,1.0
2025-06-26,0.02739556413557165,0.027395564135571756,1.0
2025-06-27,0.00979771360282844,0.0097977136028284,1.0
2025-06-30,0.019405677617343242,0.019405677617343204,1.0
2025-07-01,-0.025421732704173694,-0.02542173270417372,1.0
2025-07-02,0.019903579020376094,0.019903579020375987,1.0
2025-07-03,0.028000138394790097,0.028000138394790233,1.0
2025-07-07,-0.022285289259707075,-0.022285289259707106,1.0
2025-07-08,0.0013266483173890453,0.001326648317389071,1.0
2025-07-09,0.020715478017916178,0.02071547801791613,1.0
2025-07-10,-0.004601742725088731,-0.004601742725088713,1.0
2025-07-11,-0.00758652629136658,-0.007586526291366599,1.0
2025-07-14,0.01063059400352051,0.01063059400352046,1.0
2025-07-15,0.0026002085077150294,0.0026002085077149917,1.0
2025-07-16,0.0028291850289186016,0.002829185028918526,1.0
2025-07-17,0.023274882192105828,0.02327488219210594,1.0
2025-07-18,-0.003446247918790446,-0.0034462479187904577,1.0
2025-07-21,0.015216123821343963,0.01521612382134396,1.0
2025-07-22,-0.015555815111310878,-0.015555815111310848,1.0
2025-07-23,0.013148732305525934,0.013148732305525905,1.0
2025-07-24,0.0066028648121128075,0.00660286481211286,1.0
2025-07-25,0.005654868056704343,0.005654868056704309,1.0
2025-07-28,0.00978404547671552,0.00978404547671542,1.0
2025-07-29,-0.004566227652454291,-0.004566227652454316,1.0
2025-07-30,0.0034684852384507803,0.003468485238450877,1.0
2025-07-31,-0.01650143783354685,-0.01650143783354687,1.0
2025-08-01,-0.059970498305117914,-0.059970498305117866,1.0
2025-08-04,0.05475166123314268,0.05475166123314262,1.0
2025-08-05,-0.020809537683512458,-0.020809537683512323,1.0
2025-08-06,0.03736577322447654,0.03736577322447639,1.0
2025-08-07,0.010130605465147102,0.01013060546514727,1.0
2025-08-08,0.02696680923678807,0.02696680923678806,1.0
2025-08-11,-0.008789241531583114,-0.008789241531583157,1.0
2025-08-12,0.036891153255231623,0.03689115325523155,1.0
2025-08-13,0.0014779986066395523,0.0014779986066395482,1.0
2025-08-14,-0.0027408384112205253,-0.002740838411220489,1.0
2025-08-15,-0.014164851525491184,-0.014164851525491249,1.0
2025-08-18,-0.0012868065615749824,-0.0012868065615749943,1.0
2025-08-19,-0.040798844726885664,-0.04079884472688569,1.0
2025-08-20,-0.018244784522462032,-0.018244784522461904,1.0
2025-08-21,-0.013909505147227441,-0.014895349119456515,0.0
2025-08-22,0.04497636802333638,0.0,0.0
2025-08-25,-0.0087410122896171,0.0,0.0
2025-08-26,0.011608428721959774,0.0,0.0
2025-08-27,0.004523990708038328,0.0,0.0
2025-08-28,0.018233599694412295,0.0,0.0
2025-08-29,-0.03603005205876286,0.0,0.0
2025-09-02,-0.02551483364396312,0.0,0.0
2025-09-03,0.023311942774106198,0.0,0.0
2025-09-04,0.027045135145379318,0.0,0.0
2025-09-05,0.003278011305620776,0.0,0.0
2025-09-08,0.014267094508566336,0.0,0.0
2025-09-09,0.008160628086072874,0.0,0.0
2025-09-10,0.001064870309531063,0.0,0.0
2025-09-11,0.01681049157117931,0.0,0.0
2025-09-12,0.012451655253595373,0.0,0.0
2025-09-15,0.025527112583075384,0.0,0.0
2025-09-16,-0.0027210843212819302,0.0,0.0
2025-09-17,-0.00636602819534271,0.0,0.0
2025-09-18,0.026949979480386244,0.0,0.0
2025-09-19,0.01980588329591848,0.0,0.0
2025-09-22,0.016896431619120023,0.0,0.0
2025-09-23,-0.02014893254673389,0.0,0.0
2025-09-24,-0.010749997731830718,0.0,0.0
2025-09-25,-0.013410895481877017,0.0,0.0
2025-09-26,0.011993984223953147,0.0,0.0
2025-09-29,0.013333246283695255,-0.0009992504996874853,1.0
2025-09-30,0.007797384425188847,0.007797384425188924,1.0
2025-10-01,0.014119916519696574,0.014119916519696471,1.0
2025-10-02,0.012206737613086327,0.012206737613086407,1.0
2025-10-03,-0.013567052825285253,-0.0135670528252853,1.0
2025-10-06,0.02234960671819186,0.022349606718192003,1.0
2025-10-07,-0.01616211766388742,-0.01616211766388746,1.0
2025-10-08,0.03389985887649338,0.033899858876493286,1.0
2025-10-09,-0.003949250625775669,-0.003949250625775713,1.0
2025-10-10,-0.10493322939226435,-0.10493322939226438,1.0
2025-10-13,0.06345951240602288,0.06345951240602292,1.0
2025-10-14,-0.0203430205107773,-0.02034302051077728,1.0
2025-10-15,0.02046872721023707,0.02046872721023699,1.0
2025-10-16,-0.011143390319936608,-0.011143390319936637,1.0
2025-10-17,0.019010230072501022,0.01901023007250112,1.0
2025-10-20,0.03750356732813054,0.03750356732813051,1.0
2025-10-21,-0.0011121781764865668,-0.0011121781764865438,1.0
2025-10-22,-0.02941456516524832,-0.029414565165248315,1.0
2025-10-23,0.02504799795244006,0.02504799795244001,1.0
2025-10-24,0.03115076531680261,0.031150765316802574,1.0
2025-10-27,0.05309339279658354,0.05309339279658366,1.0
2025-10-28,0.022846323511451105,0.022846323511450994,1.0
2025-10-29,0.012763453450968631,0.012763453450968677,1.0
2025-10-30,-0.04576737979075651,-0.04576737979075644,1.0
2025-10-31,0.01416289813970839,0.014162898139708297,1.0
2025-11-03,0.013708019236363,0.013708019236362962,1.0
2025-11-04,-0.06119002754304814,-0.06119002754304804,1.0
2025-11-05,0.019445400520003542,0.01944540052000363,1.0
2025-11-06,-0.05607559420522801,-0.05607559420522806,1.0
2025-11-07,-0.010384486306622698,-0.010384486306622753,1.0
2025-11-10,0.06551335784688628,0.06551335784688622,1.0
2025-11-11,-0.00825123606233169,-0.008251236062331654,1.0
2025-11-12,-0.002057691836923836,-0.002057691836923753,1.0
2025-11-13,-0.06176598185409299,-0.06270398131373435,0.0
2025-11-14,0.0007643101599565938,0.0,0.0
2025-11-17,-0.02568254885460486,0.0,0.0
2025-11-18,-0.036158769375476796,0.0,0.0
2025-11-19,0.017181786312492786,0.0,0.0
2025-11-20,-0.0714643064517938,0.0,0.0
2025-11-21,0.0221744065623104,0.0,0.0
2025-11-24,0.0758214429447519,0.0,0.0
2025-11-25,0.018206671726750612,0.0,0.0
2025-11-26,0.026148797275033386,0.0,0.0
2025-11-28,0.0219224636680313,0.0,0.0
2025-12-01,-0.008984204973223275,0.0,0.0
2025-12-02,0.023126704116159136,0.0,0.0
2025-12-03,0.007052406041007764,0.0,0.0
2025-12-04,-0.0032322629767557176,0.0,0.0
2025-12-05,0.011529719329559152,0.0,0.0
2025-12-08,-0.006233469980241879,0.0,0.0
2025-12-09,0.003763459263869784,0.0,0.0
2025-12-10,0.01142658664414764,0.0,0.0
2025-12-11,-0.009532193430251135,0.0,0.0
2025-12-12,-0.05863490009967287,0.0,0.0
2025-12-15,-0.015145779188816544,0.0,0.0
2025-12-16,0.0059592755012767284,0.0,0.0
2025-12-17,-0.05599073162850132,0.0,0.0
2025-12-18,0.04271236431756198,0.0,0.0
2025-12-19,0.03902159214661727,0.0,0.0
2025-12-22,0.013639827440162344,0.0,0.0
2025-12-23,0.014009142391119278,0.0,0.0
2025-12-24,0.007938292239819011,0.0,0.0
2025-12-26,-0.0009031578432258103,0.0,0.0
2025-12-29,-0.01482552498670231,0.0,0.0
2025-12-30,-0.007157318475567331,0.0,0.0
2025-12-31,-0.025508282872157895,0.0,0.0
2026-01-02,-0.0070182617463356856,0.0,0.0
2026-01-05,0.023877768763617135,0.0,0.0
2026-01-06,0.0263059213988055,0.0,0.0
2026-01-07,0.002908563258896768,0.0,0.0
2026-01-08,-0.01776327563054325,0.0,0.0
2026-01-09,0.02897216002524239,0.0,0.0
2026-01-12,0.0023314341585418674,0.0,0.0
2026-01-13,-0.005188778408486305,0.0,0.0
2026-01-14,-0.03183447112991,0.0,0.0
2026-01-15,0.010217322964864994,0.0,0.0
2026-01-16,-0.0044133535114861955,0.0,0.0
2026-01-20,-0.06298492233942377,0.0,0.0
2026-01-21,0.039424456622455084,0.0,0.0
2026-01-22,0.022188492117059422,0.0,0.0
2026-01-23,0.008905383424628877,0.0,0.0
2026-01-26,0.012872428081107445,0.0,0.0
2026-01-27,0.02650682852976427,0.0,0.0
2026-01-28,0.009197082907580256,0.0,0.0
2026-01-29,-0.017875967674383153,0.0,0.0
2026-01-30,-0.036402599797362045,0.0,0.0
2026-02-02,0.02037038721408191,0.0,0.0
2026-02-03,-0.04682396526484156,-0.0009992504996875588,1.0
2026-02-04,-0.05255141087898141,-0.05349862260595514,0.0
2026-02-05,-0.0426044987562233,0.0,0.0
2026-02-06,0.06192282298655116,0.0,0.0
2026-02-09,0.02273175816929318,-0.0009992504996877186,1.0
2026-02-10,-0.013915774105492607,-0.013915774105492718,1.0
2026-02-11,0.007448109321467111,0.007448109321467024,1.0
2026-02-12,-0.06108961619486808,-0.061089616194867975,1.0
2026-02-13,0.0043514863655864655,0.0033473859670926118,0.0
2026-02-17,-0.002475778960351782,0.0,0.0
2026-02-18,0.021509872735640423,0.0,0.0
2026-02-19,-0.011338292879885525,0.0,0.0
2026-02-20,0.025189465571963554,0.0,0.0
2026-02-23,-0.03635635440744234,-0.0009992504996875478,1.0
2026-02-24,0.03192359438806802,0.030891928774578567,0.0
2026-02-25,0.04198474459287449,0.0,0.0
2026-02-26,-0.03508770502190439,-0.000999250499687666,1.0
2026-02-27,-0.010589390537912968,-0.010589390537912934,1.0
2026-03-02,0.0036348865733912827,0.002631502595539545,0.0
2026-03-03,-0.03219324765679399,0.0,0.0
2026-03-04,0.04490650494549131,0.0,0.0
2026-03-05,-0.009152420605639033,-0.0009992504996876495,1.0
2026-03-06,-0.04538145777845992,-0.04633583766604599,0.0
2026-03-09,0.038914565787329325,0.0,0.0
2026-03-10,0.00020254304564137904,0.0,0.0
2026-03-11,-0.0010122771225137273,0.0,0.0
2026-03-12,-0.05106371530543752,0.0,0.0
2026-03-13,-0.019218568184836915,0.0,0.0
2026-03-16,0.033311611710961975,0.0,0.0
2026-03-17,0.0147492377329006,0.0,0.0
2026-03-18,-0.04277411337866166,0.0,0.0
2026-03-19,-0.008893666300897163,0.0,0.0
2026-03-20,-0.057124008836748175,0.0,0.0
2026-03-23,0.03458679740487902,0.0,0.0
2026-03-24,-0.021314797648636308,0.0,0.0
2026-03-25,0.019334882232822093,0.0,0.0
2026-03-26,-0.071187121427153,0.0,0.0
2026-03-27,-0.05942277471794111,0.0,0.0
2026-03-30,-0.022949978543943872,0.0,0.0
2026-03-31,0.10002645921777176,0.0,0.0
2026-04-01,0.03718806134986474,0.0,0.0
2026-04-02,0.0023133233155785415,0.0,0.0
2026-04-06,0.01777046162159568,0.0,0.0
2026-04-07,0.0011338866181138663,0.0,0.0
2026-04-08,0.08720266042250158,0.0,0.0
2026-04-09,0.019999955306470696,-0.0009992504996875423,1.0
2026-04-10,0.0042892331859172295,0.004289233185917166,1.0
2026-04-13,0.03030301613743025,0.03030301613743026,1.0
2026-04-14,0.05428347076890305,0.05428347076890322,1.0
2026-04-15,0.041939786492428466,0.04193978649242849,1.0
2026-04-16,0.014016110459132092,0.014016110459132074,1.0
2026-04-17,0.038277511961722466,0.03827751196172247,1.0
2026-04-20,-0.00870456435659106,-0.008704564356591008,1.0
2026-04-21,-0.011707976851970003,-0.011707976851969996,1.0
2026-04-22,0.04895469864703417,0.04895469864703406,1.0
2026-04-23,-0.016442472628433902,-0.016442472628433877,1.0
2026-04-24,0.056399949982576025,0.05639994998257612,1.0
2026-04-27,0.0012787133358864722,0.001278713335886423,1.0
2026-04-28,-0.030332033543387205,-0.030332033543387243,1.0
2026-04-29,0.01843928153139096,0.018439281531390964,1.0
2026-04-30,0.027158083676291245,0.027158083676291245,1.0
2026-05-01,0.02769913520163092,0.027699135201630913,1.0
2026-05-04,-0.0059724083230277,-0.005972408323027757,1.0
2026-05-05,0.038206516132398116,0.03820651613239827,1.0
2026-05-06,0.062027081138591234,0.06202708113859117,1.0
2026-05-07,-0.0032137164243176697,-0.0032137164243175695,1.0
2026-05-08,0.06924603622093417,0.06924603622093414,1.0
2026-05-11,0.008914565988811018,0.008914565988810755,1.0
2026-05-12,-0.025987619747158353,-0.025987619747158262,1.0
2026-05-13,0.030416199732043347,0.030416199732043223,1.0
2026-05-14,0.022138822070675745,0.02213882207067576,1.0
2026-05-15,-0.045725254082294886,-0.04572525408229479,1.0
2026-05-18,-0.013538536136119217,-0.013538536136119265,1.0
2026-05-19,-0.01870283055825195,-0.01870283055825203,1.0
2026-05-20,0.0490881333154598,0.04908813331545997,1.0
2026-05-21,0.005750867316671737,0.005750867316671742,1.0
2026-05-22,0.011565903976740843,0.011565903976740944,1.0
2026-05-26,0.05280060821525656,0.05280060821525663,1.0
2026-05-27,-0.003416700386462468,-0.003416700386462524,1.0
2026-05-28,0.024611314264239015,0.024611314264238918,1.0
2026-05-29,0.01051622490452564,0.010516224904525749,1.0
2026-06-01,0.017502418760192207,0.017502418760192158,1.0
2026-06-02,0.013714474701005841,0.013714474701005714,1.0
2026-06-03,-0.007567052374750971,-0.007567052374750993,1.0
2026-06-04,-0.015480607837908056,-0.01548060783790801,1.0
2026-06-05,-0.14280673154967982,-0.14280673154967985,1.0
2026-06-08,0.04407922110081852,0.04407922110081846,1.0
2026-06-09,-0.03343383246035747,-0.033433832460357485,1.0
2026-06-10,-0.06036360046041167,-0.06036360046041159,1.0
2026-06-11,0.09730055811199123,0.09730055811199122,1.0
2026-06-12,0.019865709248921837,0.01986570924892189,1.0
2026-06-15,0.0912022827108081,0.09120228271080795,1.0
2026-06-16,-0.055089229614328494,-0.05508922961432842,1.0
2026-06-17,-0.02990113919737125,-0.02990113919737117,1.0
2026-06-18,0.06873874427567439,0.06873874427567431,1.0
2026-06-22,-0.0034994226183817645,-0.004495674070619003,0.0
2026-06-23,-0.09857109986621171,0.0,0.0
2026-06-24,-0.013047202808538994,0.0,0.0
2026-06-25,0.022510190024335186,0.0,0.0
2026-06-26,-0.04162771499842022,0.0,0.0
2026-06-29,0.0746206313663762,0.0,0.0
2026-06-30,0.04935877394960797,0.0,0.0
2026-07-01,-0.043703761165881594,0.0,0.0
2026-07-02,-0.05305962297160183,0.0,0.0
2026-07-06,0.04185407942160002,0.0,0.0
2026-07-07,-0.054828506810413735,0.0,0.0
2026-07-08,0.006783850116715229,0.0,0.0
2026-07-09,0.049779883866139185,0.0,0.0
2026-07-10,0.009038599644888512,0.0,0.0
2026-07-13,-0.05699082761816776,0.0,0.0
2026-07-14,0.03276428768515549,0.0,0.0
2026-07-15,-0.007731166451991345,0.0,0.0
2026-07-16,-0.049704518375066176,0.0,0.0
2026-07-17,-0.045377430075064784,0.0,0.0
2026-07-20,0.0017770691184688658,0.0,0.0
2026-07-21,0.054988933218288905,0.0,0.0
2026-07-22,-0.015272656777580162,0.0,0.0
2026-07-23,-0.05663054259203404,0.0,0.0
2026-07-24,-0.03469082478622332,0.0,0.0
2026-07-27,-0.009374949984580327,0.0,0.0
2026-07-28,-0.029022138728734936,0.0,0.0
2026-07-29,-0.0618908375712347,0.0,0.0
2026-07-30,0.09610388046061846,0.0,0.0
2026-07-31,0.020853126755368878,0.0,0.0
2026-08-03,0.05168671628856414,-0.0009992504996875278,1.0
2026-08-04,0.10094178468360648,0.10094178468360643,1.0
2026-08-05,-0.026463544710396913,-0.02646354471039701,1.0
2026-08-06,-0.011120220282430537,-0.011120220282430517,1.0
2026-08-07,0.03387472745902409,0.03387472745902405,1.0
2026-08-10,-0.008996834663762665,-0.00899683466376267,1.0
2026-08-11,-0.010027194727402766,-0.01002719472740274,1.0
2026-08-12,0.02107863888546513,0.02107863888546514,1.0
2026-08-13,0.03418225041243561,0.03418225041243557,1.0
2026-08-14,-0.004666150385308598,-0.0046661503853085845,1.0
2026-08-17,-0.005078843520851084,-0.005078843520851112,1.0
2026-08-18,-0.050654485123628135,-0.05065448512362809,1.0
2026-08-19,-0.00648008326883287,-0.006480083268832793,1.0
2026-08-20,-0.02192606010574727,-0.021926060105747266,1.0
2026-08-21,0.009789887903917993,0.00978988790391797,1.0
2026-08-24,-0.03034974904381016,-0.030349749043810104,1.0
2026-08-25,0.018258113640255536,0.01825811364025556,1.0
2026-08-26,0.0028461859704700387,0.002846185970470199,1.0
2026-08-27,0.04015894881089399,0.04015894881089402,1.0
2026-08-28,-0.019781761146976717,-0.019781761146976693,1.0
2026-08-31,0.0009742166131327945,0.0009742166131327322,1.0
2026-09-01,-0.038514943502176324,-0.03851494350217623,1.0
2026-09-02,0.0065075298447867524,0.006507529844786652,1.0
2026-09-03,0.03491387812679703,0.034913878126797096,1.0
2026-09-04,0.004720311539075928,0.004720311539075815,1.0
2026-09-08,-0.0029017550167554917,-0.002901755016755432,1.0
2026-09-09,-0.008453477589068226,-0.00845347758906818,1.0
2026-09-10,-0.0327044512976461,-0.03270445129764616,1.0
2026-09-11,0.025574374156793978,0.025574374156794026,1.0
2026-09-14,-0.02409134207129693,-0.02409134207129698,1.0
2026-09-15,-0.019777674144108137,-0.019777674144108047,1.0
2026-09-16,0.0004418745296992377,0.0004418745296990869,1.0
2026-09-17,0.05078750023771916,0.050787500237719135,1.0
2026-09-18,0.01765200642288356,0.017652006422883487,1.0
2026-09-21,0.08631615413481697,0.08631615413481701,1.0
2026-09-22,0.02433156090373556,0.024331560903735717,1.0
2026-09-23,-0.024964670762144037,-0.024964670762144103,1.0
2026-09-24,-0.001017058572719387,-0.0010170585727194248,1.0
2026-09-25,0.012980359115533968,0.012980359115533989,1.0
2026-09-28,-0.0321607739656683,-0.03216077396566826,1.0
2026-09-29,0.005451689563267692,0.005451689563267644,1.0
2026-09-30,0.007358632862913161,0.007358632862913089,1.0
2026-10-01,0.008970967430316668,0.00897096743031662,1.0
2026-10-02,0.02895971906618855,0.028959719066188484,1.0
2026-10-05,0.026046173987297028,0.026046173987297108,1.0
2026-10-06,0.01359476920210323,0.01359476920210318,1.0
2026-10-07,-0.007477712206741427,-0.007477712206741428,1.0
