Date,UPRO_BnH,UPRO_Strategy,UPRO_Position
2021-01-04,,0.0,0.0
2021-01-05,0.019807682444369368,0.0,0.0
2021-01-06,0.018756997844898926,0.0,0.0
2021-01-07,0.044006111980163576,0.0,0.0
2021-01-08,0.017135992408772394,0.0,0.0
2021-01-11,-0.01992137205212341,0.0,0.0
2021-01-12,0.0007527742481450161,0.0,0.0
2021-01-13,0.007271941516176161,0.0,0.0
2021-01-14,-0.010331015001488364,0.0,0.0
2021-01-15,-0.022135739229804163,0.0,0.0
2021-01-19,0.023665898485702774,0.0,0.0
2021-01-20,0.041085381009584365,0.0,0.0
2021-01-21,0.0022927795082257063,0.0,0.0
2021-01-22,-0.010114212246496779,0.0,0.0
2021-01-25,0.012042225075648005,0.0,0.0
2021-01-26,-0.00468738708836447,0.0,0.0
2021-01-27,-0.0736626136436005,0.0,0.0
2021-01-28,0.025159922703681392,0.0,0.0
2021-01-29,-0.058876094653484534,0.0,0.0
2021-02-01,0.04769627269043486,0.0,0.0
2021-02-02,0.042816595854519024,0.0,0.0
2021-02-03,0.003091759253938786,0.0,0.0
2021-02-04,0.03353468308955798,0.0,0.0
2021-02-05,0.011571327846204182,0.0,0.0
2021-02-08,0.022641344735270685,0.0,0.0
2021-02-09,-0.0027675308858388092,0.0,0.0
2021-02-10,-0.0006942161208022268,0.0,0.0
2021-02-11,0.004166076569750432,0.0,0.0
2021-02-12,0.015095669975376813,0.0,0.0
2021-02-16,-0.0029515153023301766,0.0,0.0
2021-02-17,0.0009108817132426061,0.0,0.0
2021-02-18,-0.012626722340128405,0.0,0.0
2021-02-19,-0.005529595165227663,0.0,0.0
2021-02-22,-0.0227065684111466,0.0,0.0
2021-02-23,0.0030823002118416376,0.0,0.0
2021-02-24,0.03297075223345347,0.0,0.0
2021-02-25,-0.07173098796489141,0.0,0.0
2021-02-26,-0.01725398776393039,0.0,0.0
2021-03-01,0.07248534574830723,0.0,0.0
2021-03-02,-0.022801505915952425,0.0,0.0
2021-03-03,-0.039368201185556506,0.0,0.0
2021-03-04,-0.03786767371965849,0.0,0.0
2021-03-05,0.05541191875165685,0.0,0.0
2021-03-08,-0.01472042914896532,0.0,0.0
2021-03-09,0.04233070014033502,0.0,0.0
2021-03-10,0.018275345336206117,0.0,0.0
2021-03-11,0.030850483334083245,0.0,0.0
2021-03-12,0.004096228657116008,0.0,0.0
2021-03-15,0.018019221366867066,0.0,0.0
2021-03-16,-0.0035623180645802943,0.0,0.0
2021-03-17,0.009160747507484635,0.0,0.0
2021-03-18,-0.04350678691456111,0.0,0.0
2021-03-19,-0.005324003343117778,0.0,0.0
2021-03-22,0.022922862246109288,0.0,0.0
2021-03-23,-0.022542078308264935,0.0,0.0
2021-03-24,-0.01571566159044946,0.0,0.0
2021-03-25,0.016439868679378078,0.0,0.0
2021-03-26,0.04898753894080987,0.0,0.0
2021-03-29,-0.0018857061780722661,0.0,0.0
2021-03-30,-0.00833515986473432,0.0,0.0
2021-03-31,0.012439834020465668,0.0,0.0
2021-04-01,0.031104737184354248,0.0,0.0
2021-04-05,0.04337099770904351,0.0,0.0
2021-04-06,-0.0015434125944689958,0.0,0.0
2021-04-07,0.004018846745866611,0.0,0.0
2021-04-08,0.013650977949981158,0.0,0.0
2021-04-09,0.02176979011716318,0.0,0.0
2021-04-12,0.0008918464463085751,0.0,0.0
2021-04-13,0.008415899413580341,0.0,0.0
2021-04-14,-0.009621935799712822,0.0,0.0
2021-04-15,0.03202128371331536,0.0,0.0
2021-04-16,0.010759062022980714,0.0,0.0
2021-04-19,-0.015016338133257312,0.0,0.0
2021-04-20,-0.021806300857805216,0.0,0.0
2021-04-21,0.02761892246261244,0.0,0.0
2021-04-22,-0.0270686712634175,0.0,0.0
2021-04-23,0.031965504076291174,0.0,0.0
2021-04-26,0.006405253484386586,0.0,0.0
2021-04-27,-0.0010448212713030092,0.0,0.0
2021-04-28,-0.001426514136714352,0.0,0.0
2021-04-29,0.01866493068944597,0.0,0.0
2021-04-30,-0.01888384054381398,0.0,0.0
2021-05-03,0.006479365957648753,0.0,0.0
2021-05-04,-0.018460741712874373,0.0,0.0
2021-05-05,-9.641254214598494e-05,0.0,0.0
2021-05-06,0.02411503286154293,0.0,0.0
2021-05-07,0.022134322678074803,0.0,0.0
2021-05-10,-0.02967193966373438,0.0,0.0
2021-05-11,-0.026210956948033992,0.0,0.0
2021-05-12,-0.06368249223144395,0.0,0.0
2021-05-13,0.03468409001597039,0.0,0.0
2021-05-14,0.046204928816664825,0.0,0.0
2021-05-17,-0.007505067243923524,0.0,0.0
2021-05-18,-0.025109002160222826,0.0,0.0
2021-05-19,-0.008651687504628747,0.0,0.0
2021-05-20,0.03199930741877455,0.0,0.0
2021-05-21,-0.002430213550867699,0.0,0.0
2021-05-24,0.03059541231662566,0.0,0.0
2021-05-25,-0.006523565832654121,0.0,0.0
2021-05-26,0.005900354950665321,0.0,0.0
2021-05-27,0.0005675703549501421,0.0,0.0
2021-05-28,0.005862267493656148,0.0,0.0
2021-06-01,-0.002913976166491694,0.0,0.0
2021-06-02,0.005185228655469443,0.0,0.0
2021-06-03,-0.01116119433216467,0.0,0.0
2021-06-04,0.026368264971764477,0.0,0.0
2021-06-07,-0.0015710594011895118,0.0,0.0
2021-06-08,0.00027771229153583654,0.0,0.0
2021-06-09,-0.004718990063246276,0.0,0.0
2021-06-10,0.013852650242800024,0.0,0.0
2021-06-11,0.00495179441389082,0.0,0.0
2021-06-14,0.00702609486416228,0.0,0.0
2021-06-15,-0.006070945856745835,0.0,0.0
2021-06-16,-0.016409917435770693,0.0,0.0
2021-06-17,-0.0007414975778432531,0.0,0.0
2021-06-18,-0.04025601974866411,0.0,0.0
2021-06-21,0.0423310495734428,0.0,0.0
2021-06-22,0.014928137646382567,0.0,0.0
2021-06-23,-0.0027405882991249353,0.0,0.0
2021-06-24,0.01749732501456691,0.0,0.0
2021-06-25,0.01035381626933507,-0.0009992504996874777,1.0
2021-06-28,0.006504845027055284,0.006504845027055172,1.0
2021-06-29,0.0011509895248285051,0.0011509895248284089,1.0
2021-06-30,0.00274160369387344,0.0027416036938733897,1.0
2021-07-01,0.016756152267827895,0.01675615226782781,1.0
2021-07-02,0.02281191809537564,0.022811918095375774,1.0
2021-07-06,-0.006529697806805568,-0.006529697806805561,1.0
2021-07-07,0.011182303502335733,0.01118230350233582,1.0
2021-07-08,-0.02389007242289798,-0.023890072422897927,1.0
2021-07-09,0.031220377702849467,0.031220377702849536,1.0
2021-07-12,0.011237997515688436,0.011237997515688342,1.0
2021-07-13,-0.01020081622332758,-0.010200816223327544,1.0
2021-07-14,0.0034352485680644307,0.0034352485680643283,1.0
2021-07-15,-0.010103529370270814,-0.010103529370270755,1.0
2021-07-16,-0.023112527073926414,-0.02311252707392639,1.0
2021-07-19,-0.04395135716616194,-0.043951357166161976,1.0
2021-07-20,0.042720216643000075,0.04272021664300024,1.0
2021-07-21,0.023733410064058047,0.023733410064057964,1.0
2021-07-22,0.006514712247394305,0.006514712247394264,1.0
2021-07-23,0.030178448515271628,0.030178448515271735,1.0
2021-07-26,0.00750696138810536,0.0075069613881053685,1.0
2021-07-27,-0.013444399209800562,-0.013444399209800577,1.0
2021-07-28,-0.0016420351615313855,-0.001642035161531506,1.0
2021-07-29,0.01241680265617795,0.012416802656177943,1.0
2021-07-30,-0.015188499593407623,-0.015188499593407572,1.0
2021-08-02,-0.0061853517977359385,-0.0061853517977359645,1.0
2021-08-03,0.024481147192741748,0.02448114719274185,1.0
2021-08-04,-0.014256751442085047,-0.01425675144208504,1.0
2021-08-05,0.018325260122417975,0.01832526012241805,1.0
2021-08-06,0.005648753915537874,0.005648753915537729,1.0
2021-08-09,-0.0031292977113573928,-0.0031292977113573342,1.0
2021-08-10,0.003058784716583496,0.003058784716583296,1.0
2021-08-11,0.007302640520173931,0.007302640520173998,1.0
2021-08-12,0.008843200187941047,0.008843200187941117,1.0
2021-08-13,0.005527990979755204,0.005527990979755304,1.0
2021-08-16,0.007460913169329952,0.007460913169329781,1.0
2021-08-17,-0.019332751577335938,-0.019332751577335907,1.0
2021-08-18,-0.03282986656231901,-0.03282986656231903,1.0
2021-08-19,0.0035341248473095277,0.003534124847309546,1.0
2021-08-20,0.02497961271937421,0.02497961271937421,1.0
2021-08-23,0.025569180838019845,0.02556918083801978,1.0
2021-08-24,0.004986438525252934,0.0049864385252529255,1.0
2021-08-25,0.005814570804163699,0.00581457080416375,1.0
2021-08-26,-0.017188471499419822,-0.017188471499419836,1.0
2021-08-27,0.02572359339889152,0.025723593398891437,1.0
2021-08-30,0.013303676660516128,0.012290626309775001,0.0
2021-08-31,-0.0030183710681138676,0.0,0.0
2021-09-01,0.0016653914589304097,0.0,0.0
2021-09-02,0.008311253018096432,-0.0009992504996875408,1.0
2021-09-03,-0.0011989534502395705,-0.0011989534502396002,1.0
2021-09-07,-0.010278332412031577,-0.010278332412031585,1.0
2021-09-08,-0.003638757050810293,-0.0036387570508102686,1.0
2021-09-09,-0.013542210943875643,-0.0135422109438755,1.0
2021-09-10,-0.023214459248721453,-0.023214459248721526,1.0
2021-09-13,0.00679019334441433,0.0067901933444143815,1.0
2021-09-14,-0.015528166891741413,-0.01651239260689139,0.0
2021-09-15,0.02509369109124404,0.0,0.0
2021-09-16,-0.005595348885135132,0.0,0.0
2021-09-17,-0.028446204845883005,0.0,0.0
2021-09-20,-0.04987152952164231,0.0,0.0
2021-09-21,-0.0028784352948609815,0.0,0.0
2021-09-22,0.02827314995857244,0.0,0.0
2021-09-23,0.036413159736041756,0.0,0.0
2021-09-24,0.005019226452126713,0.0,0.0
2021-09-27,-0.008561317612251651,0.0,0.0
2021-09-28,-0.06036616843565212,0.0,0.0
2021-09-29,0.003999226570727599,0.0,0.0
2021-09-30,-0.036274073137481655,0.0,0.0
2021-10-01,0.035617028511539583,0.0,0.0
2021-10-04,-0.03906284606707344,-0.0009992504996875417,1.0
2021-10-05,0.030399434652339963,0.02936929281754623,0.0
2021-10-06,0.013036050763816087,-0.000999250499687686,1.0
2021-10-07,0.025398092918147208,0.02539809291814719,1.0
2021-10-08,-0.0057794044614262186,-0.00577940446142618,1.0
2021-10-11,-0.021259037875126063,-0.021259037875126154,1.0
2021-10-12,-0.006957422559863202,-0.006957422559863129,1.0
2021-10-13,0.009911299352052039,0.009911299352052106,1.0
2021-10-14,0.05042304966951949,0.050423049669519444,1.0
2021-10-15,0.02303471305646787,0.023034713056467853,1.0
2021-10-18,0.009368654533794096,0.00936865453379409,1.0
2021-10-19,0.022775119866118576,0.02277511986611852,1.0
2021-10-20,0.011210303062118232,0.011210303062118291,1.0
2021-10-21,0.008069128580577845,0.00806912858057773,1.0
2021-10-22,-0.003366418190680287,-0.0033664181906802875,1.0
2021-10-25,0.015162981489624361,0.015162981489624448,1.0
2021-10-26,0.0038446721455358546,0.0038446721455357544,1.0
2021-10-27,-0.013626466685342287,-0.013626466685342249,1.0
2021-10-28,0.028526499454640364,0.028526499454640277,1.0
2021-10-29,0.006389325498306508,0.0063893254983063055,1.0
2021-11-01,0.005410732818059261,0.00541073281805928,1.0
2021-11-02,0.011768222085766888,0.011768222085766968,1.0
2021-11-03,0.018652717165024812,0.018652717165024847,1.0
2021-11-04,0.013437024292646038,0.013437024292646033,1.0
2021-11-05,0.010854707437483624,0.010854707437483528,1.0
2021-11-08,0.0027862785762717834,0.0027862785762718992,1.0
2021-11-09,-0.010301399890507268,-0.010301399890507316,1.0
2021-11-10,-0.023899817109658383,-0.023899817109658245,1.0
2021-11-11,0.0011230518848635018,0.0011230518848632947,1.0
2021-11-12,0.022214398152609505,0.022214398152609532,1.0
2021-11-15,0.00041105386547402034,0.00041105386547385093,1.0
2021-11-16,0.011992269791249566,0.011992269791249635,1.0
2021-11-17,-0.0075843042160279595,-0.007584304216027979,1.0
2021-11-18,0.010030453130490224,0.010030453130490233,1.0
2021-11-19,-0.004796415426880252,-0.0047964154268802335,1.0
2021-11-22,-0.008892307450198866,-0.008892307450199055,1.0
2021-11-23,0.0047255240616081995,0.00472552406160812,1.0
2021-11-24,0.0067485638762514455,0.006748563876251427,1.0
2021-11-26,-0.06513599539650328,-0.0651359953965031,1.0
2021-11-29,0.035416452461672465,0.035416452461672514,1.0
2021-11-30,-0.056729031112912054,-0.056729031112912116,1.0
2021-12-01,-0.03537238636902906,-0.03537238636902899,1.0
2021-12-02,0.04512551800446629,0.04512551800446617,1.0
2021-12-03,-0.026333039418293458,-0.026333039418293555,1.0
2021-12-06,0.03573310044736777,0.03573310044736791,1.0
2021-12-07,0.061925886391626106,0.06192588639162608,1.0
2021-12-08,0.008791502917812721,0.008791502917812562,1.0
2021-12-09,-0.020630185562578562,-0.020630185562578635,1.0
2021-12-10,0.02885131060929047,0.027822716511509055,0.0
2021-12-13,-0.026691345705042613,0.0,0.0
2021-12-14,-0.020966065535312106,0.0,0.0
2021-12-15,0.046234565572704556,0.0,0.0
2021-12-16,-0.026772325240216333,0.0,0.0
2021-12-17,-0.031408911701010345,0.0,0.0
2021-12-20,-0.032067772908373815,0.0,0.0
2021-12-21,0.05296391924344368,0.0,0.0
2021-12-22,0.02984119082015635,0.0,0.0
2021-12-23,0.018304438201336648,0.0,0.0
2021-12-27,0.04212952305464657,0.0,0.0
2021-12-28,-0.0018078598698980652,0.0,0.0
2021-12-29,0.0036228844300894014,0.0,0.0
2021-12-30,-0.008573597437201097,0.0,0.0
2021-12-31,-0.008062575235428082,0.0,0.0
2022-01-03,0.017501397550278686,0.0,0.0
2022-01-04,-0.0008373488894057868,0.0,0.0
2022-01-05,-0.058091676127868364,0.0,0.0
2022-01-06,-0.002737877782370113,0.0,0.0
2022-01-07,-0.011325527896546839,0.0,0.0
2022-01-10,-0.004512439650844358,0.0,0.0
2022-01-11,0.02747731477417492,0.0,0.0
2022-01-12,0.008823777204096661,0.0,0.0
2022-01-13,-0.042320118139213436,-0.0009992504996874508,1.0
2022-01-14,0.0008433705919586032,0.0008433705919585153,1.0
2022-01-18,-0.05292735464840648,-0.05387419052559663,0.0
2022-01-19,-0.030981150854340833,0.0,0.0
2022-01-20,-0.03334872568170333,0.0,0.0
2022-01-21,-0.05887002917135897,0.0,0.0
2022-01-24,0.012443146347393963,0.0,0.0
2022-01-25,-0.037203080219170515,0.0,0.0
2022-01-26,-0.006382628014672931,0.0,0.0
2022-01-27,-0.015451441682166167,0.0,0.0
2022-01-28,0.07370842272116063,0.0,0.0
2022-01-31,0.05370342733618472,0.0,0.0
2022-02-01,0.021976202554255364,0.0,0.0
2022-02-02,0.027604112357873634,0.0,0.0
2022-02-03,-0.07034707728114353,-0.0009992504996874873,1.0
2022-02-04,0.013888624055079068,0.012874988903179858,0.0
2022-02-07,-0.01023460368597684,-0.0009992504996876018,1.0
2022-02-08,0.024021688505120098,0.024021688505120112,1.0
2022-02-09,0.04396424360538753,0.04292054035284296,0.0
2022-02-10,-0.05297579870554647,-0.0009992504996874387,1.0
2022-02-11,-0.059553733280524046,-0.06049394443567691,0.0
2022-02-14,-0.009858056556458883,0.0,0.0
2022-02-15,0.04741840021717181,0.0,0.0
2022-02-16,0.0038665283121228633,0.0,0.0
2022-02-17,-0.06339265306829478,0.0,0.0
2022-02-18,-0.020048206972992033,0.0,0.0
2022-02-22,-0.03182369988881606,0.0,0.0
2022-02-23,-0.055625741032503395,0.0,0.0
2022-02-24,0.046471553797317044,0.0,0.0
2022-02-25,0.0652412985604256,0.0,0.0
2022-02-28,-0.007720214340190101,0.0,0.0
2022-03-01,-0.044259813114119306,0.0,0.0
2022-03-02,0.054269291301843214,0.0,0.0
2022-03-03,-0.014584960782240364,0.0,0.0
2022-03-04,-0.02420347256760591,0.0,0.0
2022-03-07,-0.08886498036516033,0.0,0.0
2022-03-08,-0.02369778301134562,0.0,0.0
2022-03-09,0.08124371738092839,0.0,0.0
2022-03-10,-0.014285666957838283,0.0,0.0
2022-03-11,-0.03745526555656231,0.0,0.0
2022-03-14,-0.022291715793640088,0.0,0.0
2022-03-15,0.06599994381058516,0.0,0.0
2022-03-16,0.06529091704621837,0.0,0.0
2022-03-17,0.037513127382663214,0.0,0.0
2022-03-18,0.032931575685725134,0.0,0.0
2022-03-21,0.0,0.0,0.0
2022-03-22,0.03418261932301747,0.0,0.0
2022-03-23,-0.03807950506795588,-0.000999250499687439,1.0
2022-03-24,0.044297613887641196,0.04325357734815702,0.0
2022-03-25,0.015036293223787744,-0.0009992504996874261,1.0
2022-03-28,0.021207035868393342,0.02120703586839318,1.0
2022-03-29,0.0378684594546459,0.03786845945464594,1.0
2022-03-30,-0.01839062431987115,-0.018390624319871162,1.0
2022-03-31,-0.04631300721138787,-0.046313007211387903,1.0
2022-04-01,0.007072307783882792,0.00707230778388278,1.0
2022-04-04,0.02637303045226247,0.026373030452262584,1.0
2022-04-05,-0.03709881838498741,-0.037098818384987506,1.0
2022-04-06,-0.03047523465646995,-0.030475234656469917,1.0
2022-04-07,0.014657947213045697,0.013643542930319502,0.0
2022-04-08,-0.00706267648733816,0.0,0.0
2022-04-11,-0.052214529985820324,0.0,0.0
2022-04-12,-0.011598183702745457,0.0,0.0
2022-04-13,0.034167239034960994,0.0,0.0
2022-04-14,-0.03670949647506272,0.0,0.0
2022-04-18,0.0003466533116520676,0.0,0.0
2022-04-19,0.047965178565542166,0.0,0.0
2022-04-20,-0.002313199734072846,0.0,0.0
2022-04-21,-0.044551301335293725,0.0,0.0
2022-04-22,-0.0814698282250731,0.0,0.0
2022-04-25,0.016040593469251574,0.0,0.0
2022-04-26,-0.08636685908459252,0.0,0.0
2022-04-27,0.007318463666852626,0.0,0.0
2022-04-28,0.07568115472462145,0.0,0.0
2022-04-29,-0.10956827603284924,0.0,0.0
2022-05-02,0.017488127991400315,0.0,0.0
2022-05-03,0.013460570769856073,0.0,0.0
2022-05-04,0.09072341944207674,0.0,0.0
2022-05-05,-0.10565761603530233,0.0,0.0
2022-05-06,-0.018223862886050823,0.0,0.0
2022-05-09,-0.09601020000277538,0.0,0.0
2022-05-10,0.005428336190105965,0.0,0.0
2022-05-11,-0.047417756587446847,0.0,0.0
2022-05-12,-0.003450043466384334,0.0,0.0
2022-05-13,0.0714639888968478,0.0,0.0
2022-05-16,-0.011539485260278703,0.0,0.0
2022-05-17,0.05977135703286396,0.0,0.0
2022-05-18,-0.11918936906453137,0.0,0.0
2022-05-19,-0.02051026525091315,0.0,0.0
2022-05-20,0.0017874218730853375,0.0,0.0
2022-05-23,0.056589362721900516,0.0,0.0
2022-05-24,-0.022919015034240875,0.0,0.0
2022-05-25,0.026913574032892962,0.0,0.0
2022-05-26,0.05866787022165476,0.0,0.0
2022-05-27,0.07381319884157223,0.0,0.0
2022-05-31,-0.017554796771590997,0.0,0.0
2022-06-01,-0.023681504381438234,0.0,0.0
2022-06-02,0.05578841734970741,0.0,0.0
2022-06-03,-0.048663335791495954,0.0,0.0
2022-06-06,0.008122972119348315,0.0,0.0
2022-06-07,0.028745781296867667,0.0,0.0
2022-06-08,-0.03196451916544685,0.0,0.0
2022-06-09,-0.07194418118341195,0.0,0.0
2022-06-10,-0.08741744839026289,0.0,0.0
2022-06-13,-0.11438168112152325,0.0,0.0
2022-06-14,-0.009912617954430214,0.0,0.0
2022-06-15,0.042108444590190475,0.0,0.0
2022-06-16,-0.09578971539022463,0.0,0.0
2022-06-17,0.00218748140950642,0.0,0.0
2022-06-21,0.07577170742083195,0.0,0.0
2022-06-22,-0.006086790185816704,0.0,0.0
2022-06-23,0.029162902424956227,0.0,0.0
2022-06-24,0.09492765781652168,0.0,0.0
2022-06-27,-0.009834461712663667,0.0,0.0
2022-06-28,-0.06142157625955913,0.0,0.0
2022-06-29,-0.0036202881033666756,0.0,0.0
2022-06-30,-0.025433208730724965,0.0,0.0
2022-07-01,0.030972114678577745,0.0,0.0
2022-07-05,0.005841728250475686,0.0,0.0
2022-07-06,0.010508617158199618,0.0,0.0
2022-07-07,0.04406147235031499,0.0,0.0
2022-07-08,-0.001834846553290137,0.0,0.0
2022-07-11,-0.034664027129410524,0.0,0.0
2022-07-12,-0.026659402191210324,0.0,0.0
2022-07-13,-0.015930837349923732,0.0,0.0
2022-07-14,-0.007952107360827187,-0.000999250499687826,1.0
2022-07-15,0.05754372021334264,0.05754372021334274,1.0
2022-07-18,-0.025175975230177228,-0.02517597523017715,1.0
2022-07-19,0.0799778231584114,0.07997782315841126,1.0
2022-07-20,0.018770905738574317,0.018770905738574366,1.0
2022-07-21,0.03054008283895482,0.03054008283895487,1.0
2022-07-22,-0.02669585601123492,-0.026695856011234795,1.0
2022-07-25,0.0025162059410723803,0.002516205941072185,1.0
2022-07-26,-0.036144693452503596,-0.03614469345250354,1.0
2022-07-27,0.07786442324852771,0.07786442324852759,1.0
2022-07-28,0.03744888025235049,0.037448880252350485,1.0
2022-07-29,0.04448058008478162,0.0444805800847817,1.0
2022-08-01,-0.01003324607605316,-0.010033246076053156,1.0
2022-08-02,-0.01936948202986266,-0.019369482029862783,1.0
2022-08-03,0.04547523071225168,0.045475230712251805,1.0
2022-08-04,-0.0017575043090307663,-0.0017575043090308966,1.0
2022-08-05,-0.005721596230650272,-0.005721596230650276,1.0
2022-08-08,-0.002877304529739999,-0.002877304529739945,1.0
2022-08-09,-0.012874573008822665,-0.012874573008822688,1.0
2022-08-10,0.06251394600321603,0.06251394600321591,1.0
2022-08-11,0.00021168636306723165,0.0002116863630670618,1.0
2022-08-12,0.05014822461933477,0.05014822461933477,1.0
2022-08-15,0.012290834579208765,0.012290834579208773,1.0
2022-08-16,0.0057722095592860345,0.005772209559286105,1.0
2022-08-17,-0.02157126109037777,-0.02157126109037782,1.0
2022-08-18,0.008090453672173537,0.008090453672173582,1.0
2022-08-19,-0.03992772763638086,-0.039927727636380805,1.0
2022-08-22,-0.06311399007620133,-0.06311399007620128,1.0
2022-08-23,-0.0075839159691565294,-0.008576083949166263,0.0
2022-08-24,0.008540967395686883,0.0,0.0
2022-08-25,0.04256751411667836,0.0,0.0
2022-08-26,-0.10218041137082656,0.0,0.0
2022-08-29,-0.019523913394503767,0.0,0.0
2022-08-30,-0.033511310918558856,0.0,0.0
2022-08-31,-0.023367048413058145,0.0,0.0
2022-09-01,0.008747281109827476,0.0,0.0
2022-09-02,-0.03136951461093063,0.0,0.0
2022-09-06,-0.011848210827646533,0.0,0.0
2022-09-07,0.0535571002143822,0.0,0.0
2022-09-08,0.018968257582338,0.0,0.0
2022-09-09,0.04641328156407121,0.0,0.0
2022-09-12,0.03202099105464473,0.0,0.0
2022-09-13,-0.12985526163471683,0.0,0.0
2022-09-14,0.010036862796858559,0.0,0.0
2022-09-15,-0.033734099811408846,-0.0009992504996876885,1.0
2022-09-16,-0.02300413695363379,-0.023004136953633736,1.0
2022-09-19,0.021883485023513005,0.020861857009360673,0.0
2022-09-20,-0.03334233534172726,0.0,0.0
2022-09-21,-0.05328093564025538,0.0,0.0
2022-09-22,-0.025770066426507587,0.0,0.0
2022-09-23,-0.051383330100706615,0.0,0.0
2022-09-26,-0.02948725200761415,0.0,0.0
2022-09-27,-0.00726560000188603,0.0,0.0
2022-09-28,0.05721884427800683,0.0,0.0
2022-09-29,-0.06293241717460663,0.0,0.0
2022-09-30,-0.04600420075991363,0.0,0.0
2022-10-03,0.0788455043139542,0.0,0.0
2022-10-04,0.09200659994646898,0.0,0.0
2022-10-05,-0.007768303841529822,0.0,0.0
2022-10-06,-0.031014595040325443,0.0,0.0
2022-10-07,-0.08359246278081156,0.0,0.0
2022-10-10,-0.02204133796491825,0.0,0.0
2022-10-11,-0.021151255424762927,0.0,0.0
2022-10-12,-0.009210033221867975,0.0,0.0
2022-10-13,0.07758325245179187,0.0,0.0
2022-10-14,-0.06834774836027002,0.0,0.0
2022-10-17,0.075854652492648,0.0,0.0
2022-10-18,0.029791592821603485,0.0,0.0
2022-10-19,-0.015429044897514843,0.0,0.0
2022-10-20,-0.026444858852270103,0.0,0.0
2022-10-21,0.07209936582349408,0.0,0.0
2022-10-24,0.03628411393218478,0.0,0.0
2022-10-25,0.04829459039344286,0.0,0.0
2022-10-26,-0.022171299133709854,0.0,0.0
2022-10-27,-0.0173730850840077,0.0,0.0
2022-10-28,0.07012281794325692,0.0,0.0
2022-10-31,-0.02100254561838999,0.0,0.0
2022-11-01,-0.01315804101876461,0.0,0.0
2022-11-02,-0.07594204484606393,-0.0009992504996874387,1.0
2022-11-03,-0.03262223666404507,-0.032622236664045116,1.0
2022-11-04,0.043450153752138565,0.04345015375213863,1.0
2022-11-07,0.028899521778766646,0.028899521778766542,1.0
2022-11-08,0.015101541668740337,0.015101541668740335,1.0
2022-11-09,-0.06248145928878712,-0.06248145928878707,1.0
2022-11-10,0.16439249453341565,0.16439249453341548,1.0
2022-11-11,0.029708247641765828,0.029708247641765828,1.0
2022-11-14,-0.02541035156375071,-0.02541035156375056,1.0
2022-11-15,0.025257920122395694,0.025257920122395743,1.0
2022-11-16,-0.023311302138483758,-0.023311302138483758,1.0
2022-11-17,-0.010848822443940476,-0.010848822443940486,1.0
2022-11-18,0.013435804103818727,0.013435804103818675,1.0
2022-11-21,-0.011363753423011214,-0.011363753423011248,1.0
2022-11-22,0.04022976154891289,0.04022976154891298,1.0
2022-11-23,0.017626927294676742,0.017626927294676572,1.0
2022-11-25,-0.0010340443067222704,-0.001034044306722261,1.0
2022-11-28,-0.04710136076778926,-0.04710136076778914,1.0
2022-11-29,-0.006518325816979975,-0.006518325816980063,1.0
2022-11-30,0.09322062656943486,0.09322062656943489,1.0
2022-12-01,-0.0015006029783959374,-0.0015006029783958448,1.0
2022-12-02,-0.004257287014723388,-0.004257287014723356,1.0
2022-12-05,-0.05457769484082553,-0.054577694840825544,1.0
2022-12-06,-0.042830288551675144,-0.04378721897069552,0.0
2022-12-07,-0.005558753366611602,0.0,0.0
2022-12-08,0.02291784252896445,0.0,0.0
2022-12-09,-0.022950732984219457,0.0,0.0
2022-12-12,0.04306461805453132,0.0,0.0
2022-12-13,0.021716198616332782,0.0,0.0
2022-12-14,-0.01836803462664305,0.0,0.0
2022-12-15,-0.07431145440696219,0.0,0.0
2022-12-16,-0.03638477543649732,0.0,0.0
2022-12-19,-0.0254721847189473,0.0,0.0
2022-12-20,0.003075152855176677,0.0,0.0
2022-12-21,0.045064416948364716,0.0,0.0
2022-12-22,-0.043117172179704455,0.0,0.0
2022-12-23,0.015081328218037537,0.0,0.0
2022-12-27,-0.011218762759686807,0.0,0.0
2022-12-28,-0.03741183177085783,0.0,0.0
2022-12-29,0.050971845083655376,0.0,0.0
2022-12-30,-0.0066689149428967864,0.0,0.0
2023-01-03,-0.013121682279322089,0.0,0.0
2023-01-04,0.021954233350635066,0.0,0.0
2023-01-05,-0.034493173382349473,0.0,0.0
2023-01-06,0.06769041274792875,0.0,0.0
2023-01-09,-0.0011742622310286777,0.0,0.0
2023-01-10,0.0202762388997062,0.0,0.0
2023-01-11,0.03715450833086931,0.0,0.0
2023-01-12,0.010274996681698623,0.0,0.0
2023-01-13,0.011269978494595545,-0.0009992504996877431,1.0
2023-01-17,-0.005436260115882496,-0.005436260115882514,1.0
2023-01-18,-0.04728077184125434,-0.04728077184125422,1.0
2023-01-19,-0.023235741444005198,-0.023235741444005285,1.0
2023-01-20,0.05433189863440835,0.05433189863440843,1.0
2023-01-23,0.03648991710628113,0.036489917106281154,1.0
2023-01-24,-0.0034935637279994713,-0.0034935637279994787,1.0
2023-01-25,0.001078727621275588,0.0010787276212756215,1.0
2023-01-26,0.030980691831776763,0.030980691831776895,1.0
2023-01-27,0.007316499178385394,0.007316499178385246,1.0
2023-01-30,-0.03735417236219152,-0.037354172362191525,1.0
2023-01-31,0.04311517917778129,0.04311517917778125,1.0
2023-02-01,0.030999642945666706,0.030999642945666657,1.0
2023-02-02,0.04309711548987294,0.04309711548987307,1.0
2023-02-03,-0.031948196965093545,-0.03194819696509353,1.0
2023-02-06,-0.01761796171295349,-0.017617961712953555,1.0
2023-02-07,0.03814094901782039,0.038140949017820544,1.0
2023-02-08,-0.03284679530380019,-0.03284679530380027,1.0
2023-02-09,-0.02691806384397033,-0.02691806384397031,1.0
2023-02-10,0.005429106965927577,0.005429106965927635,1.0
2023-02-13,0.03497055822961781,0.03497055822961778,1.0
2023-02-14,-0.0014907520377863692,-0.0014907520377863601,1.0
2023-02-15,0.009206237128104533,0.00920623712810447,1.0
2023-02-16,-0.04191307625220775,-0.0419130762522077,1.0
2023-02-17,-0.008234932838822595,-0.00823493283882262,1.0
2023-02-21,-0.059937840993847136,-0.05993784099384716,1.0
2023-02-22,-0.004416035147727815,-0.005411370216588684,0.0
2023-02-23,0.013861992691291736,0.0,0.0
2023-02-24,-0.03226690093203877,0.0,0.0
2023-02-27,0.009607268722024331,0.0,0.0
2023-02-28,-0.011194965035150606,0.0,0.0
2023-03-01,-0.011605142506132093,0.0,0.0
2023-03-02,0.021764061098372478,0.0,0.0
2023-03-03,0.04736548897279258,0.0,0.0
2023-03-06,0.0029435330430003237,0.0,0.0
2023-03-07,-0.046157841379972475,0.0,0.0
2023-03-08,0.004475547192410501,0.0,0.0
2023-03-09,-0.05625195596204735,0.0,0.0
2023-03-10,-0.0433754845898674,0.0,0.0
2023-03-13,-0.00678592374687681,0.0,0.0
2023-03-14,0.05093172319337236,0.0,0.0
2023-03-15,-0.01891250885398499,0.0,0.0
2023-03-16,0.05090350748297534,0.0,0.0
2023-03-17,-0.033820371316363396,0.0,0.0
2023-03-20,0.027291769077398165,0.0,0.0
2023-03-21,0.03840575519413725,0.0,0.0
2023-03-22,-0.050087917189224784,0.0,0.0
2023-03-23,0.006455406661825203,0.0,0.0
2023-03-24,0.019533733342387283,0.0,0.0
2023-03-27,0.004861094128223442,0.0,0.0
2023-03-28,-0.006545209441655264,0.0,0.0
2023-03-29,0.04268123414936742,0.0,0.0
2023-03-30,0.017033054541395476,0.0,0.0
2023-03-31,0.04186904553680271,-0.000999250499687614,1.0
2023-04-03,0.010370832066743052,0.010370832066743206,1.0
2023-04-04,-0.016166221964767913,-0.016166221964767948,1.0
2023-04-05,-0.009128618677490818,-0.00912861867749085,1.0
2023-04-06,0.011055323924445526,0.011055323924445484,1.0
2023-04-10,0.0028637892720613234,0.002863789272061361,1.0
2023-04-11,0.0,0.0,1.0
2023-04-12,-0.011422547922369075,-0.011422547922368999,1.0
2023-04-13,0.03755230043247848,0.037552300432478605,1.0
2023-04-14,-0.006833417603538838,-0.0068334176035389944,1.0
2023-04-17,0.009938751307651206,0.009938751307651227,1.0
2023-04-18,0.0020184487629058,0.00201844876290583,1.0
2023-04-19,-0.001007340285205327,-0.001007340285205389,1.0
2023-04-20,-0.01764543598682644,-0.01764543598682637,1.0
2023-04-21,0.002309604751972838,0.002309604751972877,1.0
2023-04-24,0.0030721079677251684,0.003072107967725127,1.0
2023-04-25,-0.048238716708186025,-0.048238716708186094,1.0
2023-04-26,-0.012872450721254203,-0.012872450721254116,1.0
2023-04-27,0.05786466251064892,0.05680706231430376,0.0
2023-04-28,0.02619420690403418,-0.0009992504996875742,1.0
2023-05-01,-0.0035036334231933752,-0.00350363342319332,1.0
2023-05-02,-0.0336512981211603,-0.0336512981211604,1.0
2023-05-03,-0.021309742032364354,-0.021309742032364465,1.0
2023-05-04,-0.022039225937646068,-0.022039225937646102,1.0
2023-05-05,0.05403216408905176,0.05297839543300392,0.0
2023-05-08,0.0012876880213339437,-0.0009992504996874996,1.0
2023-05-09,-0.01363494048806757,-0.013634940488067694,1.0
2023-05-10,0.013563050757697814,0.013563050757697984,1.0
2023-05-11,-0.005918950448375981,-0.005918950448376066,1.0
2023-05-12,-0.0038830850846766074,-0.003883085084676637,1.0
2023-05-15,0.00909581769159118,0.009095817691591348,1.0
2023-05-16,-0.020087591797984472,-0.02008759179798461,1.0
2023-05-17,0.035479543867728,0.03547954386772803,1.0
2023-05-18,0.028934180755357808,0.028934180755357954,1.0
2023-05-19,-0.004933580877576671,-0.004933580877576646,1.0
2023-05-22,0.0,0.0,1.0
2023-05-23,-0.03296965893361947,-0.032969658933619445,1.0
2023-05-24,-0.022302039658442574,-0.022302039658442546,1.0
2023-05-25,0.023597216147238864,0.023597216147238774,1.0
2023-05-26,0.03944687040715489,0.03944687040715485,1.0
2023-05-30,0.0004927746934846322,0.0004927746934846969,1.0
2023-05-31,-0.017241531609458405,-0.017241531609458408,1.0
2023-06-01,0.02781984125439818,0.027819841254398313,1.0
2023-06-02,0.0434039176221499,0.04340391762214976,1.0
2023-06-05,-0.006777304774064796,-0.006777304774064826,1.0
2023-06-06,0.006588293594125272,0.006588293594125227,1.0
2023-06-07,-0.010285283570077741,-0.010285283570077684,1.0
2023-06-08,0.01724150609254438,0.017241506092544177,1.0
2023-06-09,0.004411265880223114,0.004411265880223207,1.0
2023-06-12,0.02704599821186804,0.027045998211868046,1.0
2023-06-13,0.02003140584672436,0.02003140584672435,1.0
2023-06-14,0.0026476745778629684,0.0026476745778630504,1.0
2023-06-15,0.03609167481065878,0.03609167481065868,1.0
2023-06-16,-0.009770462480332531,-0.009770462480332453,1.0
2023-06-20,-0.015658712381510176,-0.015658712381510165,1.0
2023-06-21,-0.016285937769985215,-0.016285937769985246,1.0
2023-06-22,0.009555616472798567,0.009555616472798527,1.0
2023-06-23,-0.022452141240360657,-0.022452141240360688,1.0
2023-06-26,-0.012835071559690436,-0.012835071559690539,1.0
2023-06-27,0.03170635079589146,0.031706350795891486,1.0
2023-06-28,0.00154754606635632,0.0015475460663563216,1.0
2023-06-29,0.01081677786514712,0.010816777865146943,1.0
2023-06-30,0.03472370815427084,0.03472370815427089,1.0
2023-07-03,0.004432214823865577,0.004432214823865568,1.0
2023-07-05,-0.005883377539151691,-0.005883377539151712,1.0
2023-07-06,-0.024096534612356835,-0.024096534612356883,1.0
2023-07-07,-0.00866338329134031,-0.008663383291340249,1.0
2023-07-10,0.0074284225204672705,0.007428422520467333,1.0
2023-07-11,0.019301585310878666,0.019301585310878756,1.0
2023-07-12,0.02276595252052238,0.022765952520522468,1.0
2023-07-13,0.02309117361641988,0.023091173616419877,1.0
2023-07-14,-0.0024398257397422185,-0.0024398257397421626,1.0
2023-07-17,0.010191565100952316,0.010191565100952397,1.0
2023-07-18,0.02239710585112653,0.022397105851126396,1.0
2023-07-19,0.0057232281093715365,0.0057232281093716085,1.0
2023-07-20,-0.02021198913812383,-0.020211989138123804,1.0
2023-07-21,-0.0004003327923700617,-0.0004003327923699744,1.0
2023-07-24,0.013023504255003315,0.013023504255003262,1.0
2023-07-25,0.007713255372483463,0.0077132553724834785,1.0
2023-07-26,-0.0003923954093515425,-0.00039239540935159,1.0
2023-07-27,-0.020223662932934428,-0.020223662932934393,1.0
2023-07-28,0.028657056527373825,0.02865705652737373,1.0
2023-07-31,0.0056497162169082404,0.005649716216908125,1.0
2023-08-01,-0.009492445245888992,-0.00949244524588895,1.0
2023-08-02,-0.04146284867782113,-0.04146284867782114,1.0
2023-08-03,-0.009793875006552932,-0.009793875006552922,1.0
2023-08-04,-0.014012230972637152,-0.014997972244722125,0.0
2023-08-07,0.02528766283597883,0.0,0.0
2023-08-08,-0.013452942807215984,0.0,0.0
2023-08-09,-0.020041438399139522,0.0,0.0
2023-08-10,-0.00021079984335381496,0.0,0.0
2023-08-11,-0.0018975986036723347,0.0,0.0
2023-08-14,0.015423136896650202,0.0,0.0
2023-08-15,-0.03370756483098025,0.0,0.0
2023-08-16,-0.023686694272183728,0.0,0.0
2023-08-17,-0.02337895159588821,0.0,0.0
2023-08-18,0.0004517690012471043,0.0,0.0
2023-08-21,0.019864603219183152,0.0,0.0
2023-08-22,-0.008632093366986782,0.0,0.0
2023-08-23,0.03192683632154769,0.0,0.0
2023-08-24,-0.041324371548415284,0.0,0.0
2023-08-25,0.020537406053418694,0.0,0.0
2023-08-28,0.01835459764552816,0.0,0.0
2023-08-29,0.04277954746342982,0.0,0.0
2023-08-30,0.012703008677073191,0.0,0.0
2023-08-31,-0.006168912950645589,0.0,0.0
2023-09-01,0.004965877525858087,0.0,0.0
2023-09-05,-0.012559321996883144,0.0,0.0
2023-09-06,-0.02085071780548664,0.0,0.0
2023-09-07,-0.010221335670403509,0.0,0.0
2023-09-08,0.0034422404128457984,0.0,0.0
2023-09-11,0.019939902159489264,0.0,0.0
2023-09-12,-0.017237606018812968,0.0,0.0
2023-09-13,0.003850260189622201,0.0,0.0
2023-09-14,0.02450461011671634,0.0,0.0
2023-09-15,-0.03660565166376328,0.0,0.0
2023-09-18,0.0015108747102863251,0.0,0.0
2023-09-19,-0.006251092977968553,0.0,0.0
2023-09-20,-0.028537937640397693,0.0,0.0
2023-09-21,-0.04985455243722148,0.0,0.0
2023-09-22,-0.008235471272791672,0.0,0.0
2023-09-25,0.013048639579017696,0.0,0.0
2023-09-26,-0.04519895911575933,0.0,0.0
2023-09-27,0.0017168702933798574,0.0,0.0
2023-09-28,0.016160919162545584,0.0,0.0
2023-09-29,-0.007952185153752733,0.0,0.0
2023-10-02,-0.000971564256576074,0.0,0.0
2023-10-03,-0.04084585969080434,0.0,0.0
2023-10-04,0.021292497093945872,0.0,0.0
2023-10-05,-0.002481669904206063,0.0,0.0
2023-10-06,0.035083070672262684,0.0,0.0
2023-10-09,0.01850952645863324,0.0,0.0
2023-10-10,0.015341099516464896,0.0,0.0
2023-10-11,0.012784664203843166,0.0,0.0
2023-10-12,-0.019049608033423593,0.0,0.0
2023-10-13,-0.015208289094100769,0.0,0.0
2023-10-16,0.030886026387118237,0.0,0.0
2023-10-17,-0.0009218553510023098,0.0,0.0
2023-10-18,-0.039676899041812375,0.0,0.0
2023-10-19,-0.027384087908375765,0.0,0.0
2023-10-20,-0.0382811105432298,0.0,0.0
2023-10-23,-0.004879266322471931,0.0,0.0
2023-10-24,0.022193462257676932,0.0,0.0
2023-10-25,-0.043423312135919656,0.0,0.0
2023-10-26,-0.03694893229758889,0.0,0.0
2023-10-27,-0.014250550101880255,0.0,0.0
2023-10-30,0.03558512840897832,0.0,0.0
2023-10-31,0.01798663040120063,0.0,0.0
2023-11-01,0.03190929050477842,0.0,0.0
2023-11-02,0.05622286024626222,0.0,0.0
2023-11-03,0.02685705377771641,0.0,0.0
2023-11-06,0.006361856597040028,0.0,0.0
2023-11-07,0.008428882936672988,-0.0009992504996876041,1.0
2023-11-08,0.0023217609999177657,0.0023217609999178837,1.0
2023-11-09,-0.02478579706885986,-0.024785797068859892,1.0
2023-11-10,0.0465558468846079,0.04550955267668505,0.0
2023-11-13,-0.00317751884046924,-0.0009992504996876532,1.0
2023-11-14,0.05760502776371412,0.05760502776371417,1.0
2023-11-15,0.006458443290044524,0.0064584432900445235,1.0
2023-11-16,0.0025668837168859593,0.0025668837168858825,1.0
2023-11-17,0.0038402582496652737,0.003840258249665301,1.0
2023-11-20,0.02210434210870882,0.022104342108708708,1.0
2023-11-21,-0.0074860763581583445,-0.007486076358158322,1.0
2023-11-22,0.011523154330525864,0.011523154330525882,1.0
2023-11-24,0.0008284858701466113,0.0008284858701466729,1.0
2023-11-27,-0.005173709707072094,-0.005173709707072101,1.0
2023-11-28,0.002288329893029406,0.002288329893029407,1.0
2023-11-29,-0.002905800117111612,-0.0029058001171115553,1.0
2023-11-30,0.011240597849746958,0.011240597849746958,1.0
2023-12-01,0.016879319328403808,0.01687931932840378,1.0
2023-12-04,-0.015182038872545434,-0.01518203887254552,1.0
2023-12-05,-0.001233277241304509,-0.0012332772413044535,1.0
2023-12-06,-0.0125541643271736,-0.012554164327173723,1.0
2023-12-07,0.021675562430170103,0.021675562430170145,1.0
2023-12-08,0.012852113169291579,0.012852113169291494,1.0
2023-12-11,0.011480357332809943,0.011480357332809978,1.0
2023-12-12,0.013341336171309282,0.01334133617130918,1.0
2023-12-13,0.04047928894349884,0.040479288943499024,1.0
2023-12-14,0.008876179884255375,0.00887617988425531,1.0
2023-12-15,-0.004492400797865503,-0.004492400797865583,1.0
2023-12-18,0.015983280065325012,0.01598328006532508,1.0
2023-12-19,0.017397872603258202,0.01739787260325821,1.0
2023-12-20,-0.0430438895389309,-0.04304388953893098,1.0
2023-12-21,0.028577012285609715,0.02857701228560983,1.0
2023-12-22,0.005556567601545659,0.005556567601545816,1.0
2023-12-26,0.011788415895780169,0.011788415895780068,1.0
2023-12-27,0.0054615518453968726,0.005461551845396872,1.0
2023-12-28,-0.00018098486390905055,-0.0001809848639089808,1.0
2023-12-29,-0.008692745731071927,-0.00869274573107193,1.0
2024-01-02,-0.0180854731421215,-0.018085473142121496,1.0
2024-01-03,-0.02418592982723744,-0.024185929827237287,1.0
2024-01-04,-0.010486096756829322,-0.010486096756829473,1.0
2024-01-05,0.003853376893136806,0.003853376893136718,1.0
2024-01-08,0.04165081941649795,0.04165081941649807,1.0
2024-01-09,-0.004975196164248685,-0.0049751961642486905,1.0
2024-01-10,0.01722223027842218,0.017222230278422377,1.0
2024-01-11,-0.002548766961456783,-0.0025487669614568656,1.0
2024-01-12,0.001460221122669525,0.0014602211226696332,1.0
2024-01-16,-0.01111736270448449,-0.011117362704484619,1.0
2024-01-17,-0.017692513510213725,-0.01769251351021364,1.0
2024-01-18,0.02589116721444329,0.025891167214443244,1.0
2024-01-19,0.03749084541271053,0.03749084541271035,1.0
2024-01-22,0.005640729365010477,0.005640729365010501,1.0
2024-01-23,0.0082384238656108,0.008238423865610784,1.0
2024-01-24,0.0027816287663364747,0.0027816287663364413,1.0
2024-01-25,0.01595021904170113,0.015950219041701227,1.0
2024-01-26,-0.0040956445483776305,-0.004095644548377648,1.0
2024-01-29,0.023303695207753217,0.02330369520775313,1.0
2024-01-30,-0.003181552450476577,-0.003181552450476559,1.0
2024-01-31,-0.048714967631415695,-0.04871496763141576,1.0
2024-02-01,0.037789169190971084,0.037789169190971,1.0
2024-02-02,0.03096821627665758,0.030968216276657728,1.0
2024-02-05,-0.011223036180298296,-0.011223036180298298,1.0
2024-02-06,0.008179025043170807,0.008179025043170647,1.0
2024-02-07,0.02450324789480618,0.024503247894806193,1.0
2024-02-08,0.0011311889379110873,0.0011311889379111257,1.0
2024-02-09,0.016464920055556442,0.016464920055556533,1.0
2024-02-12,-0.0019057385050703646,-0.001905738505070341,1.0
2024-02-13,-0.04089088740504976,-0.04089088740504984,1.0
2024-02-14,0.026376921372679663,0.026376921372679697,1.0
2024-02-15,0.018910576009186553,0.018910576009186605,1.0
2024-02-16,-0.015387230625798609,-0.0153872306257986,1.0
2024-02-20,-0.016755171768864652,-0.016755171768864558,1.0
2024-02-21,0.0022938874212967697,0.0022938874212967207,1.0
2024-02-22,0.06163165980179941,0.06163165980179954,1.0
2024-02-23,0.0012316897759980794,0.0012316897759981316,1.0
2024-02-26,-0.011073197103847798,-0.011073197103847774,1.0
2024-02-27,0.004976587890735074,0.004976587890734989,1.0
2024-02-28,-0.004797379515205202,-0.004797379515205235,1.0
2024-02-29,0.009796381169016044,0.009796381169016165,1.0
2024-03-01,0.028179583733591862,0.02817958373359181,1.0
2024-03-04,-0.003893617914582981,-0.0038936179145828975,1.0
2024-03-05,-0.030371431390366466,-0.03037143139036651,1.0
2024-03-06,0.015506255029984484,0.015506255029984475,1.0
2024-03-07,0.029011998889674873,0.029011998889674824,1.0
2024-03-08,-0.018548906617187777,-0.01854890661718774,1.0
2024-03-11,-0.003326063501493781,-0.003326063501493721,1.0
2024-03-12,0.03200851770705193,0.03200851770705184,1.0
2024-03-13,-0.005291744645839369,-0.005291744645839401,1.0
2024-03-14,-0.006945731805395039,-0.006945731805395051,1.0
2024-03-15,-0.021726031257024436,-0.02172603125702428,1.0
2024-03-18,0.01794945493524258,0.016931759967671087,0.0
2024-03-19,0.016736503021145488,0.0,0.0
2024-03-20,0.026988845615585788,0.0,0.0
2024-03-21,0.008458821769346425,0.0,0.0
2024-03-22,-0.004691437787110009,0.0,0.0
2024-03-25,-0.00842763022080939,0.0,0.0
2024-03-26,-0.008354909700160285,0.0,0.0
2024-03-27,0.02542147233753722,0.0,0.0
2024-03-28,-0.0005666082489169666,0.0,0.0
2024-04-01,-0.005102808455835661,-0.000999250499687671,1.0
2024-04-02,-0.02023072561985806,-0.020230725619858135,1.0
2024-04-03,0.0029081311966574486,0.0019054737924936373,0.0
2024-04-04,-0.03813240649362015,0.0,0.0
2024-04-05,0.031051907765192066,0.0,0.0
2024-04-08,0.0008772960312439793,0.0,0.0
2024-04-09,0.0035054231757774,0.0,0.0
2024-04-10,-0.02940313439406017,0.0,0.0
2024-04-11,0.021295783008739244,0.0,0.0
2024-04-12,-0.04258433209513235,0.0,0.0
2024-04-15,-0.03726999930047381,0.0,0.0
2024-04-16,-0.006372472472995994,0.0,0.0
2024-04-17,-0.01779691562071073,0.0,0.0
2024-04-18,-0.007835482054591059,0.0,0.0
2024-04-19,-0.026653547479078887,0.0,0.0
2024-04-22,0.026876319673579063,0.0,0.0
2024-04-23,0.0358848051672338,0.0,0.0
2024-04-24,-0.0007945647646361298,0.0,0.0
2024-04-25,-0.013517969273986297,0.0,0.0
2024-04-26,0.02885718406278981,0.0,0.0
2024-04-29,0.009714922348779576,0.0,0.0
2024-04-30,-0.0471758030045859,0.0,0.0
2024-05-01,-0.011400717294864582,0.0,0.0
2024-05-02,0.027512369372695966,0.0,0.0
2024-05-03,0.0371974172183438,0.0,0.0
2024-05-06,0.030916625297610967,0.0,0.0
2024-05-07,0.00299906832913277,0.0,0.0
2024-05-08,-0.000448374895165915,0.0,0.0
2024-05-09,0.01615294560247027,0.0,0.0
2024-05-10,0.004268455856957454,0.0,0.0
2024-05-13,-0.0005859775738420447,0.0,0.0
2024-05-14,0.013491461605192656,0.0,0.0
2024-05-15,0.03660825105360055,0.0,0.0
2024-05-16,-0.006700081972570104,0.0,0.0
2024-05-17,0.003935147019618945,0.0,0.0
2024-05-20,0.0029391626269545945,0.0,0.0
2024-05-21,0.006838784662611452,0.0,0.0
2024-05-22,-0.009148868231571683,0.0,0.0
2024-05-23,-0.023223382226736256,0.0,0.0
2024-05-24,0.01990849287298313,-0.000999250499687697,1.0
2024-05-28,0.0018256359594961413,0.0018256359594961754,1.0
2024-05-29,-0.02158678067712505,-0.021586780677125078,1.0
2024-05-30,-0.020487102712225536,-0.020487102712225487,1.0
2024-05-31,0.02632722508450125,0.026327225084501225,1.0
2024-06-03,0.002422805247562332,0.002422805247562109,1.0
2024-06-04,0.0025587438174710098,0.002558743817471118,1.0
2024-06-05,0.03545111473953644,0.03545111473953655,1.0
2024-06-06,-0.00041094811156550115,-0.00041094811156551037,1.0
2024-06-07,-0.004795152009970494,-0.004795152009970494,1.0
2024-06-10,0.00908610988082037,0.00908610988082038,1.0
2024-06-11,0.006821122809749003,0.006821122809748903,1.0
2024-06-12,0.024390460897468547,0.024390460897468595,1.0
2024-06-13,0.006216677905426016,0.006216677905426059,1.0
2024-06-14,0.00013173019805878816,0.00013173019805862317,1.0
2024-06-17,0.023527592660039565,0.023527592660039644,1.0
2024-06-18,0.007319999325456683,0.00731999932545666,1.0
2024-06-20,-0.008796717959347222,-0.008796717959347115,1.0
2024-06-21,-0.007073932161871244,-0.007073932161871223,1.0
2024-06-24,-0.007901318867595708,-0.007901318867595746,1.0
2024-06-25,0.011097978770512773,0.01109797877051282,1.0
2024-06-26,0.004053380921211103,0.004053380921211021,1.0
2024-06-27,0.003740659785635314,0.0037406597856353965,1.0
2024-06-28,-0.012593527286326345,-0.012593527286326388,1.0
2024-07-01,0.005726291676636519,0.00572629167663654,1.0
2024-07-02,0.01953936949982471,0.019539369499824814,1.0
2024-07-03,0.012565206062731926,0.01256520606273197,1.0
2024-07-05,0.016796193170289353,0.016796193170289263,1.0
2024-07-08,0.0030818432297210485,0.0030818432297210017,1.0
2024-07-09,0.0024579188790028184,0.0024579188790027143,1.0
2024-07-10,0.028809472076366083,0.02880947207636612,1.0
2024-07-11,-0.02573865259543051,-0.025738652595430497,1.0
2024-07-12,0.017857095193481998,0.017857095193481987,1.0
2024-07-15,0.00817120418495132,0.008171204184951274,1.0
2024-07-16,0.01752080681156931,0.01752080681156928,1.0
2024-07-17,-0.04263791053532384,-0.04263791053532385,1.0
2024-07-18,-0.02373663294559969,-0.02373663294559966,1.0
2024-07-19,-0.021055514708647638,-0.021055514708647666,1.0
2024-07-22,0.03111009644019136,0.031110096440191443,1.0
2024-07-23,-0.0052147162084221765,-0.005214716208422133,1.0
2024-07-24,-0.06839746052264095,-0.06839746052264097,1.0
2024-07-25,-0.016345287555849408,-0.016345287555849415,1.0
2024-07-26,0.03296118272916315,0.03192847978672977,0.0
2024-07-29,0.0009230665829857987,0.0,0.0
2024-07-30,-0.01541286487286786,0.0,0.0
2024-07-31,0.04669493932723756,0.0,0.0
2024-08-01,-0.0411606518753731,0.0,0.0
2024-08-02,-0.05652581494238018,0.0,0.0
2024-08-05,-0.0881729341235592,0.0,0.0
2024-08-06,0.02742918023106622,0.0,0.0
2024-08-07,-0.020965287480228523,0.0,0.0
2024-08-08,0.06901840748623789,0.0,0.0
2024-08-09,0.01224974289692371,0.0,0.0
2024-08-12,0.0011389127333638616,-0.0009992504996877906,1.0
2024-08-13,0.04906151023766703,0.04906151023766707,1.0
2024-08-14,0.009624597689661174,0.009624597689661285,1.0
2024-08-15,0.050751790790317,0.05075179079031695,1.0
2024-08-16,0.0052388651210335535,0.005238865121033432,1.0
2024-08-19,0.028727593719256816,0.02872759371925687,1.0
2024-08-20,-0.00543670556810405,-0.005436705568104043,1.0
2024-08-21,0.01080871192406474,0.010808711924064728,1.0
2024-08-22,-0.024336303743832333,-0.024336303743832246,1.0
2024-08-23,0.030612266939596067,0.03061226693959613,1.0
2024-08-26,-0.007822924520410779,-0.007822924520410812,1.0
2024-08-27,0.004188786527055788,0.004188786527055823,1.0
2024-08-28,-0.017666504495655766,-0.01766650449565575,1.0
2024-08-29,-0.0004995455225944578,-0.0004995455225945428,1.0
2024-08-30,0.027114668326677416,0.027114668326677516,1.0
2024-09-03,-0.06155713320612044,-0.06155713320612041,1.0
2024-09-04,-0.0073891085592637795,-0.007389108559263819,1.0
2024-09-05,-0.007313519006802771,-0.007313519006802752,1.0
2024-09-06,-0.051177645922212966,-0.051177645922212925,1.0
2024-09-09,0.032723404236924436,0.03169093901353846,0.0
2024-09-10,0.012754972836244383,-0.0009992504996876362,1.0
2024-09-11,0.030094118580649587,0.030094118580649497,1.0
2024-09-12,0.025225355355039003,0.02522535535503903,1.0
2024-09-13,0.014687400600328804,0.014687400600328793,1.0
2024-09-16,0.004701158024767338,0.00470115802476721,1.0
2024-09-17,0.0008619329486994065,0.0008619329486994363,1.0
2024-09-18,-0.009596220388480292,-0.009596220388480327,1.0
2024-09-19,0.050807231633604566,0.050807231633604434,1.0
2024-09-20,-0.006738428122097351,-0.006738428122097276,1.0
2024-09-23,0.007736171119871349,0.007736171119871472,1.0
2024-09-24,0.008503768938584955,0.008503768938584903,1.0
2024-09-25,-0.007279627985498638,-0.007279627985498572,1.0
2024-09-26,0.0120639063669703,0.012063906366970287,1.0
2024-09-27,-0.005609604691256487,-0.005609604691256476,1.0
2024-09-30,0.01292772344454729,0.012927723444547342,1.0
2024-10-01,-0.027729548667526638,-0.02772954866752665,1.0
2024-10-02,0.00011939124380710986,0.00011939124380727673,1.0
2024-10-03,-0.005608028663834808,-0.0056080286638347495,1.0
2024-10-04,0.02615798573799455,0.026157985737994514,1.0
2024-10-07,-0.02689443146625936,-0.026894431466259326,1.0
2024-10-08,0.027757862509137032,0.027757862509136946,1.0
2024-10-09,0.020343703205488062,0.020343703205488062,1.0
2024-10-10,-0.005499975013475322,-0.005499975013475345,1.0
2024-10-11,0.016476525011671184,0.016476525011671066,1.0
2024-10-14,0.024597433773309918,0.024597433773309942,1.0
2024-10-15,-0.02323254692904131,-0.023232546929041347,1.0
2024-10-16,0.012232438789598898,0.012232438789599072,1.0
2024-10-17,0.00022372633432921063,0.0002237263343292212,1.0
2024-10-18,0.010291805377275365,0.01029180537727547,1.0
2024-10-21,-0.004761255882813509,-0.0047612558828134775,1.0
2024-10-22,-0.0021138593492997515,-0.0021138593492997515,1.0
2024-10-23,-0.02809683089298398,-0.02809683089298408,1.0
2024-10-24,0.006194848423124677,0.006194848423124635,1.0
2024-10-25,-0.0019382854314747844,-0.0019382854314747614,1.0
2024-10-28,0.009024505667145855,0.009024505667145855,1.0
2024-10-29,0.0043019937854711365,0.004301993785471167,1.0
2024-10-30,-0.009130784284016369,-0.009130784284016329,1.0
2024-10-31,-0.059613200315943304,-0.05961320031594337,1.0
2024-11-01,0.01209776206073121,0.012097762060731381,1.0
2024-11-04,-0.006813343310712594,-0.006813343310712662,1.0
2024-11-05,0.03610537225844124,0.0361053722584413,1.0
2024-11-06,0.07445697730981782,0.07338278894675225,0.0
2024-11-07,0.022486521139034155,0.0,0.0
2024-11-08,0.012687750999064606,0.0,0.0
2024-11-11,0.002088023255738536,0.0,0.0
2024-11-12,-0.00968949019436327,0.0,0.0
2024-11-13,0.0012624685742570474,0.0,0.0
2024-11-14,-0.0196490439889645,0.0,0.0
2024-11-15,-0.039442660164046406,0.0,0.0
2024-11-18,0.01216254265789729,0.0,0.0
2024-11-19,0.010913857408283434,0.0,0.0
2024-11-20,0.0005451890142591509,-0.0009992504996876553,1.0
2024-11-21,0.015476846116956544,0.01547684611695647,1.0
2024-11-22,0.00826466209478638,0.008264662094786305,1.0
2024-11-25,0.009793401304446281,0.009793401304446317,1.0
2024-11-26,0.016023570447089908,0.01602357044708986,1.0
2024-11-27,-0.010271880173496784,-0.010271880173496704,1.0
2024-11-29,0.017402281474176995,0.017402281474177016,1.0
2024-12-02,0.005873305676311169,0.005873305676311296,1.0
2024-12-03,0.0005121269201973089,0.0005121269201972494,1.0
2024-12-04,0.018122289597986008,0.018122289597985997,1.0
2024-12-05,-0.00482701433156929,-0.00482701433156929,1.0
2024-12-06,0.005254596967149361,0.005254596967149308,1.0
2024-12-09,-0.016284828521362038,-0.016284828521362066,1.0
2024-12-10,-0.009401107567786782,-0.009401107567786815,1.0
2024-12-11,0.023107131057356955,0.023107131057357087,1.0
2024-12-12,-0.015930579031917302,-0.01593057903191732,1.0
2024-12-13,-0.0014344244830747366,-0.001434424483074804,1.0
2024-12-16,0.012004847787945527,0.012004847787945484,1.0
2024-12-17,-0.012774924324258308,-0.012774924324258249,1.0
2024-12-18,-0.08863118773839296,-0.088631187738393,1.0
2024-12-19,-0.0022536726427916376,-0.002253672642791579,1.0
2024-12-20,0.033205293439463324,0.032172346447347226,0.0
2024-12-23,0.019567103186985735,0.0,0.0
2024-12-24,0.031931928561295786,0.0,0.0
2024-12-26,-0.00010419206684830762,0.0,0.0
2024-12-27,-0.03188488307179882,0.0,0.0
2024-12-30,-0.034980074202963896,0.0,0.0
2024-12-31,-0.011376194033909326,0.0,0.0
2025-01-02,-0.008348494777533633,0.0,0.0
2025-01-03,0.036632421409193316,0.0,0.0
2025-01-06,0.01733979135555086,0.0,0.0
2025-01-07,-0.033441139546856014,0.0,0.0
2025-01-08,0.002678579694343153,0.0,0.0
2025-01-10,-0.04608191423726915,0.0,0.0
2025-01-13,0.004784028525246065,0.0,0.0
2025-01-14,0.002903366248353967,0.0,0.0
2025-01-15,0.05453909256748135,0.0,0.0
2025-01-16,-0.0057098403131052855,-0.000999250499687696,1.0
2025-01-17,0.028161119647153177,0.028161119647153288,1.0
2025-01-21,0.02610105987989142,0.02610105987989148,1.0
2025-01-22,0.017272023042564477,0.017272023042564307,1.0
2025-01-23,0.016361412329001457,0.016361412329001488,1.0
2025-01-24,-0.009415912355811518,-0.009415912355811587,1.0
2025-01-27,-0.04262053328634252,-0.04262053328634254,1.0
2025-01-28,0.024981374661694256,0.024981374661694155,1.0
2025-01-29,-0.013748569623601492,-0.013748569623601499,1.0
2025-01-30,0.015946682726165395,0.015946682726165468,1.0
2025-01-31,-0.016943742465364897,-0.01694374246536492,1.0
2025-02-03,-0.02072546505278794,-0.020725465052787894,1.0
2025-02-04,0.020192165468928547,0.020192165468928505,1.0
2025-02-05,0.01164267813022657,0.011642678130226729,1.0
2025-02-06,0.010357777027447446,0.010357777027447279,1.0
2025-02-07,-0.0282695281593901,-0.028269528159390073,1.0
2025-02-10,0.019288088524578306,0.01928808852457833,1.0
2025-02-11,0.0020909496221273027,0.0020909496221272056,1.0
2025-02-12,-0.009285427975515126,-0.009285427975515141,1.0
2025-02-13,0.031171146680185613,0.031171146680185616,1.0
2025-02-14,-0.0011234057672754316,-0.0011234057672752497,1.0
2025-02-18,0.007667961502548559,0.00766796150254837,1.0
2025-02-19,0.007406603381053145,0.007406603381053212,1.0
2025-02-20,-0.012790799718549906,-0.012790799718549871,1.0
2025-02-21,-0.05172407247883837,-0.051724072478838395,1.0
2025-02-24,-0.014416362263415694,-0.014416362263415783,1.0
2025-02-25,-0.015827849270119154,-0.015827849270119213,1.0
2025-02-26,0.0011090064426928503,0.0011090064426929136,1.0
2025-02-27,-0.04775091367199602,-0.047750913671996034,1.0
2025-02-28,0.04537510875194517,0.04432999498697059,0.0
2025-03-03,-0.051196442109606166,-0.0009992504996876445,1.0
2025-03-04,-0.03695000209150612,-0.03791281132691524,0.0
2025-03-05,0.03130316662269661,0.0,0.0
2025-03-06,-0.05267503524752648,0.0,0.0
2025-03-07,0.014711419769194656,0.0,0.0
2025-03-10,-0.07900236395315752,0.0,0.0
2025-03-11,-0.025079998982367013,0.0,0.0
2025-03-12,0.014641475584935115,0.0,0.0
2025-03-13,-0.039919029897714675,0.0,0.0
2025-03-14,0.06026122088782704,0.0,0.0
2025-03-17,0.022522496614826304,0.0,0.0
2025-03-18,-0.03174409303136605,0.0,0.0
2025-03-19,0.031178979541958585,0.0,0.0
2025-03-20,-0.007267120760276136,0.0,0.0
2025-03-21,0.0,0.0,0.0
2025-03-24,0.05189554273090691,0.0,0.0
2025-03-25,0.006586345644614244,0.0,0.0
2025-03-26,-0.03467296337673331,0.0,0.0
2025-03-27,-0.009357997435344823,0.0,0.0
2025-03-28,-0.060041385282043835,0.0,0.0
2025-03-31,0.017345776369680266,0.0,0.0
2025-04-01,0.00974291934255156,0.0,0.0
2025-04-02,0.018895874308874516,0.0,0.0
2025-04-03,-0.14336462421442187,0.0,0.0
2025-04-04,-0.17365260039256536,0.0,0.0
2025-04-07,-0.014307012437909439,0.0,0.0
2025-04-08,-0.045240229169088875,0.0,0.0
2025-04-09,0.279565598010878,0.0,0.0
2025-04-10,-0.10461351965629562,0.0,0.0
2025-04-11,0.05255917301027946,0.0,0.0
2025-04-14,0.027832233304952547,0.0,0.0
2025-04-15,-0.007805056772532959,0.0,0.0
2025-04-16,-0.06694489079931465,0.0,0.0
2025-04-17,0.002752820438299386,0.0,0.0
2025-04-21,-0.07103624878124326,0.0,0.0
2025-04-22,0.07499070900887217,0.0,0.0
2025-04-23,0.04793820598006637,0.0,0.0
2025-04-24,0.06197729190747592,0.0,0.0
2025-04-25,0.021151722828121056,0.0,0.0
2025-04-28,0.0021167953715359733,0.0,0.0
2025-04-29,0.016897891970181433,0.0,0.0
2025-04-30,0.001038611659302413,0.0,0.0
2025-05-01,0.021490974622886627,0.0,0.0
2025-05-02,0.04338379092827149,-0.0009992504996874864,1.0
2025-05-05,-0.016409321847410396,-0.016409321847410462,1.0
2025-05-06,-0.0254488919389827,-0.02544889193898256,1.0
2025-05-07,0.012621373820708381,0.012621373820708387,1.0
2025-05-08,0.019484360255951794,0.01948436025595168,1.0
2025-05-09,-0.004497063312012828,-0.004497063312012837,1.0
2025-05-12,0.09810842428374666,0.09810842428374675,1.0
2025-05-13,0.0203111007577228,0.020311100757722873,1.0
2025-05-14,0.0034018093221073187,0.0034018093221074284,1.0
2025-05-15,0.014314424183284213,0.014314424183284297,1.0
2025-05-16,0.018692817353604507,0.018692817353604407,1.0
2025-05-19,0.0031595726583286687,0.003159572658328718,1.0
2025-05-20,-0.010902484478392815,-0.010902484478392665,1.0
2025-05-21,-0.05009197231670681,-0.050091972316706875,1.0
2025-05-22,-0.00025777408240656996,-0.0012572663727675889,0.0
2025-05-23,-0.02089246543041512,0.0,0.0
2025-05-27,0.06111693656463135,0.0,0.0
2025-05-28,-0.0172542407638675,-0.0009992504996876523,1.0
2025-05-29,0.011241629932299047,0.01124162993229894,1.0
2025-05-30,-0.0034973047124060574,-0.0034973047124060783,1.0
2025-06-02,0.01579349228197069,0.015793492281970786,1.0
2025-06-03,0.017768947093612653,0.0177689470936126,1.0
2025-06-04,-0.0015761940591296764,-0.0015761940591296963,1.0
2025-06-05,-0.015057731462832513,-0.015057731462832466,1.0
2025-06-06,0.029836199695627785,0.029836199695627747,1.0
2025-06-09,0.0023942466229576187,0.0023942466229576903,1.0
2025-06-10,0.017317520043340418,0.017317520043340397,1.0
2025-06-11,-0.008687422668018807,-0.008687422668018913,1.0
2025-06-12,0.011368954034795653,0.01136895403479575,1.0
2025-06-13,-0.034894552881504004,-0.034894552881503844,1.0
2025-06-16,0.028876545084341565,0.028876545084341534,1.0
2025-06-17,-0.02617932698069414,-0.026179326980694154,1.0
2025-06-18,-0.0007266869434707779,-0.0007266869434707191,1.0
2025-06-20,-0.008725085210450123,-0.009716112306510873,0.0
2025-06-23,0.029706683973165005,-0.0009992504996874053,1.0
2025-06-24,0.03300481343342865,0.03300481343342847,1.0
2025-06-25,0.0019474659742342304,0.0019474659742343013,1.0
2025-06-26,0.022656668836957827,0.02265666883695797,1.0
2025-06-27,0.013495358018449588,0.013495358018449515,1.0
2025-06-30,0.014647181486865168,0.014647181486865089,1.0
2025-07-01,-0.00196853665135166,-0.001968536651351723,1.0
2025-07-02,0.013258698931791324,0.0132586989317915,1.0
2025-07-03,0.02303448081406745,0.023034480814067452,1.0
2025-07-07,-0.022410080275559463,-0.022410080275559477,1.0
2025-07-08,-0.0024869870255614934,-0.002486987025561542,1.0
2025-07-09,0.01766930445954129,0.017669304459541294,1.0
2025-07-10,0.008308590712057473,0.00830859071205752,1.0
2025-07-11,-0.011726277976301547,-0.011726277976301443,1.0
2025-07-14,0.005451570251613802,0.005451570251613691,1.0
2025-07-15,-0.012970461869883043,-0.012970461869883102,1.0
2025-07-16,0.009586412564459357,0.009586412564459598,1.0
2025-07-17,0.018457311089949302,0.018457311089949368,1.0
2025-07-18,-0.0030379500935788784,-0.00303795009357888,1.0
2025-07-21,0.005358853954998688,0.005358853954998708,1.0
2025-07-22,-0.0001044854490709346,-0.00010448544907103363,1.0
2025-07-23,0.0251908006106909,0.025190800610691032,1.0
2025-07-24,0.0013253090696883074,0.0013253090696883152,1.0
2025-07-25,0.010895156241298665,0.010895156241298734,1.0
2025-07-28,-0.0006044132188022244,-0.000604413218802412,1.0
2025-07-29,-0.007962103952130817,-0.007962103952130654,1.0
2025-07-30,-0.0039621816120855025,-0.0039621816120855614,1.0
2025-07-31,-0.012239897072949035,-0.012239897072949117,1.0
2025-08-01,-0.049772821773424014,-0.04977282177342387,1.0
2025-08-04,0.0447728513573995,0.04477285135739928,1.0
2025-08-05,-0.014665969792527989,-0.014665969792527897,1.0
2025-08-06,0.02164026380710604,0.02164026380710597,1.0
2025-08-07,-0.0018598399313387581,-0.0018598399313387703,1.0
2025-08-08,0.022256653347341837,0.021234652258157717,0.0
2025-08-11,-0.006886000800679581,0.0,0.0
2025-08-12,0.03201800169001823,0.0,0.0
2025-08-13,0.010374426099915235,0.0,0.0
2025-08-14,-9.783768162863193e-05,0.0,0.0
2025-08-15,-0.007628313811913312,0.0,0.0
2025-08-18,-0.0013797834583805235,0.0,0.0
2025-08-19,-0.016875495961963694,0.0,0.0
2025-08-20,-0.008331623357164641,-0.0009992504996876636,1.0
2025-08-21,-0.011640914225960364,-0.012629026221962995,0.0
2025-08-22,0.04444904769252056,0.0,0.0
2025-08-25,-0.012845647918780956,0.0,0.0
2025-08-26,0.012019436146994522,0.0,0.0
2025-08-27,0.006281786657453603,0.0,0.0
2025-08-28,0.010534632069647554,0.0,0.0
2025-08-29,-0.01901541909065163,0.0,0.0
2025-09-02,-0.02213916074255895,0.0,0.0
2025-09-03,0.014993056513406433,0.0,0.0
2025-09-04,0.024883422168558322,0.0,0.0
2025-09-05,-0.009673071854888082,0.0,0.0
2025-09-08,0.007521130434448464,0.0,0.0
2025-09-09,0.006883099042037655,0.0,0.0
2025-09-10,0.008472920892419689,0.0,0.0
2025-09-11,0.024250579055320465,0.0,0.0
2025-09-12,-0.0018643274658692865,0.0,0.0
2025-09-15,0.015409069625040628,0.0,0.0
2025-09-16,-0.004414631410628145,0.0,0.0
2025-09-17,-0.0036028197467785628,0.0,0.0
2025-09-18,0.013814224748788018,0.0,0.0
2025-09-19,0.013351650967936557,-0.0009992504996874873,1.0
2025-09-22,0.014258639635309267,0.014258639635309177,1.0
2025-09-23,-0.015926702439575502,-0.015926702439575356,1.0
2025-09-24,-0.010363848174698265,-0.010363848174698358,1.0
2025-09-25,-0.014280412476339488,-0.014280412476339288,1.0
2025-09-26,0.01615904024695647,0.016159040246956226,1.0
2025-09-29,0.008225161771857836,0.008225161771857848,1.0
2025-09-30,0.010605457591045253,0.010605457591045099,1.0
2025-10-01,0.010852965304651185,0.010852965304651265,1.0
2025-10-02,0.002750732359349861,0.0027507323593498893,1.0
2025-10-03,-0.001150425705879865,-0.0011504257058799134,1.0
2025-10-06,0.010896651602128493,0.010896651602128469,1.0
2025-10-07,-0.011217198134045092,-0.011217198134045037,1.0
2025-10-08,0.017282548879996584,0.01728254887999649,1.0
2025-10-09,-0.008625229897470055,-0.008625229897470051,1.0
2025-10-10,-0.08172952406417544,-0.08172952406417541,1.0
2025-10-13,0.04545886911725083,0.04545886911725065,1.0
2025-10-14,-0.004393897172403904,-0.004393897172403904,1.0
2025-10-15,0.012780458246973048,0.011767930983840756,0.0
2025-10-16,-0.020154356184773348,0.0,0.0
2025-10-17,0.015843560532648793,0.0,0.0
2025-10-20,0.031101840345707288,0.0,0.0
2025-10-21,-0.000265457014418935,0.0,0.0
2025-10-22,-0.015837782179167426,0.0,0.0
2025-10-23,0.016811937670399013,0.0,0.0
2025-10-24,0.023518978525321366,0.0,0.0
2025-10-27,0.03576376659072511,0.0,0.0
2025-10-28,0.007339285186845235,0.0,0.0
2025-10-29,0.0010764167960795046,0.0,0.0
2025-10-30,-0.03209006429015693,0.0,0.0
2025-10-31,0.007775964747749331,0.0,0.0
2025-11-03,0.0062743178120374665,0.0,0.0
2025-11-04,-0.03555777008085359,0.0,0.0
2025-11-05,0.008736581922043962,0.0,0.0
2025-11-06,-0.032045632685421155,0.0,0.0
2025-11-07,0.0025947621721742475,0.0,0.0
2025-11-10,0.04524763575427859,0.0,0.0
2025-11-11,0.006916034910949387,0.0,0.0
2025-11-12,0.0016958507896769337,0.0,0.0
2025-11-13,-0.04977563798426898,0.0,0.0
2025-11-14,-0.0015144514165343903,0.0,0.0
2025-11-17,-0.028283330068258783,0.0,0.0
2025-11-18,-0.024974827453895565,0.0,0.0
2025-11-19,0.01064129274857839,0.0,0.0
2025-11-20,-0.046030595623176906,0.0,0.0
2025-11-21,0.02930258566248689,0.0,0.0
2025-11-24,0.0439364139683307,-0.0009992504996875645,1.0
2025-11-25,0.027360999644207906,0.027360999644207906,1.0
2025-11-26,0.020350319191575705,0.02035031919157574,1.0
2025-11-28,0.01569555000450973,0.0156955500045096,1.0
2025-12-01,-0.014001520435502401,-0.014001520435502408,1.0
2025-12-02,0.0050220511348477714,0.005022051134847831,1.0
2025-12-03,0.009821656103342624,0.00982165610334263,1.0
2025-12-04,0.002644889770423875,0.0026448897704239934,1.0
2025-12-05,0.004339614483593435,0.004339614483593505,1.0
2025-12-08,-0.009150175367326874,-0.009150175367326898,1.0
2025-12-09,-0.0029072427426234393,-0.0029072427426234298,1.0
2025-12-10,0.01920936421101116,0.019209364211011225,1.0
2025-12-11,0.005973840020718324,0.005973840020718382,1.0
2025-12-12,-0.032117694520079065,-0.03211769452007918,1.0
2025-12-15,-0.004666448494127118,-0.0046664484941271655,1.0
2025-12-16,-0.008508449026975562,-0.008508449026975472,1.0
2025-12-17,-0.03336256225189993,-0.03336256225190013,1.0
2025-12-18,0.022375336504261156,0.022375336504261403,1.0
2025-12-19,0.026138531570563783,0.02613853157056356,1.0
2025-12-22,0.01804673883988328,0.018046738839883298,1.0
2025-12-23,0.01365573648349816,0.013655736483498096,1.0
2025-12-24,0.009650006487063711,0.009650006487063772,1.0
2025-12-26,-0.0007479741754626845,-0.000747974175462563,1.0
2025-12-29,-0.010895790241383874,-0.010895790241383938,1.0
2025-12-30,-0.0040363094194454385,-0.0040363094194455044,1.0
2025-12-31,-0.022627527115924972,-0.02262752711592488,1.0
2026-01-02,0.004923996673256603,0.004923996673256707,1.0
2026-01-05,0.01942743673638536,0.019427436736385327,1.0
2026-01-06,0.017370863359207567,0.01737086335920771,1.0
2026-01-07,-0.009448849159212847,-0.009448849159212883,1.0
2026-01-08,-0.0012551798652191692,-0.001255179865219265,1.0
2026-01-09,0.01918568042732316,0.019185680427323333,1.0
2026-01-12,0.004767879437454159,0.00476787943745418,1.0
2026-01-13,-0.006545051027832871,-0.006545051027832809,1.0
2026-01-14,-0.014494051939132113,-0.01449405193913216,1.0
2026-01-15,0.007270053477822502,0.0072700534778225735,1.0
2026-01-16,-0.003401424015131105,-0.0034014240151311595,1.0
2026-01-20,-0.061183642823725126,-0.06118364282372516,1.0
2026-01-21,0.033782561289576796,0.03378256128957693,1.0
2026-01-22,0.015524528403263682,0.01552452840326362,1.0
2026-01-23,0.000168839831105716,0.0001688398311058186,1.0
2026-01-26,0.015284621151787192,0.015284621151787262,1.0
2026-01-27,0.011976991915985336,0.011976991915985351,1.0
2026-01-28,-0.0005752466755796215,-0.001574421572715645,0.0
2026-01-29,-0.007072403226922486,0.0,0.0
2026-01-30,-0.009358958846586107,0.0,0.0
2026-02-02,0.015216184110975473,0.0,0.0
2026-02-03,-0.026187993722432634,0.0,0.0
2026-02-04,-0.014883764653701226,0.0,0.0
2026-02-05,-0.03828648563760051,0.0,0.0
2026-02-06,0.05757390905232307,0.0,0.0
2026-02-09,0.014010723031632422,0.0,0.0
2026-02-10,-0.008240362632698672,0.0,0.0
2026-02-11,-0.0012589078409102061,0.0,0.0
2026-02-12,-0.046302584397954316,0.0,0.0
2026-02-13,0.0001763474207887583,0.0,0.0
2026-02-17,0.004845283605861672,0.0,0.0
2026-02-18,0.01499202392962462,0.0,0.0
2026-02-19,-0.007601102682756156,0.0,0.0
2026-02-20,0.02045425919361521,0.0,0.0
2026-02-23,-0.030535568276608194,0.0,0.0
2026-02-24,0.02120352323979846,0.0,0.0
2026-02-25,0.024812571828285224,0.0,0.0
2026-02-26,-0.01656150813870405,0.0,0.0
2026-02-27,-0.014276020430596503,0.0,0.0
2026-03-02,8.668215272389368e-05,0.0,0.0
2026-03-03,-0.02670823765227559,0.0,0.0
2026-03-04,0.021115500080298277,0.0,0.0
2026-03-05,-0.016665247748189782,-0.0009992504996874996,1.0
2026-03-06,-0.04028395115886396,-0.04124342727869274,0.0
2026-03-09,0.025980147528995357,0.0,0.0
2026-03-10,-0.005947674247263723,0.0,0.0
2026-03-11,-0.003354144675013493,0.0,0.0
2026-03-12,-0.04593414991189093,0.0,0.0
2026-03-13,-0.017923492180456635,0.0,0.0
2026-03-16,0.029997054743026386,0.0,0.0
2026-03-17,0.007728557691403237,0.0,0.0
2026-03-18,-0.04161987675609358,0.0,0.0
2026-03-19,-0.008197579189386683,0.0,0.0
2026-03-20,-0.04467186159559944,0.0,0.0
2026-03-23,0.032135192445851724,0.0,0.0
2026-03-24,-0.010378250107461962,0.0,0.0
2026-03-25,0.015887157598389434,0.0,0.0
2026-03-26,-0.05312373625631717,0.0,0.0
2026-03-27,-0.05221680537921236,0.0,0.0
2026-03-30,-0.010198512245007452,0.0,0.0
2026-03-31,0.08612392209450404,0.0,0.0
2026-04-01,0.022581929007010615,0.0,0.0
2026-04-02,0.00211756207864644,0.0,0.0
2026-04-06,0.013684815767689873,0.0,0.0
2026-04-07,0.0010920068625659418,0.0,0.0
2026-04-08,0.07545859146089251,0.0,0.0
2026-04-09,0.01751796846905518,0.0,0.0
2026-04-10,-0.00317139504804842,-0.0009992504996874845,1.0
2026-04-13,0.029270036085096374,0.029270036085096523,1.0
2026-04-14,0.03629774660557383,0.03629774660557381,1.0
2026-04-15,0.02318051511588526,0.02318051511588528,1.0
2026-04-16,0.007496257708756282,0.007496257708756229,1.0
2026-04-17,0.03530097008438404,0.03530097008438423,1.0
2026-04-20,-0.005909164140444512,-0.005909164140444528,1.0
2026-04-21,-0.01943926167501364,-0.01943926167501368,1.0
2026-04-22,0.0296551329471455,0.029655132947145647,1.0
2026-04-23,-0.012172838993062207,-0.012172838993062315,1.0
2026-04-24,0.022793129210110896,0.02279312921011081,1.0
2026-04-27,0.004724785126686282,0.004724785126686324,1.0
2026-04-28,-0.014891380571157797,-0.014891380571157837,1.0
2026-04-29,-0.0005569424099365339,-0.0005569424099365285,1.0
2026-04-30,0.02833934285026829,0.028339342850268227,1.0
2026-05-01,0.008670095570282088,0.008670095570282003,1.0
2026-05-04,-0.011128037328128282,-0.011128037328128214,1.0
2026-05-05,0.023282902303001674,0.023282902303001674,1.0
2026-05-06,0.04133477979946609,0.04133477979946602,1.0
2026-05-07,-0.00932264283992823,-0.009322642839928227,1.0
2026-05-08,0.02352593095155875,0.023525930951558683,1.0
2026-05-11,0.006249029606799628,0.0062490296067997655,1.0
2026-05-12,-0.003997440675651109,-0.003997440675651118,1.0
2026-05-13,0.016483886884190113,0.01648388688419006,1.0
2026-05-14,0.023055930419168646,0.02305593041916873,1.0
2026-05-15,-0.03700912133677403,-0.037009121336774094,1.0
2026-05-18,-0.0026478163107721553,-0.002647816310772082,1.0
2026-05-19,-0.019517970308729815,-0.01951797030872986,1.0
2026-05-20,0.030664632448206053,0.030664632448206164,1.0
2026-05-21,0.005325519482087593,0.005325519482087615,1.0
2026-05-22,0.010594725327566445,0.01059472532756642,1.0
2026-05-26,0.019429690941262123,0.019429690941262227,1.0
2026-05-27,-0.00013706187855433427,-0.00013706187855440526,1.0
2026-05-28,0.01611354354889971,0.016113543548899815,1.0
2026-05-29,0.006680524683196465,0.0066805246831963235,1.0
2026-06-01,0.007440774330160327,0.007440774330160381,1.0
2026-06-02,0.003859160812943463,0.003859160812943579,1.0
2026-06-03,-0.020878867920428368,-0.020878867920428347,1.0
2026-06-04,0.01089906500922666,0.010899065009226692,1.0
2026-06-05,-0.07901970894230248,-0.07901970894230242,1.0
2026-06-08,0.0075620220478034295,0.007562022047803365,1.0
2026-06-09,-0.009670239429383942,-0.009670239429383921,1.0
2026-06-10,-0.04765709858661227,-0.047657098586612344,1.0
2026-06-11,0.050500984526788306,0.05050098452678839,1.0
2026-06-12,0.015441830716195648,0.015441830716195462,1.0
2026-06-15,0.05257887919766269,0.0525788791976628,1.0
2026-06-16,-0.017718494341398605,-0.017718494341398553,1.0
2026-06-17,-0.03746360388786363,-0.038425899649876784,0.0
2026-06-18,0.029335355311413513,0.0,0.0
2026-06-22,-0.009733052010624577,0.0,0.0
2026-06-23,-0.04270968063418201,0.0,0.0
2026-06-24,-0.002820592931045973,0.0,0.0
2026-06-25,0.0002226452961981984,0.0,0.0
2026-06-26,-0.019668863315212892,0.0,0.0
2026-06-29,0.050575292622691004,0.0,0.0
2026-06-30,0.021836271039164412,0.0,0.0
2026-07-01,-0.0028210259142407157,0.0,0.0
2026-07-02,-0.004385025119217678,0.0,0.0
2026-07-06,0.025857801366418798,0.0,0.0
2026-07-07,-0.015234356063035803,0.0,0.0
2026-07-08,-0.009704052308713629,0.0,0.0
2026-07-09,0.02527869089466117,0.0,0.0
2026-07-10,0.012258535300031737,0.0,0.0
2026-07-13,-0.02346749600944331,0.0,0.0
2026-07-14,0.010859696233082028,0.0,0.0
2026-07-15,0.011020179454149348,0.0,0.0
2026-07-16,-0.015493175294583161,0.0,0.0
2026-07-17,-0.03175263767113268,0.0,0.0
2026-07-20,-0.004171134810518673,0.0,0.0
2026-07-21,0.024698469266721368,0.0,0.0
2026-07-22,-0.004369572709200797,0.0,0.0
2026-07-23,-0.036384283123639394,0.0,0.0
2026-07-24,0.0010284337971708801,0.0,0.0
2026-07-27,0.0006604647886343518,0.0,0.0
2026-07-28,0.0068935351473216055,0.0,0.0
2026-07-29,-0.04581211664962204,0.0,0.0
2026-07-30,0.05007257766148143,0.0,0.0
2026-07-31,0.01969903939807871,0.0,0.0
2026-08-03,0.04305679911668747,0.0,0.0
2026-08-04,0.053444391317260864,0.0,0.0
2026-08-05,-0.005838749251413811,0.0,0.0
2026-08-06,-0.005285915964589383,0.0,0.0
2026-08-07,0.01725377073063261,0.0,0.0
2026-08-10,-0.0005158614837489361,0.0,0.0
2026-08-11,-0.010452942771366214,0.0,0.0
2026-08-12,0.0077595083654598,-0.0009992504996874127,1.0
2026-08-13,0.020252240369536434,0.020252240369536326,1.0
2026-08-14,-0.006658944381223053,-0.00665894438122305,1.0
2026-08-17,-0.014237465584740261,-0.014237465584740252,1.0
2026-08-18,-0.020790082742155325,-0.020790082742155394,1.0
2026-08-19,0.006415821547976375,0.006415821547976353,1.0
2026-08-20,-0.025499584307601908,-0.025499584307601866,1.0
2026-08-21,0.010790524048874817,0.010790524048874595,1.0
2026-08-24,-0.008673662327659759,-0.00867366232765979,1.0
2026-08-25,0.009153348446771181,0.00915334844677118,1.0
2026-08-26,0.00020001547520354102,0.00020001547520345935,1.0
2026-08-27,0.019603916053923198,0.01960391605392333,1.0
2026-08-28,-0.007389983206946393,-0.007389983206946486,1.0
2026-08-31,-0.009948522676861082,-0.009948522676861032,1.0
2026-09-01,-0.02076274332889494,-0.02076274332889494,1.0
2026-09-02,0.013523720189078103,0.013523720189077952,1.0
2026-09-03,0.03077636102599768,0.030776361025997567,1.0
2026-09-04,-0.01203398246785925,-0.012033982467859292,1.0
2026-09-08,-0.016987149358937303,-0.01698714935893729,1.0
2026-09-09,-0.014132564433151917,-0.014132564433151959,1.0
2026-09-10,-0.018275720654795102,-0.018275720654795057,1.0
2026-09-11,0.024359830113134473,0.024359830113134466,1.0
2026-09-14,-0.013714275800649989,-0.013714275800650017,1.0
2026-09-15,-0.013836601392046899,-0.013836601392046828,1.0
2026-09-16,-0.012988873065718276,-0.013975637439870677,0.0
2026-09-17,0.033638295677470564,0.0,0.0
2026-09-18,0.0021106140335176438,0.0,0.0
2026-09-21,0.046742282149760506,0.0,0.0
2026-09-22,-0.0003895061526296706,0.0,0.0
2026-09-23,-0.02237535710372407,0.0,0.0
2026-09-24,-0.0020625252980667197,0.0,0.0
2026-09-25,0.014734258111476883,0.0,0.0
2026-09-28,-0.022667523110499244,0.0,0.0
2026-09-29,-0.005310879234506349,0.0,0.0
2026-09-30,-0.0066910343893035185,0.0,0.0
2026-10-01,0.005307197202275127,0.0,0.0
2026-10-02,0.021184466211928932,0.0,0.0
2026-10-05,0.0199495917909982,0.0,0.0
2026-10-06,0.016375360858117194,0.0,0.0
2026-10-07,-0.007991816192910228,0.0,0.0
