stage,indicator,rank,param_display,params,strategy,total_return,annualized_return,total_profit,max_drawdown,volatility,sharpe_ratio,sortino_ratio,calmar_ratio,omega_ratio,information_ratio,tail_ratio,deflated_sharpe_ratio,ulcer_index,total_trades,win_rate,profit_factor,expectancy,avg_win_amount,avg_loss_amount,payoff_ratio,winning_streak,losing_streak,trades_per_year,macd_fast_period,macd_slow_period,macd_signal_period,aroon_timeperiod,stc_ema_short_period,stc_ema_long_period,stc_cycle_period,kama_period,kama_fast_ema_constant,kama_slow_ema_constant,supertrend_atr_length,supertrend_factor,kalman_process_noise,kalman_measurement_noise,rsi_timeperiod,adx_di_length,adx_smoothing_timeperiod,donchian_timeperiod,trix_timeperiod,vortex_timeperiod,alma_fast_length,alma_slow_length,alma_offset,alma_sigma,IS_Sharpe,IS_Return,IS_MaxDD,IS_WinRate,OOS_Sharpe,OOS_Return,OOS_MaxDD,OOS_WinRate,OOS_Trades,OOS_ProfitFactor,Sharpe_Degradation,Return_Degradation,OOS_Rank,selection_source,is_sharpe,oos_sharpe,sharpe,sortino
is,MACD,1.0,"MACD(10,72,70)","{'macd_fast_period': 10, 'macd_slow_period': 72, 'macd_signal_period': 70}",MACD line crossing its signal line,0.01859524560596561,0.026427244921488846,1859.524560596561,-0.0009992504996876317,0.018134426480833556,1.4473934621376974,15.610283505576774,,,,,,0.0001059203411264102,2.0,100.0,inf,0.009264371802634713,0.009264371802634713,0.0,inf,,,2.831460674157303,10.0,72.0,70.0,,,,,,,,,,,,,,,,,,,,,,,,,,,,,,,,,,,,,,,
is,MACD,2.0,"MACD(10,83,56)","{'macd_fast_period': 10, 'macd_slow_period': 83, 'macd_signal_period': 56}",MACD line crossing its signal line,0.01859524560596561,0.026427244921488846,1859.524560596561,-0.0009992504996876317,0.018134426480833556,1.4473934621376974,15.610283505576774,,,,,,0.0001059203411264102,2.0,100.0,inf,0.009264371802634713,0.009264371802634713,0.0,inf,,,2.831460674157303,10.0,83.0,56.0,,,,,,,,,,,,,,,,,,,,,,,,,,,,,,,,,,,,,,,
is,MACD,3.0,"MACD(11,60,88)","{'macd_fast_period': 11, 'macd_slow_period': 60, 'macd_signal_period': 88}",MACD line crossing its signal line,0.01859524560596561,0.026427244921488846,1859.524560596561,-0.0009992504996876317,0.018134426480833556,1.4473934621376974,15.610283505576774,,,,,,0.0001059203411264102,2.0,100.0,inf,0.009264371802634713,0.009264371802634713,0.0,inf,,,2.831460674157303,11.0,60.0,88.0,,,,,,,,,,,,,,,,,,,,,,,,,,,,,,,,,,,,,,,
is,MACD,4.0,"MACD(11,62,85)","{'macd_fast_period': 11, 'macd_slow_period': 62, 'macd_signal_period': 85}",MACD line crossing its signal line,0.01859524560596561,0.026427244921488846,1859.524560596561,-0.0009992504996876317,0.018134426480833556,1.4473934621376974,15.610283505576774,,,,,,0.0001059203411264102,2.0,100.0,inf,0.009264371802634713,0.009264371802634713,0.0,inf,,,2.831460674157303,11.0,62.0,85.0,,,,,,,,,,,,,,,,,,,,,,,,,,,,,,,,,,,,,,,
is,MACD,5.0,"MACD(11,63,83)","{'macd_fast_period': 11, 'macd_slow_period': 63, 'macd_signal_period': 83}",MACD line crossing its signal line,0.01859524560596561,0.026427244921488846,1859.524560596561,-0.0009992504996876317,0.018134426480833556,1.4473934621376974,15.610283505576774,,,,,,0.0001059203411264102,2.0,100.0,inf,0.009264371802634713,0.009264371802634713,0.0,inf,,,2.831460674157303,11.0,63.0,83.0,,,,,,,,,,,,,,,,,,,,,,,,,,,,,,,,,,,,,,,
is,AROON,1.0,AROON(17),{'aroon_timeperiod': 17},"AROON Up/Down crossover: buy when Up crosses above Down and Up > entry level, sell when Down crosses above Up",0.23594287073006678,0.3497238473444195,23594.28707300668,-0.10781438448146707,0.21582014310807204,1.4973747505221944,2.3605291116002434,,,,,,0.039067691549963056,4.0,25.0,5.322692639878528,0.06323876204153209,0.3114729834531574,0.019505978429009675,15.968077919635583,,,5.662921348314606,,,,17.0,,,,,,,,,,,,,,,,,,,,,,,,,,,,,,,,,,,,,,
is,AROON,2.0,AROON(18),{'aroon_timeperiod': 18},"AROON Up/Down crossover: buy when Up crosses above Down and Up > entry level, sell when Down crosses above Up",0.21728811336936169,0.32097318075106185,21728.811336936167,-0.10781438448146718,0.21208976927210405,1.4183512216524892,2.2282002452745697,,,,,,0.03790701073902703,4.0,50.0,5.174805816814963,0.05754854862704739,0.14266654654213484,0.02756944928804006,5.174805816814963,,,5.662921348314606,,,,18.0,,,,,,,,,,,,,,,,,,,,,,,,,,,,,,,,,,,,,,
is,AROON,3.0,AROON(15),{'aroon_timeperiod': 15},"AROON Up/Down crossover: buy when Up crosses above Down and Up > entry level, sell when Down crosses above Up",0.20881053067117625,0.3079677967753107,20881.053067117624,-0.1078143844814674,0.2095158821122721,1.3859048686088484,2.182865869239894,,,,,,0.04560103001645955,5.0,60.0,3.731089245223738,0.04494678395232573,0.10234040167013958,0.04114364262439506,2.4873928301491586,,,7.078651685393258,,,,15.0,,,,,,,,,,,,,,,,,,,,,,,,,,,,,,,,,,,,,,
is,AROON,4.0,AROON(16),{'aroon_timeperiod': 16},"AROON Up/Down crossover: buy when Up crosses above Down and Up > entry level, sell when Down crosses above Up",0.20951776793127952,0.3090513176827945,20951.776793127952,-0.10781438448146696,0.21462617430142533,1.3618078179052766,2.129651254859452,,,,,,0.04427257710210272,5.0,40.0,4.308150418326297,0.04393744659211715,0.14304755299774616,0.02213595767830219,6.4622256274894445,,,7.078651685393258,,,,16.0,,,,,,,,,,,,,,,,,,,,,,,,,,,,,,,,,,,,,,
is,AROON,5.0,AROON(24),{'aroon_timeperiod': 24},"AROON Up/Down crossover: buy when Up crosses above Down and Up > entry level, sell when Down crosses above Up",0.21785839442047975,0.32184939918458677,21785.839442047974,-0.1293772613777603,0.22712158200025195,1.3418821546166382,2.078365817704327,,,,,,0.05768717153509022,4.0,50.0,5.045314176906079,0.054778047775151925,0.1366383172911364,0.02708222174083253,5.045314176906079,,,5.662921348314606,,,,24.0,,,,,,,,,,,,,,,,,,,,,,,,,,,,,,,,,,,,,,
is,STC,1.0,"STC(21,60,20)","{'stc_ema_short_period': 21, 'stc_ema_long_period': 60, 'stc_cycle_period': 20}","Schaff Trend Cycle: buy on cross above 50, sell on cross below 50",0.3035935054752737,0.4554935621083491,30359.35054752737,-0.10781438448146685,0.1914899384578892,2.056112712456168,3.601878091002962,,,,,,0.023533285778503794,2.0,100.0,inf,0.14711899661671937,0.14711899661671937,0.0,inf,,,2.831460674157303,,,,,21.0,60.0,20.0,,,,,,,,,,,,,,,,,,,,,,,,,,,,,,,,,,,
is,STC,2.0,"STC(19,60,20)","{'stc_ema_short_period': 19, 'stc_ema_long_period': 60, 'stc_cycle_period': 20}","Schaff Trend Cycle: buy on cross above 50, sell on cross below 50",0.29621967536956845,0.44385149069666774,29621.967536956843,-0.10781438448146685,0.19167383779055666,2.0123599784200645,3.5219484218648596,,,,,,0.02361918360367662,2.0,100.0,inf,0.14418473971859208,0.14418473971859208,0.0,inf,,,2.831460674157303,,,,,19.0,60.0,20.0,,,,,,,,,,,,,,,,,,,,,,,,,,,,,,,,,,,
is,STC,3.0,"STC(20,60,20)","{'stc_ema_short_period': 20, 'stc_ema_long_period': 60, 'stc_cycle_period': 20}","Schaff Trend Cycle: buy on cross above 50, sell on cross below 50",0.29621967536956845,0.44385149069666774,29621.967536956843,-0.10781438448146685,0.19167383779055666,2.0123599784200645,3.5219484218648596,,,,,,0.02361918360367662,2.0,100.0,inf,0.14418473971859208,0.14418473971859208,0.0,inf,,,2.831460674157303,,,,,20.0,60.0,20.0,,,,,,,,,,,,,,,,,,,,,,,,,,,,,,,,,,,
is,STC,4.0,"STC(14,60,20)","{'stc_ema_short_period': 14, 'stc_ema_long_period': 60, 'stc_cycle_period': 20}","Schaff Trend Cycle: buy on cross above 50, sell on cross below 50",0.29317991292624546,0.43906020301128423,29317.991292624545,-0.10781438448146685,0.1908356385290524,2.002909261871766,3.5282287320505676,,,,,,0.02041917353261916,2.0,100.0,inf,0.14446638407213966,0.14446638407213966,0.0,inf,,,2.831460674157303,,,,,14.0,60.0,20.0,,,,,,,,,,,,,,,,,,,,,,,,,,,,,,,,,,,
is,STC,5.0,"STC(15,60,20)","{'stc_ema_short_period': 15, 'stc_ema_long_period': 60, 'stc_cycle_period': 20}","Schaff Trend Cycle: buy on cross above 50, sell on cross below 50",0.29317991292624546,0.43906020301128423,29317.991292624545,-0.10781438448146685,0.1908356385290524,2.002909261871766,3.5282287320505676,,,,,,0.02041917353261916,2.0,100.0,inf,0.14446638407213966,0.14446638407213966,0.0,inf,,,2.831460674157303,,,,,15.0,60.0,20.0,,,,,,,,,,,,,,,,,,,,,,,,,,,,,,,,,,,
is,KAMA,1.0,"KAMA(25,2,60)","{'kama_period': 25, 'kama_fast_ema_constant': 2, 'kama_slow_ema_constant': 60}","Price crossing KAMA line: buy on cross above, sell on cross below",0.18568503823075458,0.27268415808395874,18568.503823075458,-0.12828600267889556,0.17072852535111674,1.4973298589696051,2.5009655785714267,,,,,,0.05932988482580968,5.0,60.0,3.188774589786293,0.04111443865001783,0.09983110934332212,0.046960567389938646,2.1258497265241956,,,7.078651685393258,,,,,,,,25.0,2.0,60.0,,,,,,,,,,,,,,,,,,,,,,,,,,,,,,,,
is,KAMA,2.0,"KAMA(25,2,61)","{'kama_period': 25, 'kama_fast_ema_constant': 2, 'kama_slow_ema_constant': 61}","Price crossing KAMA line: buy on cross above, sell on cross below",0.18568503823075458,0.27268415808395874,18568.503823075458,-0.12828600267889556,0.17072852535111674,1.4973298589696051,2.5009655785714267,,,,,,0.05932988482580968,5.0,60.0,3.188774589786293,0.04111443865001783,0.09983110934332212,0.046960567389938646,2.1258497265241956,,,7.078651685393258,,,,,,,,25.0,2.0,61.0,,,,,,,,,,,,,,,,,,,,,,,,,,,,,,,,
is,KAMA,3.0,"KAMA(25,2,62)","{'kama_period': 25, 'kama_fast_ema_constant': 2, 'kama_slow_ema_constant': 62}","Price crossing KAMA line: buy on cross above, sell on cross below",0.18568503823075458,0.27268415808395874,18568.503823075458,-0.12828600267889556,0.17072852535111674,1.4973298589696051,2.5009655785714267,,,,,,0.05932988482580968,5.0,60.0,3.188774589786293,0.04111443865001783,0.09983110934332212,0.046960567389938646,2.1258497265241956,,,7.078651685393258,,,,,,,,25.0,2.0,62.0,,,,,,,,,,,,,,,,,,,,,,,,,,,,,,,,
is,KAMA,4.0,"KAMA(25,2,63)","{'kama_period': 25, 'kama_fast_ema_constant': 2, 'kama_slow_ema_constant': 63}","Price crossing KAMA line: buy on cross above, sell on cross below",0.18568503823075458,0.27268415808395874,18568.503823075458,-0.12828600267889556,0.17072852535111674,1.4973298589696051,2.5009655785714267,,,,,,0.05932988482580968,5.0,60.0,3.188774589786293,0.04111443865001783,0.09983110934332212,0.046960567389938646,2.1258497265241956,,,7.078651685393258,,,,,,,,25.0,2.0,63.0,,,,,,,,,,,,,,,,,,,,,,,,,,,,,,,,
is,KAMA,5.0,"KAMA(25,2,64)","{'kama_period': 25, 'kama_fast_ema_constant': 2, 'kama_slow_ema_constant': 64}","Price crossing KAMA line: buy on cross above, sell on cross below",0.18568503823075458,0.27268415808395874,18568.503823075458,-0.12828600267889556,0.17072852535111674,1.4973298589696051,2.5009655785714267,,,,,,0.05932988482580968,5.0,60.0,3.188774589786293,0.04111443865001783,0.09983110934332212,0.046960567389938646,2.1258497265241956,,,7.078651685393258,,,,,,,,25.0,2.0,64.0,,,,,,,,,,,,,,,,,,,,,,,,,,,,,,,,
is,SUPERTREND,1.0,"SUPERTREND(ATR=4,Factor=2)","{'supertrend_atr_length': 4, 'supertrend_factor': 2}","SUPERTREND flip: buy when close above red line, sell when close below green line",0.25689877297839264,0.38223679733418425,25689.877297839263,-0.07058646927109857,0.17709419608427568,1.9162711050813122,3.4231689187493823,,,,,,0.0258094240974687,3.0,66.66666666666666,100.38742925305625,0.08556911332849698,0.12964511772368473,0.0025828954618785146,50.19371462652813,,,4.247191011235955,,,,,,,,,,,4.0,2.0,,,,,,,,,,,,,,,,,,,,,,,,,,,,,,
is,SUPERTREND,2.0,"SUPERTREND(ATR=8,Factor=2)","{'supertrend_atr_length': 8, 'supertrend_factor': 2}","SUPERTREND flip: buy when close above red line, sell when close below green line",0.23074836507049185,0.3416998385342713,23074.836507049185,-0.06978686795587818,0.16755898970310604,1.83781984087264,3.2593372945115906,,,,,,0.02764311838453525,3.0,66.66666666666666,11.106856593864809,0.07864839176020254,0.12964511772368473,0.02334506016676184,5.553428296932404,,,4.247191011235955,,,,,,,,,,,8.0,2.0,,,,,,,,,,,,,,,,,,,,,,,,,,,,,,
is,SUPERTREND,3.0,"SUPERTREND(ATR=7,Factor=2)","{'supertrend_atr_length': 7, 'supertrend_factor': 2}","SUPERTREND flip: buy when close above red line, sell when close below green line",0.2298470727106747,0.34030903365920184,22984.70727106747,-0.06978686795587896,0.18501676567146488,1.6753884053456976,2.811294605536074,,,,,,0.03356722861994923,4.0,50.0,10.768878166300944,0.05880312416671396,0.12964511772368467,0.01203886939025675,10.768878166300944,,,5.662921348314606,,,,,,,,,,,7.0,2.0,,,,,,,,,,,,,,,,,,,,,,,,,,,,,,
is,SUPERTREND,4.0,"SUPERTREND(ATR=5,Factor=2)","{'supertrend_atr_length': 5, 'supertrend_factor': 2}","SUPERTREND flip: buy when close above red line, sell when close below green line",0.2298470727106747,0.34030903365920184,22984.70727106747,-0.06978686795587896,0.18504905300090538,1.6751283954620975,2.809974388600773,,,,,,0.03357473924761453,4.0,50.0,10.768878166300944,0.05880312416671396,0.12964511772368467,0.01203886939025675,10.768878166300944,,,5.662921348314606,,,,,,,,,,,5.0,2.0,,,,,,,,,,,,,,,,,,,,,,,,,,,,,,
is,SUPERTREND,5.0,"SUPERTREND(ATR=6,Factor=2)","{'supertrend_atr_length': 6, 'supertrend_factor': 2}","SUPERTREND flip: buy when close above red line, sell when close below green line",0.2298470727106747,0.34030903365920184,22984.70727106747,-0.06978686795587896,0.18504905300090538,1.6751283954620975,2.809974388600773,,,,,,0.03357473924761453,4.0,50.0,10.768878166300944,0.05880312416671396,0.12964511772368467,0.01203886939025675,10.768878166300944,,,5.662921348314606,,,,,,,,,,,6.0,2.0,,,,,,,,,,,,,,,,,,,,,,,,,,,,,,
is,KALMAN,1.0,"KALMAN(Q=4,R=100)","{'kalman_process_noise': 4, 'kalman_measurement_noise': 100}","Price crossing Kalman filter: buy on cross above, sell on cross below",0.113665755371282,0.16464155408493686,11366.5755371282,-0.16133693038819363,0.21130922580273284,0.8263270945917149,1.2442060281493856,,,,,,0.08863474907014726,16.0,43.75,1.6907060550773152,0.008762851803697421,0.04902778291153686,0.022554316835733255,2.1737649279565483,,,22.651685393258425,,,,,,,,,,,,,4.0,100.0,,,,,,,,,,,,,,,,,,,,,,,,,,,,
is,KALMAN,2.0,"KALMAN(Q=4,R=101)","{'kalman_process_noise': 4, 'kalman_measurement_noise': 101}","Price crossing Kalman filter: buy on cross above, sell on cross below",0.113665755371282,0.16464155408493686,11366.5755371282,-0.16133693038819363,0.21130922580273284,0.8263270945917149,1.2442060281493856,,,,,,0.08863474907014726,16.0,43.75,1.6907060550773152,0.008762851803697421,0.04902778291153686,0.022554316835733255,2.1737649279565483,,,22.651685393258425,,,,,,,,,,,,,4.0,101.0,,,,,,,,,,,,,,,,,,,,,,,,,,,,
is,KALMAN,3.0,"KALMAN(Q=4,R=102)","{'kalman_process_noise': 4, 'kalman_measurement_noise': 102}","Price crossing Kalman filter: buy on cross above, sell on cross below",0.113665755371282,0.16464155408493686,11366.5755371282,-0.16133693038819363,0.21130922580273284,0.8263270945917149,1.2442060281493856,,,,,,0.08863474907014726,16.0,43.75,1.6907060550773152,0.008762851803697421,0.04902778291153686,0.022554316835733255,2.1737649279565483,,,22.651685393258425,,,,,,,,,,,,,4.0,102.0,,,,,,,,,,,,,,,,,,,,,,,,,,,,
is,KALMAN,4.0,"KALMAN(Q=4,R=103)","{'kalman_process_noise': 4, 'kalman_measurement_noise': 103}","Price crossing Kalman filter: buy on cross above, sell on cross below",0.113665755371282,0.16464155408493686,11366.5755371282,-0.16133693038819363,0.21130922580273284,0.8263270945917149,1.2442060281493856,,,,,,0.08863474907014726,16.0,43.75,1.6907060550773152,0.008762851803697421,0.04902778291153686,0.022554316835733255,2.1737649279565483,,,22.651685393258425,,,,,,,,,,,,,4.0,103.0,,,,,,,,,,,,,,,,,,,,,,,,,,,,
is,KALMAN,5.0,"KALMAN(Q=4,R=104)","{'kalman_process_noise': 4, 'kalman_measurement_noise': 104}","Price crossing Kalman filter: buy on cross above, sell on cross below",0.113665755371282,0.16464155408493686,11366.5755371282,-0.16133693038819363,0.21130922580273284,0.8263270945917149,1.2442060281493856,,,,,,0.08863474907014726,16.0,43.75,1.6907060550773152,0.008762851803697421,0.04902778291153686,0.022554316835733255,2.1737649279565483,,,22.651685393258425,,,,,,,,,,,,,4.0,104.0,,,,,,,,,,,,,,,,,,,,,,,,,,,,
is,RSI,1.0,RSI(41),{'rsi_timeperiod': 41},"RSI crossing 50: buy on cross above, sell on cross below",0.014493840848435647,0.020581016714031897,1449.3840848435648,-0.05749381293568179,0.11251552711657098,0.2366183500675106,0.3803736064311836,,,,,,0.013926224393616328,2.0,50.0,2.2716962396359563,0.007404496640647746,0.02645406450171115,0.01164507122041566,2.2716962396359563,,,2.831460674157303,,,,,,,,,,,,,,,41.0,,,,,,,,,,,,,,,,,,,,,,,,,,,
is,RSI,2.0,RSI(42),{'rsi_timeperiod': 42},"RSI crossing 50: buy on cross above, sell on cross below",0.014493840848435647,0.020581016714031897,1449.3840848435648,-0.05749381293568179,0.11251552711657098,0.2366183500675106,0.3803736064311836,,,,,,0.013926224393616328,2.0,50.0,2.2716962396359563,0.007404496640647746,0.02645406450171115,0.01164507122041566,2.2716962396359563,,,2.831460674157303,,,,,,,,,,,,,,,42.0,,,,,,,,,,,,,,,,,,,,,,,,,,,
is,RSI,3.0,RSI(43),{'rsi_timeperiod': 43},"RSI crossing 50: buy on cross above, sell on cross below",0.014493840848435647,0.020581016714031897,1449.3840848435648,-0.05749381293568179,0.11251552711657098,0.2366183500675106,0.3803736064311836,,,,,,0.013926224393616328,2.0,50.0,2.2716962396359563,0.007404496640647746,0.02645406450171115,0.01164507122041566,2.2716962396359563,,,2.831460674157303,,,,,,,,,,,,,,,43.0,,,,,,,,,,,,,,,,,,,,,,,,,,,
is,RSI,4.0,RSI(51),{'rsi_timeperiod': 51},"RSI crossing 50: buy on cross above, sell on cross below",-0.007287738217539591,-0.010301820238064807,-728.773821753959,-0.05200302472000329,0.12742997007634876,-0.017964988029291595,-0.02609858947612167,,,,,,0.014863211399653077,2.0,50.0,0.8793530892475474,-0.0027394163269384916,0.03993329285937912,0.0454121255132561,0.8793530892475474,,,2.831460674157303,,,,,,,,,,,,,,,51.0,,,,,,,,,,,,,,,,,,,,,,,,,,,
is,RSI,5.0,RSI(52),{'rsi_timeperiod': 52},"RSI crossing 50: buy on cross above, sell on cross below",-0.007287738217539591,-0.010301820238064807,-728.773821753959,-0.05200302472000329,0.12742997007634876,-0.017964988029291595,-0.02609858947612167,,,,,,0.014863211399653077,2.0,50.0,0.8793530892475474,-0.0027394163269384916,0.03993329285937912,0.0454121255132561,0.8793530892475474,,,2.831460674157303,,,,,,,,,,,,,,,52.0,,,,,,,,,,,,,,,,,,,,,,,,,,,
is,ADX,1.0,"ADX(DI=7,Smooth=60)","{'adx_di_length': 7, 'adx_smoothing_timeperiod': 60}","ADX +DI/-DI crossover: buy when +DI crosses above -DI with ADX > trend level, sell when -DI crosses above +DI with ADX > trend level",0.2557758888079091,0.38048889575273415,25577.588880790907,-0.07670577109139354,0.1654017400329339,2.032024776210705,3.8420440649173444,,,,,,0.02966872313344072,9.0,66.66666666666666,6.9862951488423946,0.02858006648755153,0.05003147394783536,0.014322748433016147,3.4931475744211973,,,12.741573033707864,,,,,,,,,,,,,,,,7.0,60.0,,,,,,,,,,,,,,,,,,,,,,,,,
is,ADX,2.0,"ADX(DI=7,Smooth=61)","{'adx_di_length': 7, 'adx_smoothing_timeperiod': 61}","ADX +DI/-DI crossover: buy when +DI crosses above -DI with ADX > trend level, sell when -DI crosses above +DI with ADX > trend level",0.2557758888079091,0.38048889575273415,25577.588880790907,-0.07670577109139354,0.1654017400329339,2.032024776210705,3.8420440649173444,,,,,,0.02966872313344072,9.0,66.66666666666666,6.9862951488423946,0.02858006648755153,0.05003147394783536,0.014322748433016147,3.4931475744211973,,,12.741573033707864,,,,,,,,,,,,,,,,7.0,61.0,,,,,,,,,,,,,,,,,,,,,,,,,
is,ADX,3.0,"ADX(DI=7,Smooth=62)","{'adx_di_length': 7, 'adx_smoothing_timeperiod': 62}","ADX +DI/-DI crossover: buy when +DI crosses above -DI with ADX > trend level, sell when -DI crosses above +DI with ADX > trend level",0.2557758888079091,0.38048889575273415,25577.588880790907,-0.07670577109139354,0.1654017400329339,2.032024776210705,3.8420440649173444,,,,,,0.02966872313344072,9.0,66.66666666666666,6.9862951488423946,0.02858006648755153,0.05003147394783536,0.014322748433016147,3.4931475744211973,,,12.741573033707864,,,,,,,,,,,,,,,,7.0,62.0,,,,,,,,,,,,,,,,,,,,,,,,,
is,ADX,4.0,"ADX(DI=7,Smooth=63)","{'adx_di_length': 7, 'adx_smoothing_timeperiod': 63}","ADX +DI/-DI crossover: buy when +DI crosses above -DI with ADX > trend level, sell when -DI crosses above +DI with ADX > trend level",0.2557758888079091,0.38048889575273415,25577.588880790907,-0.07670577109139354,0.1654017400329339,2.032024776210705,3.8420440649173444,,,,,,0.02966872313344072,9.0,66.66666666666666,6.9862951488423946,0.02858006648755153,0.05003147394783536,0.014322748433016147,3.4931475744211973,,,12.741573033707864,,,,,,,,,,,,,,,,7.0,63.0,,,,,,,,,,,,,,,,,,,,,,,,,
is,ADX,5.0,"ADX(DI=7,Smooth=64)","{'adx_di_length': 7, 'adx_smoothing_timeperiod': 64}","ADX +DI/-DI crossover: buy when +DI crosses above -DI with ADX > trend level, sell when -DI crosses above +DI with ADX > trend level",0.2557758888079091,0.38048889575273415,25577.588880790907,-0.07670577109139354,0.1654017400329339,2.032024776210705,3.8420440649173444,,,,,,0.02966872313344072,9.0,66.66666666666666,6.9862951488423946,0.02858006648755153,0.05003147394783536,0.014322748433016147,3.4931475744211973,,,12.741573033707864,,,,,,,,,,,,,,,,7.0,64.0,,,,,,,,,,,,,,,,,,,,,,,,,
is,DONCHIAN,1.0,DONCHIAN(17),{'donchian_timeperiod': 17},"DONCHIAN breakout: buy when close crosses above prior upper band, sell when close crosses below prior middle band",0.19535264482922168,0.28739999900435165,19535.264482922168,-0.06606868639648855,0.1634556528411013,1.6269096602828925,2.8263238246693203,,,,,,0.03468077032744864,3.0,66.66666666666666,26.315410364707137,0.06544351189648039,0.10204295603663609,0.007755376383831035,13.157705182353569,,,4.247191011235955,,,,,,,,,,,,,,,,,,17.0,,,,,,,,,,,,,,,,,,,,,,,,
is,DONCHIAN,2.0,DONCHIAN(18),{'donchian_timeperiod': 18},"DONCHIAN breakout: buy when close crosses above prior upper band, sell when close crosses below prior middle band",0.18427615484255236,0.2705437352320166,18427.615484255235,-0.06606868639648855,0.16028146221231343,1.5736541972993812,2.722499944101822,,,,,,0.03576149424464012,3.0,33.33333333333333,14.822238677244446,0.06234230502873734,0.20055778511771527,0.006765435015751626,29.64447735448889,,,4.247191011235955,,,,,,,,,,,,,,,,,,18.0,,,,,,,,,,,,,,,,,,,,,,,,
is,DONCHIAN,3.0,DONCHIAN(16),{'donchian_timeperiod': 16},"DONCHIAN breakout: buy when close crosses above prior upper band, sell when close crosses below prior middle band",0.17653083090448737,0.25879570126025353,17653.083090448737,-0.09082562342609724,0.1638044616601383,1.486491183330612,2.5573965835073866,,,,,,0.04175479821555781,4.0,75.0,5.2583090085679665,0.04538893328228597,0.07473045796263843,0.042635640758771416,1.7527696695226553,,,5.662921348314606,,,,,,,,,,,,,,,,,,16.0,,,,,,,,,,,,,,,,,,,,,,,,
is,DONCHIAN,4.0,DONCHIAN(19),{'donchian_timeperiod': 19},"DONCHIAN breakout: buy when close crosses above prior upper band, sell when close crosses below prior middle band",0.1525785620568943,0.222668858356736,15257.85620568943,-0.07453809275567513,0.16433348555400257,1.3049480577335393,2.1774763353991413,,,,,,0.03633689472621915,3.0,33.33333333333333,4.994585330515161,0.05346758094591769,0.20055778511771527,0.0200775211399811,9.989170661030322,,,4.247191011235955,,,,,,,,,,,,,,,,,,19.0,,,,,,,,,,,,,,,,,,,,,,,,
is,DONCHIAN,5.0,DONCHIAN(20),{'donchian_timeperiod': 20},"DONCHIAN breakout: buy when close crosses above prior upper band, sell when close crosses below prior middle band",0.1525785620568943,0.222668858356736,15257.85620568943,-0.07453809275567513,0.16433348555400257,1.3049480577335393,2.1774763353991413,,,,,,0.03633689472621915,3.0,33.33333333333333,4.994585330515161,0.05346758094591769,0.20055778511771527,0.0200775211399811,9.989170661030322,,,4.247191011235955,,,,,,,,,,,,,,,,,,20.0,,,,,,,,,,,,,,,,,,,,,,,,
is,TRIX,1.0,TRIX(11),{'trix_timeperiod': 11},"TRIX crossing 0: buy on cross above, sell on cross below",0.19960355972876642,0.29388635979031874,19960.35597287664,-0.1293772613777604,0.21310779453704204,1.3151088293581568,2.111799461509238,,,,,,0.054627467194529794,3.0,66.66666666666666,39.894581552794094,0.06600739588083403,0.10155672074069372,0.005091253838885346,19.947290776397047,,,4.247191011235955,,,,,,,,,,,,,,,,,,,11.0,,,,,,,,,,,,,,,,,,,,,,,
is,TRIX,2.0,TRIX(9),{'trix_timeperiod': 9},"TRIX crossing 0: buy on cross above, sell on cross below",0.20345877269993887,0.29977719864860863,20345.877269993885,-0.13146080432853646,0.23986088084891982,1.2126108510391156,1.8787470032748255,,,,,,0.0631812388157952,3.0,100.0,inf,0.0668828951437933,0.0668828951437933,0.0,inf,,,4.247191011235955,,,,,,,,,,,,,,,,,,,9.0,,,,,,,,,,,,,,,,,,,,,,,
is,TRIX,3.0,TRIX(10),{'trix_timeperiod': 10},"TRIX crossing 0: buy on cross above, sell on cross below",0.1811758782959578,0.2658374191076971,18117.58782959578,-0.13807532809837464,0.21647259685813297,1.1966363208383939,1.9126525888079444,,,,,,0.0600298462094099,2.0,50.0,55.42647816301493,0.09094257893791195,0.18522700846058987,0.003341850584765973,55.42647816301493,,,2.831460674157303,,,,,,,,,,,,,,,,,,,10.0,,,,,,,,,,,,,,,,,,,,,,,
is,TRIX,4.0,TRIX(5),{'trix_timeperiod': 5},"TRIX crossing 0: buy on cross above, sell on cross below",0.15778659864219546,0.23049774930409184,15778.659864219546,-0.14289447877601047,0.219743786410309,1.052956785181549,1.696988688359732,,,,,,0.07247927568098059,8.0,37.5,2.5159960324609,0.02141841664774747,0.0947911914516034,0.022605248234566087,4.193326720768167,,,11.325842696629213,,,,,,,,,,,,,,,,,,,5.0,,,,,,,,,,,,,,,,,,,,,,,
is,TRIX,5.0,TRIX(12),{'trix_timeperiod': 12},"TRIX crossing 0: buy on cross above, sell on cross below",0.14984934135289746,0.2185720693839508,14984.934135289746,-0.14936557606901346,0.2183076151036964,1.0142362927193844,1.54289963596854,,,,,,0.07817463595665584,2.0,100.0,inf,0.0737665537507654,0.0737665537507654,0.0,inf,,,2.831460674157303,,,,,,,,,,,,,,,,,,,12.0,,,,,,,,,,,,,,,,,,,,,,,
is,VORTEX,1.0,VORTEX(50),{'vortex_timeperiod': 50},"VORTEX VI+/VI- crossover: buy when VI+ crosses above VI-, sell when VI- crosses above VI+",0.10637983811175873,0.1538692047321748,10637.983811175873,-0.2106262315345495,0.235664121592808,0.7245796087083631,1.0683699683334524,,,,,,0.08763179163242199,5.0,40.0,2.4062604527037412,0.024275981461234858,0.10384693324132903,0.028771319725494588,3.6093906790556116,,,7.078651685393258,,,,,,,,,,,,,,,,,,,,50.0,,,,,,,,,,,,,,,,,,,,,,
is,VORTEX,2.0,VORTEX(40),{'vortex_timeperiod': 40},"VORTEX VI+/VI- crossover: buy when VI+ crosses above VI-, sell when VI- crosses above VI+",0.09708144046082831,0.14016416269192455,9708.14404608283,-0.18872681053008356,0.2146004136390856,0.7180131705489079,1.0654335992665502,,,,,,0.09375251188398687,3.0,33.33333333333333,3.582558587489357,0.03411548268113549,0.14197631299175714,0.019814932474175335,7.165117174978714,,,4.247191011235955,,,,,,,,,,,,,,,,,,,,40.0,,,,,,,,,,,,,,,,,,,,,,
is,VORTEX,3.0,VORTEX(51),{'vortex_timeperiod': 51},"VORTEX VI+/VI- crossover: buy when VI+ crosses above VI-, sell when VI- crosses above VI+",0.0971198398592652,0.14022066115542509,9711.98398592652,-0.2106262315345495,0.23595290903875923,0.6735093331410708,0.993240404638413,,,,,,0.08838503584573408,4.0,50.0,3.03163462992139,0.026124372116197454,0.07796633314473618,0.02571758891234127,3.03163462992139,,,5.662921348314606,,,,,,,,,,,,,,,,,,,,51.0,,,,,,,,,,,,,,,,,,,,,,
is,VORTEX,4.0,VORTEX(63),{'vortex_timeperiod': 63},"VORTEX VI+/VI- crossover: buy when VI+ crosses above VI-, sell when VI- crosses above VI+",0.013258480111717945,0.018822030501541853,1325.8480111717945,-0.01760211572992776,0.030264597294753764,0.6312115600476715,0.9625825798518856,,,,,,0.0014001604147374025,2.0,100.0,inf,0.006627403443662102,0.006627403443662102,0.0,inf,,,2.831460674157303,,,,,,,,,,,,,,,,,,,,63.0,,,,,,,,,,,,,,,,,,,,,,
is,VORTEX,5.0,VORTEX(66),{'vortex_timeperiod': 66},"VORTEX VI+/VI- crossover: buy when VI+ crosses above VI-, sell when VI- crosses above VI+",0.02402814426818615,0.034186488825620476,2402.814426818615,-0.03977544781759923,0.06888134754634781,0.5219415539600003,0.952880427688989,,,,,,0.004798408438757739,3.0,66.66666666666666,1.6568430421906535,0.008713096420693985,0.032967312401794985,0.03979533554150801,0.8284215210953267,,,4.247191011235955,,,,,,,,,,,,,,,,,,,,66.0,,,,,,,,,,,,,,,,,,,,,,
is,ALMA,1.0,"ALMA(8,84,0.16,5)","{'alma_fast_length': 8, 'alma_slow_length': 84, 'alma_offset': 16, 'alma_sigma': 5}","ALMA fast/slow crossover: buy when fast crosses above slow, sell when fast crosses below slow",0.0694920866967857,0.09978446009537967,6949.208669678569,-0.013656545577418577,0.05783857886630279,1.6729681862066046,7.84242150555581,,,,,,0.0015803264283789828,3.0,66.66666666666666,11.434923458584818,0.02313114332170906,0.03802177195305996,0.006650113940992749,5.717461729292409,,,4.247191011235955,,,,,,,,,,,,,,,,,,,,,8.0,84.0,16.0,5.0,,,,,,,,,,,,,,,,,,
is,ALMA,2.0,"ALMA(8,84,0.18,5)","{'alma_fast_length': 8, 'alma_slow_length': 84, 'alma_offset': 18, 'alma_sigma': 5}","ALMA fast/slow crossover: buy when fast crosses above slow, sell when fast crosses below slow",0.06630377564439811,0.09514570051257532,6630.377564439811,-0.01052240387268899,0.057270504927408,1.6151644830086669,7.873386383720673,,,,,,0.0010200351353449137,3.0,66.66666666666666,19.90023000572164,0.02200062550301198,0.0347469983947664,0.0034921202804968662,9.95011500286082,,,4.247191011235955,,,,,,,,,,,,,,,,,,,,,8.0,84.0,18.0,5.0,,,,,,,,,,,,,,,,,,
is,ALMA,3.0,"ALMA(21,87,0.18,3)","{'alma_fast_length': 21, 'alma_slow_length': 87, 'alma_offset': 18, 'alma_sigma': 3}","ALMA fast/slow crossover: buy when fast crosses above slow, sell when fast crosses below slow",0.08231826738692267,0.11850363413802678,8231.826738692267,-0.029628171908994583,0.07614721149527277,1.5083851486834559,3.6855582087383527,,,,,,0.003839587660531595,2.0,50.0,19.353484200864767,0.041376338439518254,0.08726150343062596,0.004508826551589448,19.353484200864767,,,2.831460674157303,,,,,,,,,,,,,,,,,,,,,21.0,87.0,18.0,3.0,,,,,,,,,,,,,,,,,,
is,ALMA,4.0,"ALMA(23,95,0.10,3)","{'alma_fast_length': 23, 'alma_slow_length': 95, 'alma_offset': 10, 'alma_sigma': 3}","ALMA fast/slow crossover: buy when fast crosses above slow, sell when fast crosses below slow",0.016726535859490688,0.023762330866663905,1672.6535859490687,-0.0009992504996876317,0.016281189838713413,1.4505322976154857,14.045393217372915,,,,,,0.00010592034112641566,2.0,50.0,17.75682532311232,0.008376319105167514,0.017752388335272387,0.0009997501249373582,17.75682532311232,,,2.831460674157303,,,,,,,,,,,,,,,,,,,,,23.0,95.0,10.0,3.0,,,,,,,,,,,,,,,,,,
is,ALMA,5.0,"ALMA(23,95,0.12,3)","{'alma_fast_length': 23, 'alma_slow_length': 95, 'alma_offset': 12, 'alma_sigma': 3}","ALMA fast/slow crossover: buy when fast crosses above slow, sell when fast crosses below slow",0.016726535859490688,0.023762330866663905,1672.6535859490687,-0.0009992504996876317,0.016281189838713413,1.4505322976154857,14.045393217372915,,,,,,0.00010592034112641566,2.0,50.0,17.75682532311232,0.008376319105167514,0.017752388335272387,0.0009997501249373582,17.75682532311232,,,2.831460674157303,,,,,,,,,,,,,,,,,,,,,23.0,95.0,12.0,3.0,,,,,,,,,,,,,,,,,,
oos,AROON,1.0,AROON(17),{'aroon_timeperiod': 17},,,,,,,,,,,,,,,,,,,,,,,,,,,,,,,,,,,,,,,,,,,,,,,,,1.4973747505221944,0.23594287073006678,-0.10781438448146707,25.0,2.358379484210142,0.30363223811376183,-0.12337666198040576,100.0,1.0,inf,57.50095180833527,28.688880140453943,4.0,,,,,
oos,AROON,2.0,AROON(18),{'aroon_timeperiod': 18},,,,,,,,,,,,,,,,,,,,,,,,,,,,,,,,,,,,,,,,,,,,,,,,,1.4183512216524892,0.21728811336936169,-0.10781438448146718,50.0,2.366924887072122,0.3048864836369401,-0.12337666198040576,100.0,1.0,inf,66.87861588432736,40.31438669572896,3.0,,,,,
oos,AROON,3.0,AROON(15),{'aroon_timeperiod': 15},,,,,,,,,,,,,,,,,,,,,,,,,,,,,,,,,,,,,,,,,,,,,,,,,1.3859048686088484,0.20881053067117625,-0.1078143844814674,60.0,2.447084874497489,0.3170113886678484,-0.12337666198040576,100.0,1.0,inf,76.5694695158866,51.81772090175908,1.0,,,,,
oos,AROON,4.0,AROON(16),{'aroon_timeperiod': 16},,,,,,,,,,,,,,,,,,,,,,,,,,,,,,,,,,,,,,,,,,,,,,,,,1.3618078179052766,0.20951776793127952,-0.10781438448146696,40.0,2.3860579468228305,0.30781324259842074,-0.12337666198040576,100.0,1.0,inf,75.21253112594465,46.91510206398414,2.0,,,,,
oos,AROON,5.0,AROON(24),{'aroon_timeperiod': 24},,,,,,,,,,,,,,,,,,,,,,,,,,,,,,,,,,,,,,,,,,,,,,,,,1.3418821546166382,0.21785839442047975,-0.1293772613777603,50.0,1.2691235016494227,0.13995017249375202,-0.13405566998590235,100.0,1.0,inf,-5.422134329523288,-35.76094560596099,5.0,,,,,
oos,STC,1.0,"STC(21,60,20)","{'stc_ema_short_period': 21, 'stc_ema_long_period': 60, 'stc_cycle_period': 20}",,,,,,,,,,,,,,,,,,,,,,,,,,,,,,,,,,,,,,,,,,,,,,,,,2.056112712456168,0.3035935054752737,-0.10781438448146685,100.0,-1.3517791225654867,-0.09413054204813903,-0.12973100476764188,0.0,1.0,0.0,-165.74440760840847,-131.00545313075068,3.0,,,,,
oos,STC,2.0,"STC(20,60,20)","{'stc_ema_short_period': 20, 'stc_ema_long_period': 60, 'stc_cycle_period': 20}",,,,,,,,,,,,,,,,,,,,,,,,,,,,,,,,,,,,,,,,,,,,,,,,,2.0123599784200645,0.29621967536956845,-0.10781438448146685,100.0,-1.3517791225654867,-0.09413054204813903,-0.12973100476764188,0.0,1.0,0.0,-167.17382262922908,-131.77727540572727,4.0,,,,,
oos,STC,3.0,"STC(19,60,20)","{'stc_ema_short_period': 19, 'stc_ema_long_period': 60, 'stc_cycle_period': 20}",,,,,,,,,,,,,,,,,,,,,,,,,,,,,,,,,,,,,,,,,,,,,,,,,2.0123599784200645,0.29621967536956845,-0.10781438448146685,100.0,-1.3517791225654867,-0.09413054204813903,-0.12973100476764188,0.0,1.0,0.0,-167.17382262922908,-131.77727540572727,5.0,,,,,
oos,STC,4.0,"STC(14,60,20)","{'stc_ema_short_period': 14, 'stc_ema_long_period': 60, 'stc_cycle_period': 20}",,,,,,,,,,,,,,,,,,,,,,,,,,,,,,,,,,,,,,,,,,,,,,,,,2.002909261871766,0.29317991292624546,-0.10781438448146685,100.0,-1.1573621541629224,-0.08107589685339407,-0.12337666198040587,0.0,1.0,0.0,-157.7840532367073,-127.65397398620215,1.0,,,,,
oos,STC,5.0,"STC(15,60,20)","{'stc_ema_short_period': 15, 'stc_ema_long_period': 60, 'stc_cycle_period': 20}",,,,,,,,,,,,,,,,,,,,,,,,,,,,,,,,,,,,,,,,,,,,,,,,,2.002909261871766,0.29317991292624546,-0.10781438448146685,100.0,-1.1573621541629224,-0.08107589685339407,-0.12337666198040587,0.0,1.0,0.0,-157.7840532367073,-127.65397398620215,2.0,,,,,
oos,KAMA,1.0,"KAMA(25,2,74)","{'kama_period': 25, 'kama_fast_ema_constant': 2, 'kama_slow_ema_constant': 74}",,,,,,,,,,,,,,,,,,,,,,,,,,,,,,,,,,,,,,,,,,,,,,,,,1.4973298589696051,0.18568503823075458,-0.12828600267889556,60.0,2.022029541233229,0.22081550708313982,-0.09339102142620792,66.66666666666666,3.0,25.122665014854956,35.04235750863198,18.91938585204043,1.0,,,,,
oos,KAMA,2.0,"KAMA(25,2,70)","{'kama_period': 25, 'kama_fast_ema_constant': 2, 'kama_slow_ema_constant': 70}",,,,,,,,,,,,,,,,,,,,,,,,,,,,,,,,,,,,,,,,,,,,,,,,,1.4973298589696051,0.18568503823075458,-0.12828600267889556,60.0,2.022029541233229,0.22081550708313982,-0.09339102142620792,66.66666666666666,3.0,25.122665014854956,35.04235750863198,18.91938585204043,2.0,,,,,
oos,KAMA,3.0,"KAMA(25,2,71)","{'kama_period': 25, 'kama_fast_ema_constant': 2, 'kama_slow_ema_constant': 71}",,,,,,,,,,,,,,,,,,,,,,,,,,,,,,,,,,,,,,,,,,,,,,,,,1.4973298589696051,0.18568503823075458,-0.12828600267889556,60.0,2.022029541233229,0.22081550708313982,-0.09339102142620792,66.66666666666666,3.0,25.122665014854956,35.04235750863198,18.91938585204043,3.0,,,,,
oos,KAMA,4.0,"KAMA(25,2,91)","{'kama_period': 25, 'kama_fast_ema_constant': 2, 'kama_slow_ema_constant': 91}",,,,,,,,,,,,,,,,,,,,,,,,,,,,,,,,,,,,,,,,,,,,,,,,,1.4973298589696051,0.18568503823075458,-0.12828600267889556,60.0,2.022029541233229,0.22081550708313982,-0.09339102142620792,66.66666666666666,3.0,25.122665014854956,35.04235750863198,18.91938585204043,4.0,,,,,
oos,KAMA,5.0,"KAMA(25,2,63)","{'kama_period': 25, 'kama_fast_ema_constant': 2, 'kama_slow_ema_constant': 63}",,,,,,,,,,,,,,,,,,,,,,,,,,,,,,,,,,,,,,,,,,,,,,,,,1.4973298589696051,0.18568503823075458,-0.12828600267889556,60.0,2.022029541233229,0.22081550708313982,-0.09339102142620792,66.66666666666666,3.0,25.122665014854956,35.04235750863198,18.91938585204043,5.0,,,,,
oos,SUPERTREND,1.0,"SUPERTREND(ATR=4,Factor=2)","{'supertrend_atr_length': 4, 'supertrend_factor': 2}",,,,,,,,,,,,,,,,,,,,,,,,,,,,,,,,,,,,,,,,,,,,,,,,,1.9162711050813122,0.25689877297839264,-0.07058646927109857,66.66666666666666,2.6990599208211807,0.32662764316034476,-0.08744590341164915,100.0,1.0,inf,40.84958613967375,27.142546993720718,1.0,,,,,
oos,SUPERTREND,2.0,"SUPERTREND(ATR=8,Factor=2)","{'supertrend_atr_length': 8, 'supertrend_factor': 2}",,,,,,,,,,,,,,,,,,,,,,,,,,,,,,,,,,,,,,,,,,,,,,,,,1.83781984087264,0.23074836507049185,-0.06978686795587818,66.66666666666666,1.9300903748063596,0.18984205883861185,-0.08744590341164937,50.0,2.0,6.869454534381223,5.020651746250999,-17.727668934678444,2.0,,,,,
oos,SUPERTREND,3.0,"SUPERTREND(ATR=7,Factor=2)","{'supertrend_atr_length': 7, 'supertrend_factor': 2}",,,,,,,,,,,,,,,,,,,,,,,,,,,,,,,,,,,,,,,,,,,,,,,,,1.6753884053456976,0.2298470727106747,-0.06978686795587896,50.0,1.9300903748063596,0.18984205883861185,-0.08744590341164937,50.0,2.0,6.869454534381223,15.202562501207423,-17.405056936452734,3.0,,,,,
oos,SUPERTREND,4.0,"SUPERTREND(ATR=6,Factor=2)","{'supertrend_atr_length': 6, 'supertrend_factor': 2}",,,,,,,,,,,,,,,,,,,,,,,,,,,,,,,,,,,,,,,,,,,,,,,,,1.6751283954620975,0.2298470727106747,-0.06978686795587896,50.0,1.9300903748063596,0.18984205883861185,-0.08744590341164937,50.0,2.0,6.869454534381223,15.220443999095892,-17.405056936452734,4.0,,,,,
oos,SUPERTREND,5.0,"SUPERTREND(ATR=5,Factor=2)","{'supertrend_atr_length': 5, 'supertrend_factor': 2}",,,,,,,,,,,,,,,,,,,,,,,,,,,,,,,,,,,,,,,,,,,,,,,,,1.6751283954620975,0.2298470727106747,-0.06978686795587896,50.0,1.9300903748063596,0.18984205883861185,-0.08744590341164937,50.0,2.0,6.869454534381223,15.220443999095892,-17.405056936452734,5.0,,,,,
oos,KALMAN,1.0,"KALMAN(Q=4,R=120)","{'kalman_process_noise': 4, 'kalman_measurement_noise': 120}",,,,,,,,,,,,,,,,,,,,,,,,,,,,,,,,,,,,,,,,,,,,,,,,,0.8263270945917149,0.113665755371282,-0.16133693038819363,43.75,1.314979066885649,0.15010037075473215,-0.10859387076744043,42.857142857142854,7.0,2.3993412881128817,59.13541689388451,32.054170813750176,1.0,,,,,
oos,KALMAN,2.0,"KALMAN(Q=4,R=121)","{'kalman_process_noise': 4, 'kalman_measurement_noise': 121}",,,,,,,,,,,,,,,,,,,,,,,,,,,,,,,,,,,,,,,,,,,,,,,,,0.8263270945917149,0.113665755371282,-0.16133693038819363,43.75,1.314979066885649,0.15010037075473215,-0.10859387076744043,42.857142857142854,7.0,2.3993412881128817,59.13541689388451,32.054170813750176,2.0,,,,,
oos,KALMAN,3.0,"KALMAN(Q=4,R=122)","{'kalman_process_noise': 4, 'kalman_measurement_noise': 122}",,,,,,,,,,,,,,,,,,,,,,,,,,,,,,,,,,,,,,,,,,,,,,,,,0.8263270945917149,0.113665755371282,-0.16133693038819363,43.75,1.314979066885649,0.15010037075473215,-0.10859387076744043,42.857142857142854,7.0,2.3993412881128817,59.13541689388451,32.054170813750176,3.0,,,,,
oos,KALMAN,4.0,"KALMAN(Q=4,R=123)","{'kalman_process_noise': 4, 'kalman_measurement_noise': 123}",,,,,,,,,,,,,,,,,,,,,,,,,,,,,,,,,,,,,,,,,,,,,,,,,0.8263270945917149,0.113665755371282,-0.16133693038819363,43.75,1.314979066885649,0.15010037075473215,-0.10859387076744043,42.857142857142854,7.0,2.3993412881128817,59.13541689388451,32.054170813750176,4.0,,,,,
oos,KALMAN,5.0,"KALMAN(Q=4,R=116)","{'kalman_process_noise': 4, 'kalman_measurement_noise': 116}",,,,,,,,,,,,,,,,,,,,,,,,,,,,,,,,,,,,,,,,,,,,,,,,,0.8263270945917149,0.113665755371282,-0.16133693038819363,43.75,1.314979066885649,0.15010037075473215,-0.10859387076744043,42.857142857142854,7.0,2.3993412881128817,59.13541689388451,32.054170813750176,5.0,,,,,
oos,RSI,1.0,RSI(41),{'rsi_timeperiod': 41},,,,,,,,,,,,,,,,,,,,,,,,,,,,,,,,,,,,,,,,,,,,,,,,,0.2366183500675106,0.014493840848435647,-0.05749381293568179,50.0,0.8685288401351535,0.0937321903272807,-0.169164397163158,50.0,2.0,5.583509092185432,267.0589537486631,546.7035984971328,3.0,,,,,
oos,RSI,2.0,RSI(42),{'rsi_timeperiod': 42},,,,,,,,,,,,,,,,,,,,,,,,,,,,,,,,,,,,,,,,,,,,,,,,,0.2366183500675106,0.014493840848435647,-0.05749381293568179,50.0,0.7650517376868162,0.08035435748079413,-0.17932664704110624,50.0,2.0,3.555034733140083,223.32730638538217,454.40347607699135,4.0,,,,,
oos,RSI,3.0,RSI(43),{'rsi_timeperiod': 43},,,,,,,,,,,,,,,,,,,,,,,,,,,,,,,,,,,,,,,,,,,,,,,,,0.2366183500675106,0.014493840848435647,-0.05749381293568179,50.0,0.7650517376868162,0.08035435748079413,-0.17932664704110624,50.0,2.0,3.555034733140083,223.32730638538217,454.40347607699135,5.0,,,,,
oos,RSI,4.0,RSI(51),{'rsi_timeperiod': 51},,,,,,,,,,,,,,,,,,,,,,,,,,,,,,,,,,,,,,,,,,,,,,,,,-0.017964988029291595,-0.007287738217539591,-0.05200302472000329,50.0,inf,0.0,0.0,,0.0,,inf,100.0,1.0,,,,,
oos,RSI,5.0,RSI(52),{'rsi_timeperiod': 52},,,,,,,,,,,,,,,,,,,,,,,,,,,,,,,,,,,,,,,,,,,,,,,,,-0.017964988029291595,-0.007287738217539591,-0.05200302472000329,50.0,inf,0.0,0.0,,0.0,,inf,100.0,2.0,,,,,
oos,ADX,1.0,"ADX(DI=7,Smooth=63)","{'adx_di_length': 7, 'adx_smoothing_timeperiod': 63}",,,,,,,,,,,,,,,,,,,,,,,,,,,,,,,,,,,,,,,,,,,,,,,,,2.032024776210705,0.2557758888079091,-0.07670577109139354,66.66666666666666,0.1591745771747822,0.006146025489630702,-0.11013074045096938,33.33333333333333,3.0,1.251223788093235,-92.16670096554586,-97.59710521649426,1.0,,,,,
oos,ADX,2.0,"ADX(DI=7,Smooth=62)","{'adx_di_length': 7, 'adx_smoothing_timeperiod': 62}",,,,,,,,,,,,,,,,,,,,,,,,,,,,,,,,,,,,,,,,,,,,,,,,,2.032024776210705,0.2557758888079091,-0.07670577109139354,66.66666666666666,0.1591745771747822,0.006146025489630702,-0.11013074045096938,33.33333333333333,3.0,1.251223788093235,-92.16670096554586,-97.59710521649426,2.0,,,,,
oos,ADX,3.0,"ADX(DI=7,Smooth=61)","{'adx_di_length': 7, 'adx_smoothing_timeperiod': 61}",,,,,,,,,,,,,,,,,,,,,,,,,,,,,,,,,,,,,,,,,,,,,,,,,2.032024776210705,0.2557758888079091,-0.07670577109139354,66.66666666666666,0.1591745771747822,0.006146025489630702,-0.11013074045096938,33.33333333333333,3.0,1.251223788093235,-92.16670096554586,-97.59710521649426,3.0,,,,,
oos,ADX,4.0,"ADX(DI=7,Smooth=60)","{'adx_di_length': 7, 'adx_smoothing_timeperiod': 60}",,,,,,,,,,,,,,,,,,,,,,,,,,,,,,,,,,,,,,,,,,,,,,,,,2.032024776210705,0.2557758888079091,-0.07670577109139354,66.66666666666666,0.1591745771747822,0.006146025489630702,-0.11013074045096938,33.33333333333333,3.0,1.251223788093235,-92.16670096554586,-97.59710521649426,4.0,,,,,
oos,ADX,5.0,"ADX(DI=7,Smooth=65)","{'adx_di_length': 7, 'adx_smoothing_timeperiod': 65}",,,,,,,,,,,,,,,,,,,,,,,,,,,,,,,,,,,,,,,,,,,,,,,,,2.032024776210705,0.2557758888079091,-0.07670577109139354,66.66666666666666,0.1591745771747822,0.006146025489630702,-0.11013074045096938,33.33333333333333,3.0,1.251223788093235,-92.16670096554586,-97.59710521649426,5.0,,,,,
oos,DONCHIAN,1.0,DONCHIAN(17),{'donchian_timeperiod': 17},,,,,,,,,,,,,,,,,,,,,,,,,,,,,,,,,,,,,,,,,,,,,,,,,1.6269096602828925,0.19535264482922168,-0.06606868639648855,66.66666666666666,0.5366141445835892,0.040918163822963836,-0.12337666198040576,50.0,2.0,1.7130458198052623,-67.01635267871721,-79.05420535322942,1.0,,,,,
oos,DONCHIAN,2.0,DONCHIAN(18),{'donchian_timeperiod': 18},,,,,,,,,,,,,,,,,,,,,,,,,,,,,,,,,,,,,,,,,,,,,,,,,1.5736541972993812,0.18427615484255236,-0.06606868639648855,33.33333333333333,0.5366141445835892,0.040918163822963836,-0.12337666198040576,50.0,2.0,1.7130458198052623,-65.90012306995419,-77.79519338357977,2.0,,,,,
oos,DONCHIAN,3.0,DONCHIAN(16),{'donchian_timeperiod': 16},,,,,,,,,,,,,,,,,,,,,,,,,,,,,,,,,,,,,,,,,,,,,,,,,1.486491183330612,0.17653083090448737,-0.09082562342609724,75.0,0.5366141445835892,0.040918163822963836,-0.12337666198040576,50.0,2.0,1.7130458198052623,-63.90061706378515,-76.82095325031197,3.0,,,,,
oos,DONCHIAN,4.0,DONCHIAN(20),{'donchian_timeperiod': 20},,,,,,,,,,,,,,,,,,,,,,,,,,,,,,,,,,,,,,,,,,,,,,,,,1.3049480577335393,0.1525785620568943,-0.07453809275567513,33.33333333333333,0.5366141445835892,0.040918163822963836,-0.12337666198040576,50.0,2.0,1.7130458198052623,-58.87850543909068,-73.18223263389646,4.0,,,,,
oos,DONCHIAN,5.0,DONCHIAN(19),{'donchian_timeperiod': 19},,,,,,,,,,,,,,,,,,,,,,,,,,,,,,,,,,,,,,,,,,,,,,,,,1.3049480577335393,0.1525785620568943,-0.07453809275567513,33.33333333333333,0.5366141445835892,0.040918163822963836,-0.12337666198040576,50.0,2.0,1.7130458198052623,-58.87850543909068,-73.18223263389646,5.0,,,,,
oos,TRIX,1.0,TRIX(11),{'trix_timeperiod': 11},,,,,,,,,,,,,,,,,,,,,,,,,,,,,,,,,,,,,,,,,,,,,,,,,1.3151088293581568,0.19960355972876642,-0.1293772613777604,66.66666666666666,1.190628194044135,0.1292983704310807,-0.1295868180987424,100.0,1.0,inf,-9.465424650427977,-35.222412562792336,5.0,,,,,
oos,TRIX,2.0,TRIX(9),{'trix_timeperiod': 9},,,,,,,,,,,,,,,,,,,,,,,,,,,,,,,,,,,,,,,,,,,,,,,,,1.2126108510391156,0.20345877269993887,-0.13146080432853646,100.0,1.630408453879276,0.18454616349664882,-0.12337666198040564,100.0,1.0,inf,34.454384313165235,-9.295548652100825,2.0,,,,,
oos,TRIX,3.0,TRIX(10),{'trix_timeperiod': 10},,,,,,,,,,,,,,,,,,,,,,,,,,,,,,,,,,,,,,,,,,,,,,,,,1.1966363208383939,0.1811758782959578,-0.13807532809837464,50.0,1.4445772292877852,0.1621533349683194,-0.12337666198040564,100.0,1.0,inf,20.719821397003695,-10.499490057150066,3.0,,,,,
oos,TRIX,4.0,TRIX(5),{'trix_timeperiod': 5},,,,,,,,,,,,,,,,,,,,,,,,,,,,,,,,,,,,,,,,,,,,,,,,,1.052956785181549,0.15778659864219546,-0.14289447877601047,37.5,2.139821764927379,0.26596299686609826,-0.12337666198040587,50.0,2.0,58.66631930628497,103.22028359012236,68.55867301456243,1.0,,,,,
oos,TRIX,5.0,TRIX(12),{'trix_timeperiod': 12},,,,,,,,,,,,,,,,,,,,,,,,,,,,,,,,,,,,,,,,,,,,,,,,,1.0142362927193844,0.14984934135289746,-0.14936557606901346,100.0,1.2507053608767826,0.13734074597479878,-0.1331890757643981,100.0,1.0,inf,23.314987824323865,-8.347447686567232,4.0,,,,,
oos,VORTEX,1.0,VORTEX(50),{'vortex_timeperiod': 50},,,,,,,,,,,,,,,,,,,,,,,,,,,,,,,,,,,,,,,,,,,,,,,,,0.7245796087083631,0.10637983811175873,-0.2106262315345495,40.0,0.14943156356170023,0.003211315766935877,-0.19388037964366434,33.33333333333333,3.0,1.202841974227619,-79.37679148491672,-96.98127406100939,4.0,,,,,
oos,VORTEX,2.0,VORTEX(40),{'vortex_timeperiod': 40},,,,,,,,,,,,,,,,,,,,,,,,,,,,,,,,,,,,,,,,,,,,,,,,,0.7180131705489079,0.09708144046082831,-0.18872681053008356,33.33333333333333,0.46152921105659506,0.04068113327771265,-0.16865310171419123,50.0,2.0,2.5746146575396986,-35.72134467898904,-58.09586973101495,3.0,,,,,
oos,VORTEX,3.0,VORTEX(51),{'vortex_timeperiod': 51},,,,,,,,,,,,,,,,,,,,,,,,,,,,,,,,,,,,,,,,,,,,,,,,,0.6735093331410708,0.0971198398592652,-0.2106262315345495,50.0,-0.143207984152912,-0.031403324430341016,-0.21233231390349738,0.0,2.0,0.0,-121.2629546624139,-132.33461306757414,5.0,,,,,
oos,VORTEX,4.0,VORTEX(63),{'vortex_timeperiod': 63},,,,,,,,,,,,,,,,,,,,,,,,,,,,,,,,,,,,,,,,,,,,,,,,,0.6312115600476715,0.013258480111717945,-0.01760211572992776,100.0,inf,0.0,0.0,,0.0,,inf,-100.0,1.0,,,,,
oos,VORTEX,5.0,VORTEX(66),{'vortex_timeperiod': 66},,,,,,,,,,,,,,,,,,,,,,,,,,,,,,,,,,,,,,,,,,,,,,,,,0.5219415539600003,0.02402814426818615,-0.03977544781759923,66.66666666666666,inf,0.0,0.0,,0.0,,inf,-100.0,2.0,,,,,
oos,ALMA,1.0,"ALMA(8,84,0.16,5)","{'alma_fast_length': 8, 'alma_slow_length': 84, 'alma_offset': 16, 'alma_sigma': 5}",,,,,,,,,,,,,,,,,,,,,,,,,,,,,,,,,,,,,,,,,,,,,,,,,1.6729681862066046,0.0694920866967857,-0.013656545577418577,66.66666666666666,inf,0.0,0.0,,0.0,,inf,-100.0,1.0,,,,,
oos,ALMA,2.0,"ALMA(8,84,0.18,5)","{'alma_fast_length': 8, 'alma_slow_length': 84, 'alma_offset': 18, 'alma_sigma': 5}",,,,,,,,,,,,,,,,,,,,,,,,,,,,,,,,,,,,,,,,,,,,,,,,,1.6151644830086669,0.06630377564439811,-0.01052240387268899,66.66666666666666,inf,0.0,0.0,,0.0,,inf,-100.0,2.0,,,,,
oos,ALMA,3.0,"ALMA(21,87,0.18,3)","{'alma_fast_length': 21, 'alma_slow_length': 87, 'alma_offset': 18, 'alma_sigma': 3}",,,,,,,,,,,,,,,,,,,,,,,,,,,,,,,,,,,,,,,,,,,,,,,,,1.5083851486834559,0.08231826738692267,-0.029628171908994583,50.0,inf,0.0,0.0,,0.0,,inf,-100.0,3.0,,,,,
oos,ALMA,4.0,"ALMA(23,95,0.12,3)","{'alma_fast_length': 23, 'alma_slow_length': 95, 'alma_offset': 12, 'alma_sigma': 3}",,,,,,,,,,,,,,,,,,,,,,,,,,,,,,,,,,,,,,,,,,,,,,,,,1.4505322976154857,0.016726535859490688,-0.0009992504996876317,50.0,inf,0.0,0.0,,0.0,,inf,-100.0,4.0,,,,,
oos,ALMA,5.0,"ALMA(23,95,0.10,3)","{'alma_fast_length': 23, 'alma_slow_length': 95, 'alma_offset': 10, 'alma_sigma': 3}",,,,,,,,,,,,,,,,,,,,,,,,,,,,,,,,,,,,,,,,,,,,,,,,,1.4505322976154857,0.016726535859490688,-0.0009992504996876317,50.0,inf,0.0,0.0,,0.0,,inf,-100.0,5.0,,,,,
full,MACD,,"MACD(10,72,70)","{'macd_fast_period': 10, 'macd_slow_period': 72, 'macd_signal_period': 70}",,0.1671401252882651,0.13962438000676158,,-0.12958681809874217,0.15209801413152382,,,,,,,,,3.0,100.0,inf,0.0548115793092012,0.0548115793092012,,,,,2.5369127516778525,,,,,,,,,,,,,,,,,,,,,,,,,,,,,,,,,,,,,,is,1.4473934621376974,,0.9348831552443643,1.515250209417121
full,AROON,,AROON(15),{'aroon_timeperiod': 15},,0.5920172356355645,0.48174892303228356,,-0.12337666198040598,0.22608088225805617,,,,,,,,,6.0,66.66666666666666,7.585510902266384,0.09031730235396851,0.1560477748431503,0.04114364262439506,,,,5.073825503355705,,,,,,,,,,,,,,,,,,,,,,,,,,,,,,,,,,,,,,oos,1.3859048686088484,2.447084874497489,1.8527314828206256,3.0535492121214896
full,STC,,"STC(14,60,20)","{'stc_ema_short_period': 14, 'stc_ema_long_period': 60, 'stc_cycle_period': 20}",,0.6315173211710376,0.5127791219966538,,-0.12337666198040576,0.21135491966981707,,,,,,,,,3.0,100.0,inf,0.18425091763784315,0.18425091763784315,,,,,2.5369127516778525,,,,,,,,,,,,,,,,,,,,,,,,,,,,,,,,,,,,,,oos,2.002909261871766,-1.1573621541629224,2.0647125608392174,3.5897832459356662
full,KAMA,,"KAMA(25,2,74)","{'kama_period': 25, 'kama_fast_ema_constant': 2, 'kama_slow_ema_constant': 74}",,0.3140098921662974,0.25977058304567313,,-0.12915706332630317,0.18364486785288364,,,,,,,,,8.0,62.5,4.033497332788432,0.03901599759545779,0.0830043504103965,0.0342979237627734,,,,6.76510067114094,,,,,,,,,,,,,,,,,,,,,,,,,,,,,,,,,,,,,,oos,1.4973298589696051,2.022029541233229,1.3489788433609076,2.2173573437084952
full,SUPERTREND,,"SUPERTREND(ATR=4,Factor=2)","{'supertrend_atr_length': 4, 'supertrend_factor': 2}",,0.6674366568874543,0.540895800051856,,-0.08744590341164937,0.19979990522195767,,,,,,,,,4.0,75.0,226.9085997011444,0.14587457424185396,0.19536039747643144,0.0025828954618785146,,,,3.38255033557047,,,,,,,,,,,,,,,,,,,,,,,,,,,,,,,,,,,,,,oos,1.9162711050813122,2.6990599208211807,2.2644579403632616,4.12311791010691
full,KALMAN,,"KALMAN(Q=4,R=120)","{'kalman_process_noise': 4, 'kalman_measurement_noise': 120}",,0.2834546291436846,0.23495360343091343,,-0.22946204743617493,0.2246226248730528,,,,,,,,,22.0,40.909090909090914,2.0017790140431053,0.014107266379960131,0.0689076185198918,0.023831438947684875,,,,18.604026845637584,,,,,,,,,,,,,,,,,,,,,,,,,,,,,,,,,,,,,,oos,0.8263270945917149,1.314979066885649,1.0511690290080862,1.6782485892018362
full,RSI,,RSI(51),{'rsi_timeperiod': 51},,-0.05265004540760943,-0.04470755286035544,,-0.19388037964366445,0.19335681314107556,,,,,,,,,5.0,20.0,0.5492782007468455,-0.010048067944210872,0.0612260677265165,0.027866601861892715,,,,4.228187919463087,,,,,,,,,,,,,,,,,,,,,,,,,,,,,,,,,,,,,,oos,-0.017964988029291595,inf,-0.14040813967691637,-0.20556005330014038
full,ADX,,"ADX(DI=7,Smooth=63)","{'adx_di_length': 7, 'adx_smoothing_timeperiod': 63}",,0.529942028641465,0.43274235515115533,,-0.11013074045096916,0.19190724066723783,,,,,,,,,14.0,57.14285714285714,6.5034667169670515,0.03421042051986944,0.07074651300104548,0.014504369455031974,,,,11.838926174496644,,,,,,,,,,,,,,,,,,,,,,,,,,,,,,,,,,,,,,oos,2.032024776210705,0.1591745771747822,1.9698162691564958,3.5750475143515015
full,DONCHIAN,,DONCHIAN(17),{'donchian_timeperiod': 17},,0.2442642801765568,0.20298909438585855,,-0.12337666198040598,0.1747722739834495,,,,,,,,,5.0,60.0,4.206348100407426,0.04907332227114083,0.10729728934176196,0.038262628334790875,,,,4.228187919463087,,,,,,,,,,,,,,,,,,,,,,,,,,,,,,,,,,,,,,oos,1.6269096602828925,0.5366141445835892,1.1448439768614656,1.756306486777106
full,TRIX,,TRIX(5),{'trix_timeperiod': 5},,0.4657149921484804,0.38171261727971806,,-0.14289447877601047,0.23025941948318646,,,,,,,,,10.0,40.0,4.728491965428673,0.043870371151311496,0.1390915545968599,0.019610417812387423,,,,8.456375838926174,,,,,,,,,,,,,,,,,,,,,,,,,,,,,,,,,,,,,,oos,1.052956785181549,2.139821764927379,1.5191320759403877,2.5035139419037433
full,VORTEX,,VORTEX(63),{'vortex_timeperiod': 63},,-0.06919279130110416,-0.05883314529265704,,-0.22929296543433042,0.16253018491196627,,,,,,,,,4.0,75.0,0.20986691638645236,-0.016937992642569157,0.005998524146363533,0.08574754300936722,,,,3.38255033557047,,,,,,,,,,,,,,,,,,,,,,,,,,,,,,,,,,,,,,oos,0.6312115600476715,inf,-0.29223188955038487,-0.42219097672114037
full,ALMA,,"ALMA(8,84,0.16,5)","{'alma_fast_length': 8, 'alma_slow_length': 84, 'alma_offset': 16, 'alma_sigma': 5}",,0.07466554914974623,0.06278618517564838,,-0.2339105654448992,0.17379021771598216,,,,,,,,,4.0,75.0,12.162689408794185,0.01855828911409858,0.026961090132462354,0.006650113940992749,,,,3.38255033557047,,,,,,,,,,,,,,,,,,,,,,,,,,,,,,,,,,,,,,oos,1.6729681862066046,inf,0.43677941269878956,0.658644293181218
