stage,indicator,rank,param_display,params,strategy,total_return,annualized_return,total_profit,max_drawdown,volatility,sharpe_ratio,sortino_ratio,calmar_ratio,omega_ratio,information_ratio,tail_ratio,deflated_sharpe_ratio,ulcer_index,total_trades,win_rate,profit_factor,expectancy,avg_win_amount,avg_loss_amount,payoff_ratio,winning_streak,losing_streak,trades_per_year,ema1_period,ema2_period,ema3_period,macd_fast_period,macd_slow_period,macd_signal_period,aroon_timeperiod,stc_ema_short_period,stc_ema_long_period,stc_cycle_period,kama_period,kama_fast_ema_constant,kama_slow_ema_constant,supertrend_atr_length,supertrend_factor,kalman_process_noise,kalman_measurement_noise,rsi_timeperiod,adx_di_length,adx_smoothing_timeperiod,donchian_timeperiod,trix_timeperiod,vortex_timeperiod,alma_fast_length,alma_slow_length,alma_offset,alma_sigma,IS_Sharpe,IS_Return,IS_MaxDD,IS_WinRate,OOS_Sharpe,OOS_Return,OOS_MaxDD,OOS_WinRate,OOS_Trades,OOS_ProfitFactor,Sharpe_Degradation,Return_Degradation,OOS_Rank,selection_source,is_sharpe,oos_sharpe,sharpe,sortino
is,Triple EMA,1.0,"EMA(4,91,127)","{'ema1_period': 4, 'ema2_period': 91, 'ema3_period': 127}",Triple EMA crossover strategy,1.008509567895698,0.14595104544175874,100850.95678956978,-0.13224723481777578,0.15125705460837846,0.9767408270566129,1.3697458531452693,,,,,,0.05669612639298079,15.0,53.333333333333336,6.431732277854493,0.054265584736879,0.12048011173335156,0.021408160401946773,5.627765743122682,,,2.930232558139535,4.0,91.0,127.0,,,,,,,,,,,,,,,,,,,,,,,,,,,,,,,,,,,,,,,,,,
is,Triple EMA,2.0,"EMA(4,98,127)","{'ema1_period': 4, 'ema2_period': 98, 'ema3_period': 127}",Triple EMA crossover strategy,1.043586597231569,0.1498334021604748,104358.6597231569,-0.15363694140291673,0.15686227878797324,0.9690389209569004,1.3461643681761892,,,,,,0.06568864775353885,13.0,76.92307692307693,5.710762618085123,0.06451254098503319,0.10166942988228941,0.059343755339154224,1.713228785425537,,,2.5395348837209304,4.0,98.0,127.0,,,,,,,,,,,,,,,,,,,,,,,,,,,,,,,,,,,,,,,,,,
is,Triple EMA,3.0,"EMA(4,99,127)","{'ema1_period': 4, 'ema2_period': 99, 'ema3_period': 127}",Triple EMA crossover strategy,1.0333957264233795,0.1487110295210159,103339.57264233795,-0.15363694140291673,0.15688151109034218,0.9627106154517944,1.3372824890456552,,,,,,0.06572477090089424,13.0,76.92307692307693,5.682030219304976,0.06411905903652941,0.1011579033492345,0.05934375533915417,1.7046090657914927,,,2.5395348837209304,4.0,99.0,127.0,,,,,,,,,,,,,,,,,,,,,,,,,,,,,,,,,,,,,,,,,,
is,Triple EMA,4.0,"EMA(4,91,120)","{'ema1_period': 4, 'ema2_period': 91, 'ema3_period': 120}",Triple EMA crossover strategy,0.9847411529883402,0.1432892125971601,98474.11529883402,-0.14054470737771263,0.1513425952813817,0.9608999574399102,1.3469524375732056,,,,,,0.058464411779894365,16.0,50.0,5.960787829512568,0.05013399982347623,0.12048011173335155,0.020212112086399087,5.960787829512568,,,3.1255813953488376,4.0,91.0,120.0,,,,,,,,,,,,,,,,,,,,,,,,,,,,,,,,,,,,,,,,,,
is,Triple EMA,5.0,"EMA(4,91,121)","{'ema1_period': 4, 'ema2_period': 91, 'ema3_period': 121}",Triple EMA crossover strategy,0.9847411529883402,0.1432892125971601,98474.11529883402,-0.14054470737771263,0.1513425952813817,0.9608999574399102,1.3469524375732056,,,,,,0.058464411779894365,16.0,50.0,5.960787829512568,0.05013399982347623,0.12048011173335155,0.020212112086399087,5.960787829512568,,,3.1255813953488376,4.0,91.0,121.0,,,,,,,,,,,,,,,,,,,,,,,,,,,,,,,,,,,,,,,,,,
is,MACD,1.0,"MACD(16,82,46)","{'macd_fast_period': 16, 'macd_slow_period': 82, 'macd_signal_period': 46}",MACD line crossing its signal line,0.688192334069272,0.1077113569134931,68819.2334069272,-0.1758156359086237,0.13499040029229778,0.8256335317660072,1.1559654606267846,,,,,,0.05891730567973424,16.0,68.75,3.8359525284539204,0.03643791722023121,0.0716894270537244,0.04111540441345383,1.7436147856608728,,,3.1255813953488376,,,,16.0,82.0,46.0,,,,,,,,,,,,,,,,,,,,,,,,,,,,,,,,,,,,,,,
is,MACD,2.0,"MACD(16,83,46)","{'macd_fast_period': 16, 'macd_slow_period': 83, 'macd_signal_period': 46}",MACD line crossing its signal line,0.688192334069272,0.1077113569134931,68819.2334069272,-0.1758156359086237,0.13499040029229778,0.8256335317660072,1.1559654606267846,,,,,,0.05891730567973424,16.0,68.75,3.8359525284539204,0.03643791722023121,0.0716894270537244,0.04111540441345383,1.7436147856608728,,,3.1255813953488376,,,,16.0,83.0,46.0,,,,,,,,,,,,,,,,,,,,,,,,,,,,,,,,,,,,,,,
is,MACD,3.0,"MACD(16,84,45)","{'macd_fast_period': 16, 'macd_slow_period': 84, 'macd_signal_period': 45}",MACD line crossing its signal line,0.688192334069272,0.1077113569134931,68819.2334069272,-0.1758156359086237,0.13499040029229778,0.8256335317660072,1.1559654606267846,,,,,,0.05891730567973424,16.0,68.75,3.8359525284539204,0.03643791722023121,0.0716894270537244,0.04111540441345383,1.7436147856608728,,,3.1255813953488376,,,,16.0,84.0,45.0,,,,,,,,,,,,,,,,,,,,,,,,,,,,,,,,,,,,,,,
is,MACD,4.0,"MACD(16,85,45)","{'macd_fast_period': 16, 'macd_slow_period': 85, 'macd_signal_period': 45}",MACD line crossing its signal line,0.688192334069272,0.1077113569134931,68819.2334069272,-0.1758156359086237,0.13499040029229778,0.8256335317660072,1.1559654606267846,,,,,,0.05891730567973424,16.0,68.75,3.8359525284539204,0.03643791722023121,0.0716894270537244,0.04111540441345383,1.7436147856608728,,,3.1255813953488376,,,,16.0,85.0,45.0,,,,,,,,,,,,,,,,,,,,,,,,,,,,,,,,,,,,,,,
is,MACD,5.0,"MACD(16,86,45)","{'macd_fast_period': 16, 'macd_slow_period': 86, 'macd_signal_period': 45}",MACD line crossing its signal line,0.688192334069272,0.1077113569134931,68819.2334069272,-0.1758156359086237,0.13499040029229778,0.8256335317660072,1.1559654606267846,,,,,,0.05891730567973424,16.0,68.75,3.8359525284539204,0.03643791722023121,0.0716894270537244,0.04111540441345383,1.7436147856608728,,,3.1255813953488376,,,,16.0,86.0,45.0,,,,,,,,,,,,,,,,,,,,,,,,,,,,,,,,,,,,,,,
is,AROON,1.0,AROON(21),{'aroon_timeperiod': 21},"AROON Up/Down crossover: buy when Up crosses above Down and Up > entry level, sell when Down crosses above Up",1.00916742806531,0.14602435816656412,100916.742806531,-0.19486888644417766,0.15195855909549197,0.9731568706319357,1.4043678171683738,,,,,,0.07002314199975436,24.0,50.0,3.459650542981581,0.032980429754932504,0.09277802656559946,0.026817167055734448,3.4596505429815814,,,4.688372093023256,,,,,,,21.0,,,,,,,,,,,,,,,,,,,,,,,,,,,,,,,,,,,,,,
is,AROON,2.0,AROON(20),{'aroon_timeperiod': 20},"AROON Up/Down crossover: buy when Up crosses above Down and Up > entry level, sell when Down crosses above Up",0.9401887688407097,0.1382298952063994,94018.87688407097,-0.20233813899544273,0.15144838930760185,0.9308473988283964,1.3377508542749563,,,,,,0.0715709259511543,26.0,61.53846153846154,3.01168416385379,0.029032381049162316,0.07062942145724156,0.037522883603764476,1.8823026024086187,,,5.079069767441861,,,,,,,20.0,,,,,,,,,,,,,,,,,,,,,,,,,,,,,,,,,,,,,,
is,AROON,3.0,AROON(22),{'aroon_timeperiod': 22},"AROON Up/Down crossover: buy when Up crosses above Down and Up > entry level, sell when Down crosses above Up",0.9103552565576905,0.13478952935190303,91035.52565576904,-0.1969525000692598,0.14920173045902063,0.9223114159387558,1.3235417186713088,,,,,,0.07112272084084582,22.0,50.0,3.556953542955222,0.03298159060441957,0.09176074854852635,0.025797567339687213,3.556953542955222,,,4.297674418604651,,,,,,,22.0,,,,,,,,,,,,,,,,,,,,,,,,,,,,,,,,,,,,,,
is,AROON,4.0,AROON(23),{'aroon_timeperiod': 23},"AROON Up/Down crossover: buy when Up crosses above Down and Up > entry level, sell when Down crosses above Up",0.8818370670635184,0.13146018999837406,88183.70670635183,-0.1737407210220998,0.14783848870115518,0.9095428694868085,1.3057694485750693,,,,,,0.06767887176615149,23.0,60.86956521739131,3.2195946606786734,0.03103961621185591,0.07396796493325716,0.03573781513254603,2.0697394247220045,,,4.493023255813954,,,,,,,23.0,,,,,,,,,,,,,,,,,,,,,,,,,,,,,,,,,,,,,,
is,AROON,5.0,AROON(19),{'aroon_timeperiod': 19},"AROON Up/Down crossover: buy when Up crosses above Down and Up > entry level, sell when Down crosses above Up",0.8688909223491044,0.1299353863738244,86889.09223491044,-0.21179634963460603,0.151717101103192,0.8812400279872766,1.2623123330583275,,,,,,0.07492124601794388,27.0,55.55555555555556,2.8347600058919067,0.026471920598722855,0.073619860250152,0.03246300396556358,2.2678080047135256,,,5.274418604651164,,,,,,,19.0,,,,,,,,,,,,,,,,,,,,,,,,,,,,,,,,,,,,,,
is,STC,1.0,"STC(45,81,23)","{'stc_ema_short_period': 45, 'stc_ema_long_period': 81, 'stc_cycle_period': 23}","Schaff Trend Cycle: buy on cross above 50, sell on cross below 50",0.9081698453922094,0.13453581493426148,90816.98453922094,-0.15609227571022544,0.14254728899243466,0.9569364588180276,1.3931423488765013,,,,,,0.053926252469747214,19.0,57.89473684210527,3.9571675613725947,0.037850326747164126,0.08748609974583813,0.030398861126012595,2.877940044634614,,,3.7116279069767444,,,,,,,,45.0,81.0,23.0,,,,,,,,,,,,,,,,,,,,,,,,,,,,,,,,,,,
is,STC,2.0,"STC(46,79,23)","{'stc_ema_short_period': 46, 'stc_ema_long_period': 79, 'stc_cycle_period': 23}","Schaff Trend Cycle: buy on cross above 50, sell on cross below 50",0.8997062011772745,0.13355102003170471,89970.62011772745,-0.15609227571022477,0.14250315380360012,0.951092000956474,1.3841991880986746,,,,,,0.05408354625789794,19.0,52.63157894736842,3.8870256364733353,0.037637596793148535,0.09628136771135862,0.02752214867152935,3.4983230728260017,,,3.7116279069767444,,,,,,,,46.0,79.0,23.0,,,,,,,,,,,,,,,,,,,,,,,,,,,,,,,,,,,
is,STC,3.0,"STC(49,73,23)","{'stc_ema_short_period': 49, 'stc_ema_long_period': 73, 'stc_cycle_period': 23}","Schaff Trend Cycle: buy on cross above 50, sell on cross below 50",0.8800067707477789,0.13124513006653538,88000.6770747779,-0.15609227571022477,0.14236985457961235,0.9375401224454616,1.3633417541449044,,,,,,0.056587214084244546,18.0,55.55555555555556,3.685805914956959,0.03920754578176562,0.09685008362945986,0.032845626527852195,2.948644731965567,,,3.516279069767442,,,,,,,,49.0,73.0,23.0,,,,,,,,,,,,,,,,,,,,,,,,,,,,,,,,,,,
is,STC,4.0,"STC(48,75,23)","{'stc_ema_short_period': 48, 'stc_ema_long_period': 75, 'stc_cycle_period': 23}","Schaff Trend Cycle: buy on cross above 50, sell on cross below 50",0.8779350984471014,0.13100150508160957,87793.50984471013,-0.15609227571022477,0.14239941926524796,0.9358616189730787,1.3609507146809774,,,,,,0.05600308828783103,18.0,55.55555555555556,3.714752987911018,0.039134670042426385,0.09639040443572186,0.03243499794919297,2.9718023903288144,,,3.516279069767442,,,,,,,,48.0,75.0,23.0,,,,,,,,,,,,,,,,,,,,,,,,,,,,,,,,,,,
is,STC,5.0,"STC(39,99,23)","{'stc_ema_short_period': 39, 'stc_ema_long_period': 99, 'stc_cycle_period': 23}","Schaff Trend Cycle: buy on cross above 50, sell on cross below 50",0.8677975017094148,0.12980621389195912,86779.75017094148,-0.16991512615513138,0.14140117942265706,0.9339859781894357,1.3578027508775468,,,,,,0.05653964943665896,19.0,68.42105263157895,4.166611864060508,0.036460286326461755,0.0701162264720156,0.03646091732223824,1.9230516295663882,,,3.7116279069767444,,,,,,,,39.0,99.0,23.0,,,,,,,,,,,,,,,,,,,,,,,,,,,,,,,,,,,
is,KAMA,1.0,"KAMA(25,5,64)","{'kama_period': 25, 'kama_fast_ema_constant': 5, 'kama_slow_ema_constant': 64}","Price crossing KAMA line: buy on cross above, sell on cross below",0.8694916549863552,0.13000632872146234,86949.16549863551,-0.1812785009527439,0.15777223679093647,0.8539896515450488,1.180812549645813,,,,,,0.0857340891760889,30.0,43.333333333333336,4.279157979030422,0.027791104384909296,0.08369117937867335,0.014956011786792619,5.5958219725782445,,,5.86046511627907,,,,,,,,,,,25.0,5.0,64.0,,,,,,,,,,,,,,,,,,,,,,,,,,,,,,,,
is,KAMA,2.0,"KAMA(25,5,60)","{'kama_period': 25, 'kama_fast_ema_constant': 5, 'kama_slow_ema_constant': 60}","Price crossing KAMA line: buy on cross above, sell on cross below",0.8650200209147145,0.12947781926320112,86502.00209147146,-0.18127850095274411,0.1577379247105058,0.8511747687082086,1.176655638694775,,,,,,0.08631882191217599,31.0,45.16129032258064,3.9446308725309467,0.026850433649805293,0.07964535835667153,0.016627739638202188,4.789908916644721,,,6.055813953488372,,,,,,,,,,,25.0,5.0,60.0,,,,,,,,,,,,,,,,,,,,,,,,,,,,,,,,
is,KAMA,3.0,"KAMA(25,5,61)","{'kama_period': 25, 'kama_fast_ema_constant': 5, 'kama_slow_ema_constant': 61}","Price crossing KAMA line: buy on cross above, sell on cross below",0.8650200209147145,0.12947781926320112,86502.00209147146,-0.18127850095274411,0.1577379247105058,0.8511747687082086,1.176655638694775,,,,,,0.08631882191217599,31.0,45.16129032258064,3.9446308725309467,0.026850433649805293,0.07964535835667153,0.016627739638202188,4.789908916644721,,,6.055813953488372,,,,,,,,,,,25.0,5.0,61.0,,,,,,,,,,,,,,,,,,,,,,,,,,,,,,,,
is,KAMA,4.0,"KAMA(25,5,62)","{'kama_period': 25, 'kama_fast_ema_constant': 5, 'kama_slow_ema_constant': 62}","Price crossing KAMA line: buy on cross above, sell on cross below",0.8650200209147145,0.12947781926320112,86502.00209147146,-0.18127850095274411,0.1577379247105058,0.8511747687082086,1.176655638694775,,,,,,0.08631882191217599,31.0,45.16129032258064,3.9446308725309467,0.026850433649805293,0.07964535835667153,0.016627739638202188,4.789908916644721,,,6.055813953488372,,,,,,,,,,,25.0,5.0,62.0,,,,,,,,,,,,,,,,,,,,,,,,,,,,,,,,
is,KAMA,5.0,"KAMA(25,5,63)","{'kama_period': 25, 'kama_fast_ema_constant': 5, 'kama_slow_ema_constant': 63}","Price crossing KAMA line: buy on cross above, sell on cross below",0.8650200209147145,0.12947781926320112,86502.00209147146,-0.18127850095274411,0.1577379247105058,0.8511747687082086,1.176655638694775,,,,,,0.08631882191217599,31.0,45.16129032258064,3.9446308725309467,0.026850433649805293,0.07964535835667153,0.016627739638202188,4.789908916644721,,,6.055813953488372,,,,,,,,,,,25.0,5.0,63.0,,,,,,,,,,,,,,,,,,,,,,,,,,,,,,,,
is,SUPERTREND,1.0,"SUPERTREND(ATR=5,Factor=2)","{'supertrend_atr_length': 5, 'supertrend_factor': 2}","SUPERTREND flip: buy when close above red line, sell when close below green line",0.7279860675589555,0.11276436389659206,72798.60675589554,-0.2358981924253074,0.14973058375381043,0.7887954044333757,1.1102947262519376,,,,,,0.08247521556105854,34.0,50.0,2.1510292305589265,0.018255989732835078,0.06823313692744926,0.0317211574617791,2.151029230558927,,,6.64186046511628,,,,,,,,,,,,,,5.0,2.0,,,,,,,,,,,,,,,,,,,,,,,,,,,,,,
is,SUPERTREND,2.0,"SUPERTREND(ATR=22,Factor=2)","{'supertrend_atr_length': 22, 'supertrend_factor': 2}","SUPERTREND flip: buy when close above red line, sell when close below green line",0.8035826389983333,0.122111152535469,80358.26389983333,-0.31662662605057823,0.17126954881962478,0.758561369926694,1.0784360712274612,,,,,,0.11398988747876986,37.0,43.24324324324324,2.0470125925038234,0.018834285398081376,0.08515291072538361,0.03169419104176794,2.686704027661268,,,7.227906976744187,,,,,,,,,,,,,,22.0,2.0,,,,,,,,,,,,,,,,,,,,,,,,,,,,,,
is,SUPERTREND,3.0,"SUPERTREND(ATR=23,Factor=2)","{'supertrend_atr_length': 23, 'supertrend_factor': 2}","SUPERTREND flip: buy when close above red line, sell when close below green line",0.8035826389983333,0.122111152535469,80358.26389983333,-0.31662662605057823,0.17126954881962478,0.758561369926694,1.0784360712274612,,,,,,0.11398988747876986,37.0,43.24324324324324,2.0470125925038234,0.018834285398081376,0.08515291072538361,0.03169419104176794,2.686704027661268,,,7.227906976744187,,,,,,,,,,,,,,23.0,2.0,,,,,,,,,,,,,,,,,,,,,,,,,,,,,,
is,SUPERTREND,4.0,"SUPERTREND(ATR=6,Factor=2)","{'supertrend_atr_length': 6, 'supertrend_factor': 2}","SUPERTREND flip: buy when close above red line, sell when close below green line",0.7135551991868635,0.11094285888983291,71355.51991868635,-0.23943974666293177,0.1549966575811704,0.7566105911371988,1.0624956750141756,,,,,,0.09184859352314874,35.0,48.57142857142857,2.0270940130134947,0.01774797766535321,0.07211600991240583,0.03359960834575202,2.146334837308406,,,6.837209302325582,,,,,,,,,,,,,,6.0,2.0,,,,,,,,,,,,,,,,,,,,,,,,,,,,,,
is,SUPERTREND,5.0,"SUPERTREND(ATR=8,Factor=2)","{'supertrend_atr_length': 8, 'supertrend_factor': 2}","SUPERTREND flip: buy when close above red line, sell when close below green line",0.7200756242236552,0.11176740793963802,72007.56242236552,-0.29749865150555865,0.15766171039394025,0.7511808394093316,1.053935224697289,,,,,,0.1085184386383832,34.0,50.0,2.002194993473159,0.018472215385006534,0.07380794636389984,0.03686351559388678,2.002194993473159,,,6.64186046511628,,,,,,,,,,,,,,8.0,2.0,,,,,,,,,,,,,,,,,,,,,,,,,,,,,,
is,KALMAN,1.0,"KALMAN(Q=1,R=130)","{'kalman_process_noise': 1, 'kalman_measurement_noise': 130}","Price crossing Kalman filter: buy on cross above, sell on cross below",0.8396660179148893,0.12646175948778038,83966.60179148892,-0.23954041518586655,0.15113308280189355,0.8638142426181643,1.217978277055819,,,,,,0.07874502551777074,63.0,49.2063492063492,2.013187741560642,0.011174470282919735,0.045123227036890284,0.021713387822489244,2.078129281610985,,,12.306976744186047,,,,,,,,,,,,,,,,1.0,130.0,,,,,,,,,,,,,,,,,,,,,,,,,,,,
is,KALMAN,2.0,"KALMAN(Q=1,R=138)","{'kalman_process_noise': 1, 'kalman_measurement_noise': 138}","Price crossing Kalman filter: buy on cross above, sell on cross below",0.8340261351413926,0.1257863071673655,83402.61351413926,-0.24849304265426564,0.1512524323907458,0.8592840232492384,1.2113930556015102,,,,,,0.08088136659811915,62.0,50.0,2.0399406014693255,0.01176108885112718,0.0461409481099296,0.022618770407675237,2.0399406014693255,,,12.111627906976745,,,,,,,,,,,,,,,,1.0,138.0,,,,,,,,,,,,,,,,,,,,,,,,,,,,
is,KALMAN,3.0,"KALMAN(Q=1,R=131)","{'kalman_process_noise': 1, 'kalman_measurement_noise': 131}","Price crossing Kalman filter: buy on cross above, sell on cross below",0.8280570812717741,0.12506960917926735,82805.70812717741,-0.23954041518586733,0.15125119552277597,0.8550780014594139,1.2051589129031146,,,,,,0.07875148245037294,62.0,50.0,2.0351699311740625,0.011596857070264643,0.04559942110906882,0.02240570696853953,2.035169931174063,,,12.111627906976745,,,,,,,,,,,,,,,,1.0,131.0,,,,,,,,,,,,,,,,,,,,,,,,,,,,
is,KALMAN,4.0,"KALMAN(Q=1,R=132)","{'kalman_process_noise': 1, 'kalman_measurement_noise': 132}","Price crossing Kalman filter: buy on cross above, sell on cross below",0.8280570812717741,0.12506960917926735,82805.70812717741,-0.23954041518586733,0.15125119552277597,0.8550780014594139,1.2051589129031146,,,,,,0.07875148245037294,62.0,50.0,2.0351699311740625,0.011596857070264643,0.04559942110906882,0.02240570696853953,2.035169931174063,,,12.111627906976745,,,,,,,,,,,,,,,,1.0,132.0,,,,,,,,,,,,,,,,,,,,,,,,,,,,
is,KALMAN,5.0,"KALMAN(Q=1,R=135)","{'kalman_process_noise': 1, 'kalman_measurement_noise': 135}","Price crossing Kalman filter: buy on cross above, sell on cross below",0.8203600716447468,0.12414265250989964,82036.00716447468,-0.24849304265426453,0.15121178192615,0.8498075998588729,1.1977013457035064,,,,,,0.08088447975143218,63.0,50.79365079365079,2.0199599909742694,0.01135202328074137,0.044261229666394966,0.022618770407675234,1.9568362412563236,,,12.306976744186047,,,,,,,,,,,,,,,,1.0,135.0,,,,,,,,,,,,,,,,,,,,,,,,,,,,
is,RSI,1.0,RSI(79),{'rsi_timeperiod': 79},"RSI crossing 50: buy on cross above, sell on cross below",0.9359230465709583,0.13774059668241878,93592.30465709582,-0.19302499545463692,0.16201968417571086,0.8779214062251807,1.2247247481746621,,,,,,0.07944705436272748,12.0,58.333333333333336,6.339018209731342,0.07503689013284329,0.15272798778516744,0.03373064658041051,4.527870149808101,,,2.344186046511628,,,,,,,,,,,,,,,,,,79.0,,,,,,,,,,,,,,,,,,,,,,,,,,,
is,RSI,2.0,RSI(78),{'rsi_timeperiod': 78},"RSI crossing 50: buy on cross above, sell on cross below",0.9152311292821226,0.13535475110014494,91523.11292821226,-0.19302499545463714,0.16195655357319727,0.8652321965435098,1.2065526344392976,,,,,,0.07966090632423439,12.0,58.333333333333336,6.22259177413219,0.07340058223625501,0.14992288853387326,0.033730646580410514,4.444708410094422,,,2.344186046511628,,,,,,,,,,,,,,,,,,78.0,,,,,,,,,,,,,,,,,,,,,,,,,,,
is,RSI,3.0,RSI(72),{'rsi_timeperiod': 72},"RSI crossing 50: buy on cross above, sell on cross below",0.9144379366608204,0.13526288140796616,91443.79366608204,-0.1991325907576833,0.16417971945393145,0.8553356435438404,1.1739068612569379,,,,,,0.08966709138385466,16.0,62.5,5.1074793693733955,0.05310852382638948,0.1056611767513426,0.03447923104853236,3.0644876216240373,,,3.1255813953488376,,,,,,,,,,,,,,,,,,72.0,,,,,,,,,,,,,,,,,,,,,,,,,,,
is,RSI,4.0,RSI(73),{'rsi_timeperiod': 73},"RSI crossing 50: buy on cross above, sell on cross below",0.8917814007509196,0.13262571716065907,89178.14007509196,-0.1991325907576833,0.1641061347884937,0.841466907765299,1.1543472148949945,,,,,,0.08982653845061221,17.0,64.70588235294117,5.043081575840147,0.04920082722404354,0.09484449537272131,0.03447923104853236,2.75077176864008,,,3.32093023255814,,,,,,,,,,,,,,,,,,73.0,,,,,,,,,,,,,,,,,,,,,,,,,,,
is,RSI,5.0,RSI(77),{'rsi_timeperiod': 77},"RSI crossing 50: buy on cross above, sell on cross below",0.8565715155639813,0.1284764877706499,85657.15155639812,-0.20215901305120143,0.15982338960090392,0.8366326037676851,1.1587391563770457,,,,,,0.0829071258256496,13.0,53.84615384615385,5.1038829558690715,0.06547962699098567,0.15123671984198342,0.03457031466851168,4.374756819316347,,,2.5395348837209304,,,,,,,,,,,,,,,,,,77.0,,,,,,,,,,,,,,,,,,,,,,,,,,,
is,ADX,1.0,"ADX(DI=15,Smooth=22)","{'adx_di_length': 15, 'adx_smoothing_timeperiod': 22}","ADX +DI/-DI crossover: buy when +DI crosses above -DI with ADX > trend level, sell when -DI crosses above +DI with ADX > trend level",1.1458026433243909,0.1608488544943516,114580.26433243908,-0.1562095473415085,0.12705010886493961,1.2379255431912362,1.7895833425679846,,,,,,0.06363287593061119,17.0,64.70588235294117,9.032281834269035,0.04974913946035276,0.08645703769461022,0.017548673969119216,4.926699182328565,,,3.32093023255814,,,,,,,,,,,,,,,,,,,15.0,22.0,,,,,,,,,,,,,,,,,,,,,,,,,
is,ADX,2.0,"ADX(DI=15,Smooth=21)","{'adx_di_length': 15, 'adx_smoothing_timeperiod': 21}","ADX +DI/-DI crossover: buy when +DI crosses above -DI with ADX > trend level, sell when -DI crosses above +DI with ADX > trend level",1.086092545128715,0.15446678336515718,108609.25451287148,-0.15620954734150838,0.12748264239743673,1.190889131819314,1.7174406953802612,,,,,,0.06821861751882059,18.0,61.111111111111114,7.143469736310381,0.04543861080210427,0.08645703769461022,0.019018917171833648,4.5458443776520605,,,3.516279069767442,,,,,,,,,,,,,,,,,,,15.0,21.0,,,,,,,,,,,,,,,,,,,,,,,,,
is,ADX,3.0,"ADX(DI=15,Smooth=32)","{'adx_di_length': 15, 'adx_smoothing_timeperiod': 32}","ADX +DI/-DI crossover: buy when +DI crosses above -DI with ADX > trend level, sell when -DI crosses above +DI with ADX > trend level",1.2851556045521437,0.17520540423207653,128515.56045521438,-0.19377656880948047,0.14822567504388734,1.1636902480440197,1.6877304573152232,,,,,,0.05548026306917589,20.0,55.00000000000001,8.265652821600542,0.0462468816796207,0.09565821730153166,0.014144750747159374,6.762806854036808,,,3.906976744186047,,,,,,,,,,,,,,,,,,,15.0,32.0,,,,,,,,,,,,,,,,,,,,,,,,,
is,ADX,4.0,"ADX(DI=18,Smooth=22)","{'adx_di_length': 18, 'adx_smoothing_timeperiod': 22}","ADX +DI/-DI crossover: buy when +DI crosses above -DI with ADX > trend level, sell when -DI crosses above +DI with ADX > trend level",1.4588967035303246,0.19214933338355222,145889.67035303247,-0.245456636201273,0.1640099681257808,1.1540875854550958,1.6635338964583584,,,,,,0.08303415448194894,11.0,72.72727272727273,8.472689429936398,0.09511754013796682,0.14828856513659802,0.04667185985838302,3.1772585362261494,,,2.1488372093023256,,,,,,,,,,,,,,,,,,,18.0,22.0,,,,,,,,,,,,,,,,,,,,,,,,,
is,ADX,5.0,"ADX(DI=17,Smooth=61)","{'adx_di_length': 17, 'adx_smoothing_timeperiod': 61}","ADX +DI/-DI crossover: buy when +DI crosses above -DI with ADX > trend level, sell when -DI crosses above +DI with ADX > trend level",1.2192934706062355,0.16851057200011854,121929.34706062355,-0.1818117108494932,0.1462400214714407,1.1384518147461122,1.6299420425351991,,,,,,0.05884049295409315,19.0,52.63157894736842,6.090139144518253,0.048206152545711714,0.10958563602111138,0.0199932735380657,5.481125230066428,,,3.7116279069767444,,,,,,,,,,,,,,,,,,,17.0,61.0,,,,,,,,,,,,,,,,,,,,,,,,,
is,DONCHIAN,1.0,DONCHIAN(50),{'donchian_timeperiod': 50},"DONCHIAN breakout: buy when close crosses above prior upper band, sell when close crosses below prior middle band",0.47429833603006305,0.07878017581411112,47429.83360300631,-0.1225045422874631,0.11654249729251735,0.709303798413294,0.9625835871172641,,,,,,0.06086648522561145,11.0,72.72727272727273,3.876069633601024,0.03878289618142619,0.07186792562289313,0.04944384899581896,1.4535261126003838,,,2.1488372093023256,,,,,,,,,,,,,,,,,,,,,50.0,,,,,,,,,,,,,,,,,,,,,,,,
is,DONCHIAN,2.0,DONCHIAN(54),{'donchian_timeperiod': 54},"DONCHIAN breakout: buy when close crosses above prior upper band, sell when close crosses below prior middle band",0.4725827392000491,0.07853483089555646,47258.27392000491,-0.12250454228746244,0.11761296125609928,0.7019866866593074,0.9520437095705665,,,,,,0.06306519619791355,11.0,63.63636363636363,3.773545635772321,0.03894735116740053,0.08326967352844329,0.03861671296442431,2.1563117918698977,,,2.1488372093023256,,,,,,,,,,,,,,,,,,,,,54.0,,,,,,,,,,,,,,,,,,,,,,,,
is,DONCHIAN,3.0,DONCHIAN(20),{'donchian_timeperiod': 20},"DONCHIAN breakout: buy when close crosses above prior upper band, sell when close crosses below prior middle band",0.498607595221737,0.08223215320070065,49860.7595221737,-0.15484458446969285,0.12503373717068786,0.6947633533091303,0.9782655210129576,,,,,,0.07532851910161685,25.0,48.0,2.152906378631817,0.018646009890792133,0.07253970337838193,0.031102014866983083,2.3323152435178014,,,4.883720930232559,,,,,,,,,,,,,,,,,,,,,20.0,,,,,,,,,,,,,,,,,,,,,,,,
is,DONCHIAN,4.0,DONCHIAN(51),{'donchian_timeperiod': 51},"DONCHIAN breakout: buy when close crosses above prior upper band, sell when close crosses below prior middle band",0.46123640144878403,0.07690639199930738,46123.6401448784,-0.12250454228746288,0.11648032718623892,0.6946908753343387,0.9422497332071744,,,,,,0.06103877003182402,11.0,72.72727272727273,3.802238975464298,0.037787312932651404,0.07049899865582777,0.04944384899581894,1.4258396157991118,,,2.1488372093023256,,,,,,,,,,,,,,,,,,,,,51.0,,,,,,,,,,,,,,,,,,,,,,,,
is,DONCHIAN,5.0,DONCHIAN(52),{'donchian_timeperiod': 52},"DONCHIAN breakout: buy when close crosses above prior upper band, sell when close crosses below prior middle band",0.4417511530003719,0.07408595279826646,44175.115300037185,-0.12250454228746288,0.11798781362362133,0.6650915536319003,0.8997727688415207,,,,,,0.06338989570290739,11.0,63.63636363636363,3.603934832921986,0.03656560146218706,0.07952692399167925,0.038616712964424274,2.0593913330982776,,,2.1488372093023256,,,,,,,,,,,,,,,,,,,,,52.0,,,,,,,,,,,,,,,,,,,,,,,,
is,TRIX,1.0,TRIX(5),{'trix_timeperiod': 5},"TRIX crossing 0: buy on cross above, sell on cross below",0.8176826416870886,0.12381946823632717,81768.26416870886,-0.2521409557616612,0.15763404827188177,0.8195524230844962,1.169267914079431,,,,,,0.09513275736232274,37.0,54.054054054054056,2.31073823417648,0.018614302175224015,0.06070902674688785,0.030908903203203993,1.9641274990500084,,,7.227906976744187,,,,,,,,,,,,,,,,,,,,,,5.0,,,,,,,,,,,,,,,,,,,,,,,
is,TRIX,2.0,TRIX(6),{'trix_timeperiod': 6},"TRIX crossing 0: buy on cross above, sell on cross below",0.7848752019567591,0.11982794772862992,78487.52019567591,-0.26078409983084716,0.15530369469702437,0.8065574608928585,1.1529773697552443,,,,,,0.10183509406935701,33.0,48.484848484848484,2.319551783013676,0.021316384344231255,0.07728320670772994,0.03135827199788514,2.4645237694520303,,,6.446511627906977,,,,,,,,,,,,,,,,,,,,,,6.0,,,,,,,,,,,,,,,,,,,,,,,
is,TRIX,3.0,TRIX(8),{'trix_timeperiod': 8},"TRIX crossing 0: buy on cross above, sell on cross below",0.7458039020891682,0.11499657077683101,74580.39020891683,-0.24536096917055528,0.15370278723204422,0.785442095658782,1.0850776127482753,,,,,,0.08513067603284523,23.0,56.52173913043478,2.7097018670886803,0.0282767760859437,0.07928946749301588,0.03803972274325014,2.0843860516066774,,,4.493023255813954,,,,,,,,,,,,,,,,,,,,,,8.0,,,,,,,,,,,,,,,,,,,,,,,
is,TRIX,4.0,TRIX(7),{'trix_timeperiod': 7},"TRIX crossing 0: buy on cross above, sell on cross below",0.6518922309071422,0.10301768002219713,65189.22309071422,-0.26402213685130915,0.15303846810525015,0.7175688724783286,0.9907080695738018,,,,,,0.1040132138860359,29.0,51.724137931034484,2.3667920639845788,0.020610474565715513,0.06900052362276589,0.031236006566838455,2.209005926385607,,,5.665116279069768,,,,,,,,,,,,,,,,,,,,,,7.0,,,,,,,,,,,,,,,,,,,,,,,
is,TRIX,5.0,TRIX(4),{'trix_timeperiod': 4},"TRIX crossing 0: buy on cross above, sell on cross below",0.6878192431398762,0.10766353038882115,68781.92431398762,-0.320130479707625,0.16196323477525942,0.7124942711315532,1.0103970919185923,,,,,,0.11086929328792769,52.0,51.92307692307693,1.8262903534322417,0.011963425747202308,0.05092514572797168,0.03011523183202861,1.6910095865113346,,,10.158139534883722,,,,,,,,,,,,,,,,,,,,,,4.0,,,,,,,,,,,,,,,,,,,,,,,
is,VORTEX,1.0,VORTEX(99),{'vortex_timeperiod': 99},"VORTEX VI+/VI- crossover: buy when VI+ crosses above VI-, sell when VI- crosses above VI+",1.0993933737540664,0.15590103771711217,109939.33737540664,-0.2517511577790732,0.1705602688886732,0.9351745716663724,1.3206349176749839,,,,,,0.05842674348500557,12.0,66.66666666666666,12.89173596415695,0.08154571110486146,0.13260458099750072,0.020572028680417104,6.445867982078475,,,2.344186046511628,,,,,,,,,,,,,,,,,,,,,,,99.0,,,,,,,,,,,,,,,,,,,,,,
is,VORTEX,2.0,VORTEX(100),{'vortex_timeperiod': 100},"VORTEX VI+/VI- crossover: buy when VI+ crosses above VI-, sell when VI- crosses above VI+",1.04314131547428,0.14978445520502826,104314.13154742798,-0.2517511577790733,0.17156170150265254,0.8997609697168714,1.272258958454958,,,,,,0.05447920419625545,13.0,53.84615384615385,11.655287020401486,0.07307035114093832,0.1484377376867411,0.01485826649583151,9.990246017486989,,,2.5395348837209304,,,,,,,,,,,,,,,,,,,,,,,100.0,,,,,,,,,,,,,,,,,,,,,,
is,VORTEX,3.0,VORTEX(101),{'vortex_timeperiod': 101},"VORTEX VI+/VI- crossover: buy when VI+ crosses above VI-, sell when VI- crosses above VI+",0.9987198308866951,0.14485777569965208,99871.98308866951,-0.2517511577790733,0.16887626897753621,0.8860449799619241,1.236172128671773,,,,,,0.06590049978210231,17.0,58.82352941176471,11.594699531263645,0.05396231345649482,0.10039459588062569,0.012369518577977847,8.116289671884552,,,3.32093023255814,,,,,,,,,,,,,,,,,,,,,,,101.0,,,,,,,,,,,,,,,,,,,,,,
is,VORTEX,4.0,VORTEX(103),{'vortex_timeperiod': 103},"VORTEX VI+/VI- crossover: buy when VI+ crosses above VI-, sell when VI- crosses above VI+",0.9847873958944504,0.14329441619961303,98478.73958944505,-0.25175115777907353,0.16891030482034455,0.8777884378374573,1.2267394574417132,,,,,,0.05901787732294902,14.0,71.42857142857143,16.151365586776024,0.06480297973117403,0.09671202605854864,0.014969636087262476,6.460546234710408,,,2.734883720930233,,,,,,,,,,,,,,,,,,,,,,,103.0,,,,,,,,,,,,,,,,,,,,,,
is,VORTEX,5.0,VORTEX(102),{'vortex_timeperiod': 102},"VORTEX VI+/VI- crossover: buy when VI+ crosses above VI-, sell when VI- crosses above VI+",0.9752224764768977,0.14221601615360036,97522.24764768977,-0.2517511577790734,0.16919472012175085,0.871018596009957,1.217114759292776,,,,,,0.059434445837777926,13.0,61.53846153846154,11.58796637143077,0.06963861776286628,0.12385061873831293,0.017100583797848363,7.242478982144231,,,2.5395348837209304,,,,,,,,,,,,,,,,,,,,,,,102.0,,,,,,,,,,,,,,,,,,,,,,
is,ALMA,1.0,"ALMA(2,99,0.10,7)","{'alma_fast_length': 2, 'alma_slow_length': 99, 'alma_offset': 10, 'alma_sigma': 7}","ALMA fast/slow crossover: buy when fast crosses above slow, sell when fast crosses below slow",1.1358040170401493,0.1597902036307064,113580.40170401493,-0.18317994935797188,0.16137096056103306,0.9996303212413343,1.4254806931377932,,,,,,0.06385208180373238,16.0,62.5,13.241837961677934,0.05722302487493104,0.0990358507201862,0.01246501820049419,7.94510277700676,,,3.1255813953488376,,,,,,,,,,,,,,,,,,,,,,,,2.0,99.0,10.0,7.0,,,,,,,,,,,,,,,,,,
is,ALMA,2.0,"ALMA(6,97,0.16,1)","{'alma_fast_length': 6, 'alma_slow_length': 97, 'alma_offset': 16, 'alma_sigma': 1}","ALMA fast/slow crossover: buy when fast crosses above slow, sell when fast crosses below slow",1.0939410518223789,0.15531398999148838,109394.1051822379,-0.18317994935797177,0.15690199465764829,0.9990960928588499,1.4003250870542625,,,,,,0.06749980288171757,11.0,81.81818181818183,9.20273919090513,0.0799567849509122,0.10963865761501027,0.05361164203752913,2.045053153534473,,,2.1488372093023256,,,,,,,,,,,,,,,,,,,,,,,,6.0,97.0,16.0,1.0,,,,,,,,,,,,,,,,,,
is,ALMA,3.0,"ALMA(6,95,0.18,1)","{'alma_fast_length': 6, 'alma_slow_length': 95, 'alma_offset': 18, 'alma_sigma': 1}","ALMA fast/slow crossover: buy when fast crosses above slow, sell when fast crosses below slow",1.0484184560424008,0.1503639862280406,104841.84560424008,-0.17362279846591033,0.1532033932809302,0.991287198911136,1.4096928695325908,,,,,,0.06633866757402784,13.0,69.23076923076923,7.633211492584008,0.06594945625458143,0.10962144260613346,0.03231251303641064,3.392538441148448,,,2.5395348837209304,,,,,,,,,,,,,,,,,,,,,,,,6.0,95.0,18.0,1.0,,,,,,,,,,,,,,,,,,
is,ALMA,4.0,"ALMA(6,92,0.10,1)","{'alma_fast_length': 6, 'alma_slow_length': 92, 'alma_offset': 10, 'alma_sigma': 1}","ALMA fast/slow crossover: buy when fast crosses above slow, sell when fast crosses below slow",1.0456494100469698,0.15006004198526246,104564.94100469697,-0.178732533423816,0.15319619612504737,0.9896016919844262,1.406857412706597,,,,,,0.06822074201202033,14.0,71.42857142857143,7.239170443495319,0.06079542295637715,0.09875540444550857,0.034104530766451355,2.895668177398128,,,2.734883720930233,,,,,,,,,,,,,,,,,,,,,,,,6.0,92.0,10.0,1.0,,,,,,,,,,,,,,,,,,
is,ALMA,5.0,"ALMA(2,98,0.12,9)","{'alma_fast_length': 2, 'alma_slow_length': 98, 'alma_offset': 12, 'alma_sigma': 9}","ALMA fast/slow crossover: buy when fast crosses above slow, sell when fast crosses below slow",1.117007559444536,0.157789199243612,111700.75594445359,-0.18317994935797177,0.16133005106475948,0.9891327965435723,1.4101535587431488,,,,,,0.06416884506855712,16.0,62.5,11.86652332817079,0.05668127009562551,0.0990358507201862,0.013909697611975629,7.119913996902474,,,3.1255813953488376,,,,,,,,,,,,,,,,,,,,,,,,2.0,98.0,12.0,9.0,,,,,,,,,,,,,,,,,,
oos,Triple EMA,1.0,"EMA(4,91,127)","{'ema1_period': 4, 'ema2_period': 91, 'ema3_period': 127}",,,,,,,,,,,,,,,,,,,,,,,,,,,,,,,,,,,,,,,,,,,,,,,,,,,,0.9767408270566129,1.008509567895698,-0.13224723481777578,53.333333333333336,1.089477685029255,0.6626409239403322,-0.16232563706562075,55.55555555555556,9.0,7.140129302049972,11.542146580723163,-34.295028521845026,3.0,,,,,
oos,Triple EMA,2.0,"EMA(4,98,127)","{'ema1_period': 4, 'ema2_period': 98, 'ema3_period': 127}",,,,,,,,,,,,,,,,,,,,,,,,,,,,,,,,,,,,,,,,,,,,,,,,,,,,0.9690389209569004,1.043586597231569,-0.15363694140291673,76.92307692307693,1.1265719157571525,0.7025158077517567,-0.15432159067227957,60.0,10.0,11.863224011913475,16.256622039978797,-32.68255747866122,2.0,,,,,
oos,Triple EMA,3.0,"EMA(4,99,127)","{'ema1_period': 4, 'ema2_period': 99, 'ema3_period': 127}",,,,,,,,,,,,,,,,,,,,,,,,,,,,,,,,,,,,,,,,,,,,,,,,,,,,0.9627106154517944,1.0333957264233795,-0.15363694140291673,76.92307692307693,1.1416185415701998,0.7173440715937764,-0.15432159067227813,54.54545454545454,11.0,14.994577775461613,18.58376995608852,-30.58379735355297,1.0,,,,,
oos,Triple EMA,4.0,"EMA(4,91,124)","{'ema1_period': 4, 'ema2_period': 91, 'ema3_period': 124}",,,,,,,,,,,,,,,,,,,,,,,,,,,,,,,,,,,,,,,,,,,,,,,,,,,,0.9608999574399102,0.9847411529883402,-0.14054470737771263,50.0,1.089477685029255,0.6626409239403322,-0.16232563706562075,55.55555555555556,9.0,7.140129302049972,13.3809692251324,-32.709126461359716,4.0,,,,,
oos,Triple EMA,5.0,"EMA(4,91,125)","{'ema1_period': 4, 'ema2_period': 91, 'ema3_period': 125}",,,,,,,,,,,,,,,,,,,,,,,,,,,,,,,,,,,,,,,,,,,,,,,,,,,,0.9608999574399102,0.9847411529883402,-0.14054470737771263,50.0,1.089477685029255,0.6626409239403322,-0.16232563706562075,55.55555555555556,9.0,7.140129302049972,13.3809692251324,-32.709126461359716,5.0,,,,,
oos,MACD,1.0,"MACD(16,82,46)","{'macd_fast_period': 16, 'macd_slow_period': 82, 'macd_signal_period': 46}",,,,,,,,,,,,,,,,,,,,,,,,,,,,,,,,,,,,,,,,,,,,,,,,,,,,0.8256335317660072,0.688192334069272,-0.1758156359086237,68.75,1.1610940276551578,0.5284367539103247,-0.09919090328970659,75.0,8.0,7.437954622752085,40.630677289912136,-23.213798272688493,3.0,,,,,
oos,MACD,2.0,"MACD(16,83,46)","{'macd_fast_period': 16, 'macd_slow_period': 83, 'macd_signal_period': 46}",,,,,,,,,,,,,,,,,,,,,,,,,,,,,,,,,,,,,,,,,,,,,,,,,,,,0.8256335317660072,0.688192334069272,-0.1758156359086237,68.75,1.1804173002740268,0.5401904451070098,-0.09919090328970659,75.0,8.0,8.318715805887287,42.971094905647426,-21.505890379093458,1.0,,,,,
oos,MACD,3.0,"MACD(16,86,45)","{'macd_fast_period': 16, 'macd_slow_period': 86, 'macd_signal_period': 45}",,,,,,,,,,,,,,,,,,,,,,,,,,,,,,,,,,,,,,,,,,,,,,,,,,,,0.8256335317660072,0.688192334069272,-0.1758156359086237,68.75,1.1784558614763412,0.539032187063063,-0.09919090328970614,75.0,8.0,8.30539342676483,42.73352718071622,-21.674194788574162,2.0,,,,,
oos,MACD,4.0,"MACD(17,85,42)","{'macd_fast_period': 17, 'macd_slow_period': 85, 'macd_signal_period': 42}",,,,,,,,,,,,,,,,,,,,,,,,,,,,,,,,,,,,,,,,,,,,,,,,,,,,0.8256335317660072,0.688192334069272,-0.1758156359086237,68.75,1.140985364605138,0.5161824783742545,-0.09835574215593523,75.0,8.0,7.324208943982251,38.19513388277751,-24.99444518335821,4.0,,,,,
oos,MACD,5.0,"MACD(17,84,43)","{'macd_fast_period': 17, 'macd_slow_period': 84, 'macd_signal_period': 43}",,,,,,,,,,,,,,,,,,,,,,,,,,,,,,,,,,,,,,,,,,,,,,,,,,,,0.8256335317660072,0.688192334069272,-0.1758156359086237,68.75,1.1334945728131696,0.5118204276273997,-0.09919090328970603,75.0,8.0,7.28265976541667,37.28785583461662,-25.628286993403094,5.0,,,,,
oos,AROON,1.0,AROON(21),{'aroon_timeperiod': 21},,,,,,,,,,,,,,,,,,,,,,,,,,,,,,,,,,,,,,,,,,,,,,,,,,,,0.9731568706319357,1.00916742806531,-0.19486888644417766,50.0,0.8096292301842744,0.37638825437965845,-0.14998901801211606,46.666666666666664,15.0,2.7846262291566104,-16.80383146670607,-62.70309128969432,5.0,,,,,
oos,AROON,2.0,AROON(20),{'aroon_timeperiod': 20},,,,,,,,,,,,,,,,,,,,,,,,,,,,,,,,,,,,,,,,,,,,,,,,,,,,0.9308473988283964,0.9401887688407097,-0.20233813899544273,61.53846153846154,0.9859257053222873,0.517935522467308,-0.1407701860755255,52.94117647058824,17.0,3.149911899176293,5.917007080130939,-44.911539083162715,2.0,,,,,
oos,AROON,3.0,AROON(22),{'aroon_timeperiod': 22},,,,,,,,,,,,,,,,,,,,,,,,,,,,,,,,,,,,,,,,,,,,,,,,,,,,0.9223114159387558,0.9103552565576905,-0.1969525000692598,50.0,0.8573122193001819,0.40144735460815967,-0.14998901801211673,46.666666666666664,15.0,2.958431692106035,-7.047424060388084,-55.90212153811852,4.0,,,,,
oos,AROON,4.0,AROON(23),{'aroon_timeperiod': 23},,,,,,,,,,,,,,,,,,,,,,,,,,,,,,,,,,,,,,,,,,,,,,,,,,,,0.9095428694868085,0.8818370670635184,-0.1737407210220998,60.86956521739131,1.0169095666982326,0.4959813415091191,-0.1499890180121164,61.53846153846154,13.0,3.9214451599617304,11.804468026009992,-43.7558977691064,1.0,,,,,
oos,AROON,5.0,AROON(19),{'aroon_timeperiod': 19},,,,,,,,,,,,,,,,,,,,,,,,,,,,,,,,,,,,,,,,,,,,,,,,,,,,0.8812400279872766,0.8688909223491044,-0.21179634963460603,55.55555555555556,0.907982856004389,0.47494425155620906,-0.1648109969535162,50.0,20.0,2.4058550936697913,3.0346814906027486,-45.33902480277205,3.0,,,,,
oos,STC,1.0,"STC(45,81,23)","{'stc_ema_short_period': 45, 'stc_ema_long_period': 81, 'stc_cycle_period': 23}",,,,,,,,,,,,,,,,,,,,,,,,,,,,,,,,,,,,,,,,,,,,,,,,,,,,0.9569364588180276,0.9081698453922094,-0.15609227571022544,57.89473684210527,1.2685248118989336,0.6089710641648016,-0.09919090328970648,63.63636363636363,11.0,4.407212579673063,32.561028499819976,-32.94524507122271,5.0,,,,,
oos,STC,2.0,"STC(46,79,23)","{'stc_ema_short_period': 46, 'stc_ema_long_period': 79, 'stc_cycle_period': 23}",,,,,,,,,,,,,,,,,,,,,,,,,,,,,,,,,,,,,,,,,,,,,,,,,,,,0.951092000956474,0.8997062011772745,-0.15609227571022477,52.63157894736842,1.288268886843058,0.6219501815870873,-0.09919090328970603,63.63636363636363,11.0,4.861578809429439,35.45155311447255,-30.871857860570568,4.0,,,,,
oos,STC,3.0,"STC(49,73,23)","{'stc_ema_short_period': 49, 'stc_ema_long_period': 73, 'stc_cycle_period': 23}",,,,,,,,,,,,,,,,,,,,,,,,,,,,,,,,,,,,,,,,,,,,,,,,,,,,0.9375401224454616,0.8800067707477789,-0.15609227571022477,55.55555555555556,1.4245294677008835,0.7124872421477677,-0.09919090328970548,72.72727272727273,11.0,6.5606854052781,51.94330712857048,-19.03616360333941,1.0,,,,,
oos,STC,4.0,"STC(48,75,23)","{'stc_ema_short_period': 48, 'stc_ema_long_period': 75, 'stc_cycle_period': 23}",,,,,,,,,,,,,,,,,,,,,,,,,,,,,,,,,,,,,,,,,,,,,,,,,,,,0.9358616189730787,0.8779350984471014,-0.15609227571022477,55.55555555555556,1.4022764109960153,0.6987444538501727,-0.09919090328970581,72.72727272727273,11.0,6.48408655011362,49.83800837294019,-20.41046598021682,2.0,,,,,
oos,STC,5.0,"STC(39,99,23)","{'stc_ema_short_period': 39, 'stc_ema_long_period': 99, 'stc_cycle_period': 23}",,,,,,,,,,,,,,,,,,,,,,,,,,,,,,,,,,,,,,,,,,,,,,,,,,,,0.9339859781894357,0.8677975017094148,-0.16991512615513138,68.42105263157895,1.3087512888392057,0.6361442897956066,-0.09919090328970559,60.0,10.0,5.040112761731039,40.12536798210456,-26.694385666873956,3.0,,,,,
oos,KAMA,1.0,"KAMA(25,5,64)","{'kama_period': 25, 'kama_fast_ema_constant': 5, 'kama_slow_ema_constant': 64}",,,,,,,,,,,,,,,,,,,,,,,,,,,,,,,,,,,,,,,,,,,,,,,,,,,,0.8539896515450488,0.8694916549863552,-0.1812785009527439,43.333333333333336,1.0568502523844714,0.7380326492030252,-0.14667331161164376,45.45454545454545,11.0,4.644099342105888,23.75445656424579,-15.119064689055916,5.0,,,,,
oos,KAMA,2.0,"KAMA(25,5,61)","{'kama_period': 25, 'kama_fast_ema_constant': 5, 'kama_slow_ema_constant': 61}",,,,,,,,,,,,,,,,,,,,,,,,,,,,,,,,,,,,,,,,,,,,,,,,,,,,0.8511747687082086,0.8650200209147145,-0.18127850095274411,45.16129032258064,1.1239298966041114,0.8001748789895575,-0.131166004573812,41.66666666666667,12.0,4.705906001019888,32.044550417049074,-7.496374691603851,1.0,,,,,
oos,KAMA,3.0,"KAMA(25,5,62)","{'kama_period': 25, 'kama_fast_ema_constant': 5, 'kama_slow_ema_constant': 62}",,,,,,,,,,,,,,,,,,,,,,,,,,,,,,,,,,,,,,,,,,,,,,,,,,,,0.8511747687082086,0.8650200209147145,-0.18127850095274411,45.16129032258064,1.1149361562025164,0.7914467585538161,-0.131166004573812,45.45454545454545,11.0,6.14495226585899,30.987923654575322,-8.505382601792093,3.0,,,,,
oos,KAMA,4.0,"KAMA(25,5,63)","{'kama_period': 25, 'kama_fast_ema_constant': 5, 'kama_slow_ema_constant': 63}",,,,,,,,,,,,,,,,,,,,,,,,,,,,,,,,,,,,,,,,,,,,,,,,,,,,0.8511747687082086,0.8650200209147145,-0.18127850095274411,45.16129032258064,1.1149361562025164,0.7914467585538161,-0.131166004573812,45.45454545454545,11.0,6.14495226585899,30.987923654575322,-8.505382601792093,4.0,,,,,
oos,KAMA,5.0,"KAMA(25,5,60)","{'kama_period': 25, 'kama_fast_ema_constant': 5, 'kama_slow_ema_constant': 60}",,,,,,,,,,,,,,,,,,,,,,,,,,,,,,,,,,,,,,,,,,,,,,,,,,,,0.8511747687082086,0.8650200209147145,-0.18127850095274411,45.16129032258064,1.1239298966041114,0.8001748789895575,-0.131166004573812,41.66666666666667,12.0,4.705906001019888,32.044550417049074,-7.496374691603851,2.0,,,,,
oos,SUPERTREND,1.0,"SUPERTREND(ATR=5,Factor=2)","{'supertrend_atr_length': 5, 'supertrend_factor': 2}",,,,,,,,,,,,,,,,,,,,,,,,,,,,,,,,,,,,,,,,,,,,,,,,,,,,0.7887954044333757,0.7279860675589555,-0.2358981924253074,50.0,1.2357163269085405,0.7125447492983691,-0.1546575775950988,44.0,25.0,2.7579730004980205,56.65866205143608,-2.1211007941901117,3.0,,,,,
oos,SUPERTREND,2.0,"SUPERTREND(ATR=23,Factor=2)","{'supertrend_atr_length': 23, 'supertrend_factor': 2}",,,,,,,,,,,,,,,,,,,,,,,,,,,,,,,,,,,,,,,,,,,,,,,,,,,,0.758561369926694,0.8035826389983333,-0.31662662605057823,43.24324324324324,1.1249470757994264,0.625763007201506,-0.1718588593558027,37.03703703703704,27.0,2.524078809248554,48.30007437738878,-22.128356583024196,4.0,,,,,
oos,SUPERTREND,3.0,"SUPERTREND(ATR=22,Factor=2)","{'supertrend_atr_length': 22, 'supertrend_factor': 2}",,,,,,,,,,,,,,,,,,,,,,,,,,,,,,,,,,,,,,,,,,,,,,,,,,,,0.758561369926694,0.8035826389983333,-0.31662662605057823,43.24324324324324,0.8892935957533469,0.4310166475980771,-0.1721273569923646,34.61538461538461,26.0,2.1542129667200873,17.234231930276994,-46.363121018226586,5.0,,,,,
oos,SUPERTREND,4.0,"SUPERTREND(ATR=6,Factor=2)","{'supertrend_atr_length': 6, 'supertrend_factor': 2}",,,,,,,,,,,,,,,,,,,,,,,,,,,,,,,,,,,,,,,,,,,,,,,,,,,,0.7566105911371988,0.7135551991868635,-0.23943974666293177,48.57142857142857,1.3087371142636064,0.7761554002837047,-0.1321871794976368,44.0,25.0,3.071551632523679,72.97367094697313,8.773000486602529,1.0,,,,,
oos,SUPERTREND,5.0,"SUPERTREND(ATR=8,Factor=2)","{'supertrend_atr_length': 8, 'supertrend_factor': 2}",,,,,,,,,,,,,,,,,,,,,,,,,,,,,,,,,,,,,,,,,,,,,,,,,,,,0.7511808394093316,0.7200756242236552,-0.29749865150555865,50.0,1.2358219494309228,0.7219896604158913,-0.14312095019719828,42.30769230769231,26.0,2.801913854703624,64.51723534411158,0.2658104409935656,2.0,,,,,
oos,KALMAN,1.0,"KALMAN(Q=1,R=130)","{'kalman_process_noise': 1, 'kalman_measurement_noise': 130}",,,,,,,,,,,,,,,,,,,,,,,,,,,,,,,,,,,,,,,,,,,,,,,,,,,,0.8638142426181643,0.8396660179148893,-0.23954041518586655,49.2063492063492,1.22286108382386,0.7266401417729839,-0.13032093077768359,42.5531914893617,47.0,2.5289005563324296,41.56528377182672,-13.460813434200691,1.0,,,,,
oos,KALMAN,2.0,"KALMAN(Q=1,R=138)","{'kalman_process_noise': 1, 'kalman_measurement_noise': 138}",,,,,,,,,,,,,,,,,,,,,,,,,,,,,,,,,,,,,,,,,,,,,,,,,,,,0.8592840232492384,0.8340261351413926,-0.24849304265426564,50.0,1.1510351839748525,0.663938985357116,-0.1303209307776828,41.30434782608695,46.0,2.4188348341794503,33.952820351809414,-20.39350358672413,5.0,,,,,
oos,KALMAN,3.0,"KALMAN(Q=1,R=131)","{'kalman_process_noise': 1, 'kalman_measurement_noise': 131}",,,,,,,,,,,,,,,,,,,,,,,,,,,,,,,,,,,,,,,,,,,,,,,,,,,,0.8550780014594139,0.8280570812717741,-0.23954041518586733,50.0,1.22286108382386,0.7266401417729839,-0.13032093077768359,42.5531914893617,47.0,2.5289005563324296,43.011641246380826,-12.247578312237694,2.0,,,,,
oos,KALMAN,4.0,"KALMAN(Q=1,R=132)","{'kalman_process_noise': 1, 'kalman_measurement_noise': 132}",,,,,,,,,,,,,,,,,,,,,,,,,,,,,,,,,,,,,,,,,,,,,,,,,,,,0.8550780014594139,0.8280570812717741,-0.23954041518586733,50.0,1.22286108382386,0.7266401417729839,-0.13032093077768359,42.5531914893617,47.0,2.5289005563324296,43.011641246380826,-12.247578312237694,3.0,,,,,
oos,KALMAN,5.0,"KALMAN(Q=1,R=136)","{'kalman_process_noise': 1, 'kalman_measurement_noise': 136}",,,,,,,,,,,,,,,,,,,,,,,,,,,,,,,,,,,,,,,,,,,,,,,,,,,,0.8498075998588729,0.8203600716447468,-0.24849304265426453,50.79365079365079,1.1535884812261648,0.6655191238386963,-0.13032093077768359,42.5531914893617,47.0,2.4212191248783137,35.74701866843043,-18.874754288761103,4.0,,,,,
oos,RSI,1.0,RSI(79),{'rsi_timeperiod': 79},,,,,,,,,,,,,,,,,,,,,,,,,,,,,,,,,,,,,,,,,,,,,,,,,,,,0.8779214062251807,0.9359230465709583,-0.19302499545463692,58.333333333333336,1.3188653797394037,0.8939728830678519,-0.13438438940168096,57.14285714285714,7.0,22.557861778317488,50.225905233380765,-4.482223582035258,1.0,,,,,
oos,RSI,2.0,RSI(78),{'rsi_timeperiod': 78},,,,,,,,,,,,,,,,,,,,,,,,,,,,,,,,,,,,,,,,,,,,,,,,,,,,0.8652321965435098,0.9152311292821226,-0.19302499545463714,58.333333333333336,1.3188653797394037,0.8939728830678519,-0.13438438940168096,57.14285714285714,7.0,22.557861778317488,52.42906875265385,-2.3227188776833794,2.0,,,,,
oos,RSI,3.0,RSI(72),{'rsi_timeperiod': 72},,,,,,,,,,,,,,,,,,,,,,,,,,,,,,,,,,,,,,,,,,,,,,,,,,,,0.8553356435438404,0.9144379366608204,-0.1991325907576833,62.5,1.2882538860493824,0.857515481922782,-0.13438438940168085,55.55555555555556,9.0,18.312867465005674,50.6138433225895,-6.224857090454659,4.0,,,,,
oos,RSI,4.0,RSI(73),{'rsi_timeperiod': 73},,,,,,,,,,,,,,,,,,,,,,,,,,,,,,,,,,,,,,,,,,,,,,,,,,,,0.841466907765299,0.8917814007509196,-0.1991325907576833,64.70588235294117,1.2882538860493824,0.857515481922782,-0.13438438940168085,55.55555555555556,9.0,18.312867465005674,53.09620309022309,-3.842412366896656,5.0,,,,,
oos,RSI,5.0,RSI(77),{'rsi_timeperiod': 77},,,,,,,,,,,,,,,,,,,,,,,,,,,,,,,,,,,,,,,,,,,,,,,,,,,,0.8366326037676851,0.8565715155639813,-0.20215901305120143,53.84615384615385,1.297732693615857,0.8728797091981101,-0.13438438940168096,62.5,8.0,22.07206947590022,55.11380835167758,1.903891658525586,3.0,,,,,
oos,ADX,1.0,"ADX(DI=15,Smooth=22)","{'adx_di_length': 15, 'adx_smoothing_timeperiod': 22}",,,,,,,,,,,,,,,,,,,,,,,,,,,,,,,,,,,,,,,,,,,,,,,,,,,,1.2379255431912362,1.1458026433243909,-0.1562095473415085,64.70588235294117,1.3534679167443533,0.7184991961717035,-0.11964372276774449,50.0,14.0,12.000073334664998,9.3335479010524,-37.292936060343195,2.0,,,,,
oos,ADX,2.0,"ADX(DI=15,Smooth=21)","{'adx_di_length': 15, 'adx_smoothing_timeperiod': 21}",,,,,,,,,,,,,,,,,,,,,,,,,,,,,,,,,,,,,,,,,,,,,,,,,,,,1.190889131819314,1.086092545128715,-0.15620954734150838,61.111111111111114,1.2278787461702663,0.5269397320931598,-0.11964372276774393,46.15384615384615,13.0,9.62427220081796,3.106050207582587,-51.48298048296509,3.0,,,,,
oos,ADX,3.0,"ADX(DI=15,Smooth=32)","{'adx_di_length': 15, 'adx_smoothing_timeperiod': 32}",,,,,,,,,,,,,,,,,,,,,,,,,,,,,,,,,,,,,,,,,,,,,,,,,,,,1.1636902480440197,1.2851556045521437,-0.19377656880948047,55.00000000000001,1.4105796659427732,0.8429870701085189,-0.11964372276774382,58.82352941176471,17.0,13.325460414959233,21.216076899650556,-34.405836373231516,1.0,,,,,
oos,ADX,4.0,"ADX(DI=18,Smooth=22)","{'adx_di_length': 18, 'adx_smoothing_timeperiod': 22}",,,,,,,,,,,,,,,,,,,,,,,,,,,,,,,,,,,,,,,,,,,,,,,,,,,,1.1540875854550958,1.4588967035303246,-0.245456636201273,72.72727272727273,0.9345425370751455,0.29691814907237424,-0.09608354060219959,62.5,8.0,5.041293256423788,-19.0232570861055,-79.64776064310283,4.0,,,,,
oos,ADX,5.0,"ADX(DI=17,Smooth=65)","{'adx_di_length': 17, 'adx_smoothing_timeperiod': 65}",,,,,,,,,,,,,,,,,,,,,,,,,,,,,,,,,,,,,,,,,,,,,,,,,,,,1.1384518147461122,1.2192934706062355,-0.1818117108494932,52.63157894736842,0.7868088666567543,0.48522817089597897,-0.22768308447040198,52.94117647058824,17.0,4.378072441613322,-30.887820067095095,-60.204152437991624,5.0,,,,,
oos,DONCHIAN,1.0,DONCHIAN(50),{'donchian_timeperiod': 50},,,,,,,,,,,,,,,,,,,,,,,,,,,,,,,,,,,,,,,,,,,,,,,,,,,,0.709303798413294,0.47429833603006305,-0.1225045422874631,72.72727272727273,1.0397410148785327,0.5286868866752739,-0.1192018114839084,75.0,8.0,5.185274282481849,46.58613378420129,11.467160332133956,1.0,,,,,
oos,DONCHIAN,2.0,DONCHIAN(54),{'donchian_timeperiod': 54},,,,,,,,,,,,,,,,,,,,,,,,,,,,,,,,,,,,,,,,,,,,,,,,,,,,0.7019866866593074,0.4725827392000491,-0.12250454228746244,63.63636363636363,0.9544045572847655,0.47003294374903215,-0.11394329106733614,75.0,8.0,4.790489143509112,35.95764355969376,-0.5395447695218536,4.0,,,,,
oos,DONCHIAN,3.0,DONCHIAN(20),{'donchian_timeperiod': 20},,,,,,,,,,,,,,,,,,,,,,,,,,,,,,,,,,,,,,,,,,,,,,,,,,,,0.6947633533091303,0.498607595221737,-0.15484458446969285,48.0,0.8681834432718285,0.3627730366537679,-0.16945347736218475,47.368421052631575,19.0,2.302433516478185,24.9610301315844,-27.24277766117095,5.0,,,,,
oos,DONCHIAN,4.0,DONCHIAN(51),{'donchian_timeperiod': 51},,,,,,,,,,,,,,,,,,,,,,,,,,,,,,,,,,,,,,,,,,,,,,,,,,,,0.6946908753343387,0.46123640144878403,-0.12250454228746288,72.72727272727273,1.0285450525017912,0.5159180116519856,-0.11920181148390907,75.0,8.0,5.104035050291826,48.05794764567422,11.85544116453988,2.0,,,,,
oos,DONCHIAN,5.0,DONCHIAN(52),{'donchian_timeperiod': 52},,,,,,,,,,,,,,,,,,,,,,,,,,,,,,,,,,,,,,,,,,,,,,,,,,,,0.6650915536319003,0.4417511530003719,-0.12250454228746288,63.63636363636363,0.9907749001681777,0.4927363813343998,-0.1139432910673358,75.0,8.0,4.947021544423039,48.96819765005303,11.541617489334541,3.0,,,,,
oos,TRIX,1.0,TRIX(5),{'trix_timeperiod': 5},,,,,,,,,,,,,,,,,,,,,,,,,,,,,,,,,,,,,,,,,,,,,,,,,,,,0.8195524230844962,0.8176826416870886,-0.2521409557616612,54.054054054054056,1.0973013476210947,0.589038452451602,-0.15255758948393072,46.875,32.0,2.548425719802343,33.890318265578784,-27.96246093273242,1.0,,,,,
oos,TRIX,2.0,TRIX(6),{'trix_timeperiod': 6},,,,,,,,,,,,,,,,,,,,,,,,,,,,,,,,,,,,,,,,,,,,,,,,,,,,0.8065574608928585,0.7848752019567591,-0.26078409983084716,48.484848484848484,1.0704148643951927,0.5775712282198061,-0.12489899814682892,52.0,25.0,2.3881737148954767,32.71402426929934,-26.412348513512335,2.0,,,,,
oos,TRIX,3.0,TRIX(8),{'trix_timeperiod': 8},,,,,,,,,,,,,,,,,,,,,,,,,,,,,,,,,,,,,,,,,,,,,,,,,,,,0.785442095658782,0.7458039020891682,-0.24536096917055528,56.52173913043478,1.0443923812883804,0.5480850057540276,-0.14097601454839892,50.0,14.0,2.9907417947064956,32.968730229872186,-26.510842297993413,4.0,,,,,
oos,TRIX,4.0,TRIX(7),{'trix_timeperiod': 7},,,,,,,,,,,,,,,,,,,,,,,,,,,,,,,,,,,,,,,,,,,,,,,,,,,,0.7175688724783286,0.6518922309071422,-0.26402213685130915,51.724137931034484,1.0632173197883117,0.5775459757123566,-0.1350068675582594,44.44444444444444,18.0,2.422474183522043,48.16937586996879,-11.404684957102335,3.0,,,,,
oos,TRIX,5.0,TRIX(4),{'trix_timeperiod': 4},,,,,,,,,,,,,,,,,,,,,,,,,,,,,,,,,,,,,,,,,,,,,,,,,,,,0.7124942711315532,0.6878192431398762,-0.320130479707625,51.92307692307693,0.6512653773939749,0.3009180767932969,-0.19151386891838584,47.82608695652174,46.0,1.5691596422281597,-8.593598042597183,-56.25041320164088,5.0,,,,,
oos,VORTEX,1.0,VORTEX(99),{'vortex_timeperiod': 99},,,,,,,,,,,,,,,,,,,,,,,,,,,,,,,,,,,,,,,,,,,,,,,,,,,,0.9351745716663724,1.0993933737540664,-0.2517511577790732,66.66666666666666,1.0984356583172812,0.6681398167514973,-0.13438438940168107,70.0,10.0,11.983234249848207,17.45781927752767,-39.226501386849385,1.0,,,,,
oos,VORTEX,2.0,VORTEX(100),{'vortex_timeperiod': 100},,,,,,,,,,,,,,,,,,,,,,,,,,,,,,,,,,,,,,,,,,,,,,,,,,,,0.8997609697168714,1.04314131547428,-0.2517511577790733,53.84615384615385,1.077381515601879,0.6495466449163674,-0.13438438940168052,62.5,8.0,20.286959470683602,19.740859168507782,-37.73167304556035,2.0,,,,,
oos,VORTEX,3.0,VORTEX(101),{'vortex_timeperiod': 101},,,,,,,,,,,,,,,,,,,,,,,,,,,,,,,,,,,,,,,,,,,,,,,,,,,,0.8860449799619241,0.9987198308866951,-0.2517511577790733,58.82352941176471,1.0408119515757133,0.6307363751841171,-0.13917026383327935,57.14285714285714,7.0,24.32271478254697,17.467168723244722,-36.84551405932039,5.0,,,,,
oos,VORTEX,4.0,VORTEX(103),{'vortex_timeperiod': 103},,,,,,,,,,,,,,,,,,,,,,,,,,,,,,,,,,,,,,,,,,,,,,,,,,,,0.8777884378374573,0.9847873958944504,-0.25175115777907353,71.42857142857143,1.0683088594696226,0.6551110424584392,-0.13571496637880154,66.66666666666666,6.0,27.925541012864823,21.704594571960463,-33.47690626529363,3.0,,,,,
oos,VORTEX,5.0,VORTEX(102),{'vortex_timeperiod': 102},,,,,,,,,,,,,,,,,,,,,,,,,,,,,,,,,,,,,,,,,,,,,,,,,,,,0.871018596009957,0.9752224764768977,-0.2517511577790734,61.53846153846154,1.0530259621655202,0.6394836996619645,-0.1343843894016813,50.0,6.0,31.68754888350754,20.89592196875239,-34.42689077756163,4.0,,,,,
oos,ALMA,1.0,"ALMA(2,99,0.10,7)","{'alma_fast_length': 2, 'alma_slow_length': 99, 'alma_offset': 10, 'alma_sigma': 7}",,,,,,,,,,,,,,,,,,,,,,,,,,,,,,,,,,,,,,,,,,,,,,,,,,,,0.9996303212413343,1.1358040170401493,-0.18317994935797188,62.5,0.8769779964017284,0.49184073411736373,-0.13968962152514475,50.0,12.0,4.840584781105485,-12.269768356695817,-56.69669003292689,1.0,,,,,
oos,ALMA,2.0,"ALMA(6,97,0.16,1)","{'alma_fast_length': 6, 'alma_slow_length': 97, 'alma_offset': 16, 'alma_sigma': 1}",,,,,,,,,,,,,,,,,,,,,,,,,,,,,,,,,,,,,,,,,,,,,,,,,,,,0.9990960928588499,1.0939410518223789,-0.18317994935797177,81.81818181818183,0.7900170284079853,0.41769694722898026,-0.18514020940656328,57.14285714285714,7.0,4.776254210280658,-20.926822349249534,-61.81723443569966,5.0,,,,,
oos,ALMA,3.0,"ALMA(6,95,0.18,1)","{'alma_fast_length': 6, 'alma_slow_length': 95, 'alma_offset': 18, 'alma_sigma': 1}",,,,,,,,,,,,,,,,,,,,,,,,,,,,,,,,,,,,,,,,,,,,,,,,,,,,0.991287198911136,1.0484184560424008,-0.17362279846591033,69.23076923076923,0.8002008955457905,0.4245775630080959,-0.18514020940656417,57.14285714285714,7.0,4.845823864430151,-19.276583373137598,-59.50304379314314,4.0,,,,,
oos,ALMA,4.0,"ALMA(6,92,0.10,1)","{'alma_fast_length': 6, 'alma_slow_length': 92, 'alma_offset': 10, 'alma_sigma': 1}",,,,,,,,,,,,,,,,,,,,,,,,,,,,,,,,,,,,,,,,,,,,,,,,,,,,0.9896016919844262,1.0456494100469698,-0.178732533423816,71.42857142857143,0.8735033326514022,0.4746675664398521,-0.18514020940656373,57.14285714285714,7.0,6.547710370975928,-11.73182708491681,-54.605476569959485,2.0,,,,,
oos,ALMA,5.0,"ALMA(2,98,0.12,9)","{'alma_fast_length': 2, 'alma_slow_length': 98, 'alma_offset': 12, 'alma_sigma': 9}",,,,,,,,,,,,,,,,,,,,,,,,,,,,,,,,,,,,,,,,,,,,,,,,,,,,0.9891327965435723,1.117007559444536,-0.18317994935797177,62.5,0.8074600291539293,0.44381277135148833,-0.16508485579364185,45.45454545454545,11.0,4.48205983273631,-18.3668732878417,-60.26770207605515,3.0,,,,,
full,Triple EMA,,"EMA(4,99,127)","{'ema1_period': 4, 'ema2_period': 99, 'ema3_period': 127}",,3.008522023555924,0.17663702220526667,,-0.15432159067227824,0.16044619365428509,,,,,,,,,23.0,60.86956521739131,7.713959732959781,,0.11935957040814439,0.02707808381754509,,,,2.6945606694560666,,,,,,,,,,,,,,,,,,,,,,,,,,,,,,,,,,,,,,,,,oos,0.9627106154517944,1.1416185415701998,1.0945703581797825,1.547670948763201
full,MACD,,"MACD(16,83,46)","{'macd_fast_period': 16, 'macd_slow_period': 83, 'macd_signal_period': 46}",,2.135593120448296,0.1432632446085742,,-0.1758156359086237,0.13289849712647075,,,,,,,,,24.0,70.83333333333334,5.736641608506057,0.05313093132934044,0.0908441450256705,0.03845830193317535,,,,2.811715481171548,,,,,,,,,,,,,,,,,,,,,,,,,,,,,,,,,,,,,,,,,oos,0.8256335317660072,1.1804173002740268,1.0742742432989343,1.5468393320493659
full,AROON,,AROON(23),{'aroon_timeperiod': 23},,2.2617200809726414,0.14855752093405594,,-0.1737407210220998,0.1437343995411451,,,,,,,,,37.0,62.16216216216216,3.7882770761013607,0.03567188959157662,0.07796610006778328,0.0338114561907629,,,,4.334728033472803,,,,,,,,,,,,,,,,,,,,,,,,,,,,,,,,,,,,,,,,,oos,0.9095428694868085,1.0169095666982326,1.0358009258590783,1.4924035808535014
full,STC,,"STC(49,73,23)","{'stc_ema_short_period': 49, 'stc_ema_long_period': 73, 'stc_cycle_period': 23}",,2.6688271281422384,0.1644935396970839,,-0.15609227571022477,0.13645097340207613,,,,,,,,,31.0,61.29032258064516,4.634170419772148,0.04631297007098597,0.09635570600998801,0.03292136183243391,,,,3.631799163179916,,,,,,,,,,,,,,,,,,,,,,,,,,,,,,,,,,,,,,,,,oos,0.9375401224454616,1.4245294677008835,1.1846015188612449,1.7490715729447408
full,KAMA,,"KAMA(25,5,61)","{'kama_period': 25, 'kama_fast_ema_constant': 5, 'kama_slow_ema_constant': 61}",,2.455925283963677,0.15636624103655805,,-0.20900290950968958,0.1619666488212308,,,,,,,,,43.0,44.18604651162791,3.966743857905476,,0.09499843406094499,0.019783724404422384,,,,5.03765690376569,,,,,,,,,,,,,,,,,,,,,,,,,,,,,,,,,,,,,,,,,oos,0.8511747687082086,1.1239298966041114,0.9784192146537544,1.3752685554930333
full,SUPERTREND,,"SUPERTREND(ATR=6,Factor=2)","{'supertrend_atr_length': 6, 'supertrend_factor': 2}",,1.8944234448055643,0.1325938969914553,,-0.23943974666293177,0.14789589014167048,,,,,,,,,60.0,46.666666666666664,2.325506438937173,0.020311477965240833,0.0763607964768954,0.028731675732456916,,,,7.02928870292887,,,,,,,,,,,,,,,,,,,,,,,,,,,,,,,,,,,,,,,,,oos,0.7566105911371988,1.3087371142636064,0.9161920780527427,1.3024134277788308
full,KALMAN,,"KALMAN(Q=1,R=130)","{'kalman_process_noise': 1, 'kalman_measurement_noise': 130}",,2.0208129001388473,0.1382792435255522,,-0.23954041518586655,0.14663363911096217,,,,,,,,,110.0,46.36363636363636,2.1515638675841617,0.011454552487197692,0.04616011140989626,0.018545167937507854,,,,12.887029288702928,,,,,,,,,,,,,,,,,,,,,,,,,,,,,,,,,,,,,,,,,oos,0.8638142426181643,1.22286108382386,0.9569394067345317,1.3634836718026289
full,RSI,,RSI(79),{'rsi_timeperiod': 79},,2.8307969699704927,0.17040219826111414,,-0.21617933506181564,0.1646912692167744,,,,,,,,,22.0,50.0,7.371820214881964,,0.15995899034142577,0.02386858119794579,,,,2.5774058577405854,,,,,,,,,,,,,,,,,,,,,,,,,,,,,,,,,,,,,,,,,oos,0.8779214062251807,1.3188653797394037,1.038237686866854,1.4699392192176128
full,ADX,,"ADX(DI=15,Smooth=32)","{'adx_di_length': 15, 'adx_smoothing_timeperiod': 32}",,3.900674232863707,0.20466638591627118,,-0.19377656880948047,0.1478076609959149,,,,,,,,,38.0,57.89473684210527,10.651999958567712,0.04569249500001098,0.08710029651686774,0.011243232085667102,,,,4.451882845188284,,,,,,,,,,,,,,,,,,,,,,,,,,,,,,,,,,,,,,,,,oos,1.1636902480440197,1.4105796659427732,1.3341836342431512,1.9559889188656074
full,DONCHIAN,,DONCHIAN(50),{'donchian_timeperiod': 50},,1.3844861202864047,0.10716823334267134,,-0.1225045422874631,0.12470452912248253,,,,,,,,,18.0,72.22222222222221,4.73723158547388,0.053543125842168644,0.0939739496021072,0.05157701593367161,,,,2.108786610878661,,,,,,,,,,,,,,,,,,,,,,,,,,,,,,,,,,,,,,,,,oos,0.709303798413294,1.0397410148785327,0.8790749967354355,1.2320184080541574
full,TRIX,,TRIX(5),{'trix_timeperiod': 5},,1.6560373759737184,0.12124643633925847,,-0.2521409557616612,0.14830046958143736,,,,,,,,,70.0,50.0,2.2525085396972986,0.015946597521619962,0.05735665020734425,0.025463455164104313,,,,8.200836820083682,,,,,,,,,,,,,,,,,,,,,,,,,,,,,,,,,,,,,,,,,oos,0.8195524230844962,1.0973013476210947,0.8460786889667856,1.208433311659793
full,VORTEX,,VORTEX(99),{'vortex_timeperiod': 99},,2.906763567078558,0.17309781078815045,,-0.2517511577790732,0.16872360832377603,,,,,,,,,22.0,68.18181818181817,13.54332266171926,,0.11074643625466996,0.020442995973155676,,,,2.5774058577405854,,,,,,,,,,,,,,,,,,,,,,,,,,,,,,,,,,,,,,,,,oos,0.9351745716663724,1.0984356583172812,1.0310611467380935,1.4642829630026495
full,ALMA,,"ALMA(2,99,0.10,7)","{'alma_fast_length': 2, 'alma_slow_length': 99, 'alma_offset': 10, 'alma_sigma': 7}",,2.6786884547374554,0.16485980062041317,,-0.18317994935797188,0.16264182018248308,,,,,,,,,28.0,57.14285714285714,9.660846833991926,,0.09949254081313874,0.014979682991323372,,,,3.2803347280334725,,,,,,,,,,,,,,,,,,,,,,,,,,,,,,,,,,,,,,,,,oos,0.9996303212413343,0.8769779964017284,1.0199706608048216,1.452160209815762
